publication_id,publication_title,publication_year,publication_language,doi,chunk_id,chunk_index,page_number,chunk_text
17,METASOMATIC AND MAGMATIC PROCESSES IN THE MANTLE LITHOSPHERE OF THE BIREKTE TERRAIN OF THE SIBERIAN CRATON AND THEIR EFFECT ON THE LITHOSPHERE EVOLUTION,2015,en,10.5800/GT-2015-6-3-0184,2589,0,1,"[section: Metadata]
[page: 1]
- 2015 VOLUME 6 ISSUE 3 PAGES 311–344 ISSN 2078-502X METASOMATIC AND MAGMATIC PROCESSES IN THE MANTLE LITHOSPHERE OF THE BIREKTE TERRAIN OF THE SIBERIAN CRATON AND THEIR EFFECT ON THE LITHOSPHERE EVOLUTION L. V. Solov’eva1, Т. V. Kalashnikova2, S. I. Kostrovitsky2, А. V. Ivanov1, S. S. Matsuk3, L. F. Suvorova2 1 Institute of the Earth’s Crust, Siberian Branch of RAS, Irkutsk, Russia 2 A.P. Vinogradov Institute of Geochemistry, Siberian Branch of RAS, Irkutsk, Russia 3 M.P. Semenenko Institute of Geochemistry, Mineralogy and Ore Formation, National Academy of Sciences of Ukraine, Kiev, Ukraine"
17,METASOMATIC AND MAGMATIC PROCESSES IN THE MANTLE LITHOSPHERE OF THE BIREKTE TERRAIN OF THE SIBERIAN CRATON AND THEIR EFFECT ON THE LITHOSPHERE EVOLUTION,2015,en,10.5800/GT-2015-6-3-0184,2590,1,1,"[section: Abstract]
[page: 1]
Abstract: The area of studies covers the northeastern part of the Siberian craton (the Birekte terrain), Russia. The influence of metasomatic and magmatic processes on the mantle lithosphere is studied based on results of analyses of phlogopiteand phlogopite -amphibole-containing deep-seated xenoliths from kimberlites of the Kuoika field. In the kimberlitic pipes, deep -seated xenoliths with mantle phlogopite - and phlogopite-amphibole mineralization are deve - loped in two genetically different rock series: magnesian (Mg) pyroxenite -peridotite series (with magnesian composition of rocks and minerals) and phlogopite -ilmenite (Phl -Ilm) hyperbasite series (with ferrous types of rocks and minerals). This paper is focused on issues of petrography and mineralogy of the xenoliths and describes the evidence of metasomatic / magmatic genesis of phlogopite and amphibole. We repor t here the first data set of 40Ar/39Ar age determinations for phlogopite from the rocks of the magnesian pyroxenite -peridotite series and the ferrous Phl -Ilm hyperbasite series."
17,METASOMATIC AND MAGMATIC PROCESSES IN THE MANTLE LITHOSPHERE OF THE BIREKTE TERRAIN OF THE SIBERIAN CRATON AND THEIR EFFECT ON THE LITHOSPHERE EVOLUTION,2015,en,10.5800/GT-2015-6-3-0184,2591,2,1,"[section: Abstract]
[page: 1]
40Ar/39Ar age determinations for phlogopite from the rocks of the magnesian pyroxenite -peridotite series and the ferrous Phl -Ilm hyperbasite series. The Mg series is represented by a continuous transition of rocks from Sp, Sp -Grt, Grt clinopyroxenite and ortop yroxenite to websterite and lherzolite. Many researchers consider it as a layered intrusion in the mantle [Ukhanov et al., 1988; Solov’eva et al., 1994]. The mantle metasomatic phlogopite and amphibole are revealed in all petrographic types of the rocks in this series and compose transverse veins and irregular patchs at grain boundaries of primary minerals. At contacts of xenolith and its host kimberlite, grains of phlogopite and amphibole are often cut off, which gives an evidence of the development of metasomatic phlogopite -amphibole mineralization in the rocks before its’ entraiment into the kimberlite."
17,METASOMATIC AND MAGMATIC PROCESSES IN THE MANTLE LITHOSPHERE OF THE BIREKTE TERRAIN OF THE SIBERIAN CRATON AND THEIR EFFECT ON THE LITHOSPHERE EVOLUTION,2015,en,10.5800/GT-2015-6-3-0184,2592,3,1,"[section: Abstract]
[page: 1]
hich gives an evidence of the development of metasomatic phlogopite -amphibole mineralization in the rocks before its’ entraiment into the kimberlite. In the xenoliths with exsolution pyroxene megacrystalls, comprising parallel plates of clino - and orthopyroxene ± garnet ± spinel (former hightemperature pigeonite [ Solov’eva et al ., 1994]), the metasomatic phlo - gopite-amphibole aggregate mainly replace laminar intergrowths of one of pyroxenes and garnet and also develops in the re-crystallized fine-grained rock matrix. This suggests a considerable period of time between the crystallization of rocks of the pyroxenite-peridotite series and the development of phlogopite-amphibole metasomatism. The Phl-Ilm hyperbasites comprise a complex association of parageneses represented by garnet - and garnetless pyroxenites, websterites, olivine websterites, orthopyroxenites, lherzolites and olivinites. A specific feature of this series is high contents of K, Ti and Fe in the rocks and minerals. The content of phlogopite is widely variabl e, from a few percent to 40– 80 %. The content of ilmenite ranges from a few percent to 15 %, rarely to 30 –40 %."
17,METASOMATIC AND MAGMATIC PROCESSES IN THE MANTLE LITHOSPHERE OF THE BIREKTE TERRAIN OF THE SIBERIAN CRATON AND THEIR EFFECT ON THE LITHOSPHERE EVOLUTION,2015,en,10.5800/GT-2015-6-3-0184,2593,4,1,"[section: Abstract]
[page: 1]
tent of phlogopite is widely variabl e, from a few percent to 40– 80 %. The content of ilmenite ranges from a few percent to 15 %, rarely to 30 –40 %. Mica and ilmenite contents sharply decrease in garnetized xenolithes, where these two minerals, as soon as olivine and pyro - xenes are replaced by garnet. Euhedral, subhedral, sideronitic and porphyraceous structures in garnetless xenoliths suggest the primary ma gmatic genesis of the rocks. In the series of Phl -Ilm hyperbasites, a special type of parageneses is represented by strongly deformed phlo gopite-amphibole rocks with newly -formed chromite and relict resorbed ilmenite and clin opyroxene. Phl-Ilm rock series is also characterized by a variety of autometasomatic and metasomatic reaction structures. Garnet and phlogopite develop nearly simultaneously at the sub-solidus stage: garnet develops due to cooling of the primary magmatic rocks, and phlogopite develops under the influence of residual rich in potassium and volatiles fluids – melts."
17,METASOMATIC AND MAGMATIC PROCESSES IN THE MANTLE LITHOSPHERE OF THE BIREKTE TERRAIN OF THE SIBERIAN CRATON AND THEIR EFFECT ON THE LITHOSPHERE EVOLUTION,2015,en,10.5800/GT-2015-6-3-0184,2594,5,1,"[section: Abstract]
[page: 1]
due to cooling of the primary magmatic rocks, and phlogopite develops under the influence of residual rich in potassium and volatiles fluids – melts. Phlogopite in the rocks of the Phl-Ilm series form porphyraceous plates, late intergranular xenomorphic grains, porphyroblasts of the solidus stage and strongly deformed irregular plates in the phlogopite -amphibole rocks. Amphibole occurs in garnetless parageneses and deformed phlogopite -amphibole rocks in amounts of a few percent and up to 40 –50%, respectively. Petrographically, the differentiated series of phlogopite -ilmenite hyperbasites b elongs to mantle magmatites, except for younger deformed phlogopite-amphibole rocks from zones of deep faults. GEODYNAMICS & TECTONOPHYSICS PUBLISHED BY THE INSTITUTE OF THE EARTH’S CRUST SIBERIAN BRANCH OF RUSSIAN ACADEMY OF SCIENCES Paleogeodynamics 311"
17,METASOMATIC AND MAGMATIC PROCESSES IN THE MANTLE LITHOSPHERE OF THE BIREKTE TERRAIN OF THE SIBERIAN CRATON AND THEIR EFFECT ON THE LITHOSPHERE EVOLUTION,2015,en,10.5800/GT-2015-6-3-0184,2595,6,2,"[section: Abstract]
[page: 2]
L.V. Solov’eva et al.: Metasomatic and magmatic processes in the mantle lithosphere… Unlike corresponding minerals in the Mg pyroxenite -peridotite series, minerals from the Phl -Ilm hyperbasites are characterized by lower magnesium index (Mg#), considerably higher contents of TiO 2 and FeO, and lower contents of Cr2O3 (Table). In diagrams Mg# – TiO2 and Mg# – Cr2O3, metasomatic phlogopite points from Mg series rocks are significantly distant from points of mica from the phlogopite -ilmenite parageneses (Fig. 24). In the parageneses of the Mg pyroxenite-peridotite series, phlogopite plates have homogen ous compositions in contrast to zonal phlogopite in the Phl-Ilm hyperbasites. In Phl -Amph metasomatites of the Mg series, amphibole is represented by typical pargasite, and its chemical composition is sharply different from that of K -richterite from the de formed phlogopite-amphibole rocks of the series of the Phl-Ilm hyperbasites (Table). The 40Ar/39Ar age in the range from 1640 to 1800 Ma (Fig. 25) is determined for phlogopite from the metasomatic phlogopite-amphibole veinlets and intergranular reaction pa tches in the garnet olivine websterite of the Mg series."
17,METASOMATIC AND MAGMATIC PROCESSES IN THE MANTLE LITHOSPHERE OF THE BIREKTE TERRAIN OF THE SIBERIAN CRATON AND THEIR EFFECT ON THE LITHOSPHERE EVOLUTION,2015,en,10.5800/GT-2015-6-3-0184,2596,7,2,"[section: Abstract]
[page: 2]
r phlogopite from the metasomatic phlogopite-amphibole veinlets and intergranular reaction pa tches in the garnet olivine websterite of the Mg series. For mica from the garnetless Phl -Ilm websterites, ages are 869 and 851 Ma ( Fig. 25). Mica from the garnetcontaining Phl-Ilm lherzolites is much younger (608 and 495 Ma). The age of mica from the def ormed phlogopite-amphibole rock is 167 Ma, which is close to the age of kimberlites of the Kuoika field. Metasomatic phlogopite (1640 –1800 Ma) originated somewhat later than the Birekte terrain accretion to the S iberian craton (1.8 –1.9 Ga) [ Rosen, 2003], and its age determination may be explained by a partial loss of 40Ar in the analysed medium. This age is also close to the late episode when the crust was formed in the Birekte block 1.8 –2.1 Ga ago [Nasdala et al ., 2014], and corresponds to the time when r adiogenic osmium was supplied into the mantle lithosphere from the subduction zone (1.7–2.2 Ga, according to [Pernet et al., 2015]). In analyses of minerals in the pyrox enite-peridotite series from the Obnazhennaya pipe, data on the oxygen isotope geochemistry give evidence of an a ncient subduction component (Fig. 26)."
17,METASOMATIC AND MAGMATIC PROCESSES IN THE MANTLE LITHOSPHERE OF THE BIREKTE TERRAIN OF THE SIBERIAN CRATON AND THEIR EFFECT ON THE LITHOSPHERE EVOLUTION,2015,en,10.5800/GT-2015-6-3-0184,2597,8,2,"[section: Abstract]
[page: 2]
ite-peridotite series from the Obnazhennaya pipe, data on the oxygen isotope geochemistry give evidence of an a ncient subduction component (Fig. 26). It can be thus assumed that in the mantle lithosphere of the Birekte terrain, phlogopite-amphibole metasomatism took place due to fluids -melts ascending from the subduction zone about 1.8 Ga ago and correlates to the accretion of this block to the Siberian craton. The complex magmatic series of Phl -Ilm rocks formed later than the Mg pyroxenite -peridotite series. The more ancient ages of phlogopite (869– 851 Ma) from Phl - Ilm hyperbasites are somewhat higher than the most ancient dating of alkaline ultrabasic -carbonatite Tomtor massif (800 Ga, according to [Entin et al., 1990]) and the time when the breakup of Rodinia began (825 Ga, according to [ Li et al., 2008]). The difference may be explained by an advance occurrence of high-potassium, titanian, ferrous magmatites in the mantle lithosphere of the Birekte block as compared to their appearance on the surface."
17,METASOMATIC AND MAGMATIC PROCESSES IN THE MANTLE LITHOSPHERE OF THE BIREKTE TERRAIN OF THE SIBERIAN CRATON AND THEIR EFFECT ON THE LITHOSPHERE EVOLUTION,2015,en,10.5800/GT-2015-6-3-0184,2598,9,2,"[section: Abstract]
[page: 2]
urrence of high-potassium, titanian, ferrous magmatites in the mantle lithosphere of the Birekte block as compared to their appearance on the surface. Phlogopite from xen oliths with subsolidus garnetization is significantly younger in age (500 –600 Ma), may be, due to a loss of radiogenic argon caused by mica replacement. H 2O, K, Ba, F and Cl were abundantly released during the replacement and supplied into the upper layers of the crust and mantle. The mantle highpotassium and high titanian Phl-Ilm series seems comagmatic with the surficial potassium ultramafites and mafites of the Siberian Platform and associated with the earlier episode of the Rodinia breakup."
17,METASOMATIC AND MAGMATIC PROCESSES IN THE MANTLE LITHOSPHERE OF THE BIREKTE TERRAIN OF THE SIBERIAN CRATON AND THEIR EFFECT ON THE LITHOSPHERE EVOLUTION,2015,en,10.5800/GT-2015-6-3-0184,2599,10,2,"[section: Keywords]
[page: 2]
Key words: Siberian craton, Birekte terrain, lithosphere mantle, mantle xenolith, magmatism, mantle metasomatism, magnesian pyroxenite-peridotite series, ferrous Phl-Ilm hyperbasite series. Recommended by E.V. Sklyarov For citation: Solov’eva L.V., Kalashnikova Т.V., Kostrovitsky S.I., Ivanov А.V., Matsuk S.S., Suvorova L.F. 2015. Metasomatic and magmatic processes in the mantle lithosphere of the Birekte terrain of the Siberian craton and their effect on the lithosphere evolution . Geodynamics & Tectonophysics 6 (3), 311–344. doi: 10.5800/GT-2015-6-3-0184. МЕТАСОМАТИЧЕСКИЕ И МАГМАТИЧЕСКИЕ ПРОЦЕССЫ В МАНТИЙНОЙ ЛИТОСФЕРЕ БИРЕКТИНСКОГО ТЕРРЕЙНА СИБИРСКОГО КРАТОНА И ИХ ВЛИЯНИЕ НА ЭВОЛЮЦИЮ ЛИТОСФЕРЫ Л. В. Соловьева 1, Т. В. Калашникова2, С. И. Костровицкий2, А. В. Иванов1, С. С. Мацюк3, Л. Ф. Суворова2 1 Инcтитут земной коpы CО PАН, Иpкутcк, Pоccия 2 Институт геохимии им. А.П. Виноградова СО РАН, Иpкутcк, Pоccия 3 Институт геохимии, минералогии и рудообразования им. М.П. Семененко НАН Украины, Киев, Украина"
17,METASOMATIC AND MAGMATIC PROCESSES IN THE MANTLE LITHOSPHERE OF THE BIREKTE TERRAIN OF THE SIBERIAN CRATON AND THEIR EFFECT ON THE LITHOSPHERE EVOLUTION,2015,en,10.5800/GT-2015-6-3-0184,2600,11,2,"[section: Аннотация]
[page: 2]
Аннотация: Введение. Влияние процессов мантийного метасоматизма и магматизма на эволюцию лит осферной мантии в северо -восточном Биректинском террейне Сибирского кратона рассмотрено на примере флогопити флогопит-амфиболсодержащих глубинных ксенолитов из кимберлитов Куойкского поля (рис. 1). 312"
17,METASOMATIC AND MAGMATIC PROCESSES IN THE MANTLE LITHOSPHERE OF THE BIREKTE TERRAIN OF THE SIBERIAN CRATON AND THEIR EFFECT ON THE LITHOSPHERE EVOLUTION,2015,en,10.5800/GT-2015-6-3-0184,2601,12,3,"[section: Аннотация]
[page: 3]
Geodynamics & Tectonophysics 2015 Volume 6 Issue 3 Pages 311–344 Глубинные ксенолиты с мантийной флогопитовой и флогопит -амфиболовой минерализацией в кимберлит овых трубках поля развиты в д вух генетически разных сериях пород: магнезиальной ( Mg) пироксенит -перидотитовой (с магнезиальным составом пород и минералов) и в серии флогопит - ильменитовых (Phl-Ilm) гипербазитов (с железистым типом пород и минералов). В настоящей работе уделяется большое внимание пе трографии и минералогии ксенолитов с мантийной флогопитовой и флогопит -амфиболовой минерализацией, и приводятся новые данные по 40Ar/39Ar возрасту флогопита."
17,METASOMATIC AND MAGMATIC PROCESSES IN THE MANTLE LITHOSPHERE OF THE BIREKTE TERRAIN OF THE SIBERIAN CRATON AND THEIR EFFECT ON THE LITHOSPHERE EVOLUTION,2015,en,10.5800/GT-2015-6-3-0184,2602,13,3,"[section: Методы]
[page: 3]
Методы исследований. Флогопити флогопит-амфиболсодержащие парагенезисы ксенолитов были д етально изучены в образцах и шлифах. Зерна минералов были проанализированы на содержания главных о ксидов на рентгеновском электронно-зондовом микроанализаторе JXA-8200 в Институте геохимии им. А.П. Виноград ова СО РАН (г. Иркутск). Анализ изотопного состава кислорода в гранате выполнен в аналитическом центре ДВГИ ДВО РАН ( г. Владивосток) на масс -спектрометре Finnigan MAT 252, [Ignatiev, Velivetskaya, 2004 ]. Определение возраста флогопита 40Ar/39Ar методом произведено в Институте земной коры СО РАН ( г. Иркутск) с использованием мультиколлекторного масс-спектрометра Argus VI. Петрография и минералогия. Магнезиальная ( Mg) серия представлена непрерывным переходом пород от Sp, Sp-Grt, Grt клинопироксенитов, ортопироксенитов к вебстеритам, оливиновым вебстеритам и лерцол итам и рассматривается рядом исследователей как расслоенная интрузия в мантии [Ukhanov et al., 1988; Solov’eva et al., 1994]."
17,METASOMATIC AND MAGMATIC PROCESSES IN THE MANTLE LITHOSPHERE OF THE BIREKTE TERRAIN OF THE SIBERIAN CRATON AND THEIR EFFECT ON THE LITHOSPHERE EVOLUTION,2015,en,10.5800/GT-2015-6-3-0184,2603,14,3,"[section: Методы]
[page: 3]
вым вебстеритам и лерцол итам и рассматривается рядом исследователей как расслоенная интрузия в мантии [Ukhanov et al., 1988; Solov’eva et al., 1994]. Мантийная метасоматическая флогопит-амфиболовая минерализация проявлена во всех петрографических типах пород серии и развита в виде секущих прожилков и неправильных участков по гр аницам зерен первичных минералов (рис. 4, 5). В ксенолитах с мегакристаллами пироксенов, состоящих из параллельных пластинок клинои ортопироксена ± граната ± шпинели (структуры распада высокотемпер атурного пижонита [ Solov’eva et al., 1994]), метасоматический флогопит -амфиболовый агрегат развивается преимущественно по пластинчатым вросткам одного из пироксенов и граната и в пе рекристаллизованной мелкозернистой матрице пород. Это указывает на значительный интервал времени между кристаллизацией пород пироксенит-перидотитовой серии и развитием флогопит-амфиболового метасоматизма. Phl-Ilm гипербазиты также образуют сложную ассоциацию парагенезисов, представленных Phl-Ilm гранатовыми и безгранатовыми пироксенитами, вебстеритами, оливиновыми вебстеритами, ортопироксенитами, лерцолитами и оливинитами."
17,METASOMATIC AND MAGMATIC PROCESSES IN THE MANTLE LITHOSPHERE OF THE BIREKTE TERRAIN OF THE SIBERIAN CRATON AND THEIR EFFECT ON THE LITHOSPHERE EVOLUTION,2015,en,10.5800/GT-2015-6-3-0184,2604,15,3,"[section: Методы]
[page: 3]
едставленных Phl-Ilm гранатовыми и безгранатовыми пироксенитами, вебстеритами, оливиновыми вебстеритами, ортопироксенитами, лерцолитами и оливинитами. Характерной особенностью серии являются высокие содержания K, Ti, Fe в породах и минералах. Содержание флогопита в породах широко варьируется – от первых процентов до 40–80 %, ильменита – от первых до 15 %, реже до 30 –40 %. Количество слюды и ильменита резко уменьшается в гр анатизированных ксенолитах, в которых гранат интенсивно замещает эти минералы, а также первичные с иликаты. Панидиоморфнозернистые, гипидиоморфнозернистые, сидеронитовые и порфировидные структуры в негранатизированных ксенолитах указывают на первичный магматический генезис пород . Для пород с ерии характерно также разнообразие автометасоматических и метасоматических структур. Гранат и флогопит развиваются на субсолидусном этапе близко одновременно: первый за счет охлаждения первичных магмат ических пород ( рис. 11, 12, 14), а второй при воздействии на них остаточных флюидоврасплавов, обогаще нных калием и летучими ( рис. 8)."
17,METASOMATIC AND MAGMATIC PROCESSES IN THE MANTLE LITHOSPHERE OF THE BIREKTE TERRAIN OF THE SIBERIAN CRATON AND THEIR EFFECT ON THE LITHOSPHERE EVOLUTION,2015,en,10.5800/GT-2015-6-3-0184,2605,16,3,"[section: Методы]
[page: 3]
вичных магмат ических пород ( рис. 11, 12, 14), а второй при воздействии на них остаточных флюидоврасплавов, обогаще нных калием и летучими ( рис. 8). Особый тип парагенезисов в серии Phl-Ilm гипербазитов представляют сильно деформированные флогопит -амфиболовые породы с новообразованным хромитом и с реликтовыми р езорбированными ильменитом и клинопироксеном ( рис. 21 –23). Дифференцированная серия флогопит -ильменитовых гипербазитов по петрографическим признакам относится к мантийным магматитам, за исключ ением более поздних деформированных флогопит-амфиболовых пород из зон глубинных разломов. В отличие от соответствующих минералов Mg пироксенит-перидотитовой серии, минералы из Phl-Ilm гипербазитов имеют значительно меньшую магнезиальность (Mg#) и содержат существенно больше TiO2, FeO и меньше Cr2O3 (таблица). Точки метасоматических флогопитов из пород Mg серии на диаграммах Mg# – TiO2 и Mg# – Cr2O3 существенно отделены от поля точек слюд из флогопит -ильменитовых парагенезисов ( рис. 24)."
17,METASOMATIC AND MAGMATIC PROCESSES IN THE MANTLE LITHOSPHERE OF THE BIREKTE TERRAIN OF THE SIBERIAN CRATON AND THEIR EFFECT ON THE LITHOSPHERE EVOLUTION,2015,en,10.5800/GT-2015-6-3-0184,2606,17,3,"[section: Методы]
[page: 3]
в из пород Mg серии на диаграммах Mg# – TiO2 и Mg# – Cr2O3 существенно отделены от поля точек слюд из флогопит -ильменитовых парагенезисов ( рис. 24). Амфибол, представленный в Phl-Amph метасоматитах Mg серии типичным паргаситом по химическому составу резко отличается от K-рихтерита из деформированных флогопит -амфиболовых пород серии Phl-Ilm гипербазитов (таблица). 40Ar/39Ar датирование слюды . 40Ar/39Ar возраст флогопита из метасоматических флогопит -амфиболовых прожилков и межзерновых реакционных обособлений в гранатовом оливиновом вебстерите Mg серии варьируется в пределах 1640 –1800 млн лет ( рис. 25). Слюды из негранатизированных Phl-Ilm вебстеритов показали возраст 869 и 851 млн лет ( рис. 25). В гранатизированных Phl-Ilm лерцолитах возраст слюд знач ительно меньше (608 и 495 млн лет). Слюда из деформированной флогопит -амфиболовой породы показала возраст 167 млн лет, близкий возрасту кимберлитов Куойкского поля. Дискуссия и результаты ."
17,METASOMATIC AND MAGMATIC PROCESSES IN THE MANTLE LITHOSPHERE OF THE BIREKTE TERRAIN OF THE SIBERIAN CRATON AND THEIR EFFECT ON THE LITHOSPHERE EVOLUTION,2015,en,10.5800/GT-2015-6-3-0184,2607,18,3,"[section: Методы]
[page: 3]
а из деформированной флогопит -амфиболовой породы показала возраст 167 млн лет, близкий возрасту кимберлитов Куойкского поля. Дискуссия и результаты . Возраст метасоматического флогопита ( 1640–1800 млн лет ) несколько ниже возраста присоединения Биректинского террейна к Сибирскому кратону (1.8 –1.9 млн лет [ Rosen, 2003]), что, возможно, объясняется частичной потерей 40Ar в анализируемой слюде. С другой стороны, это значение близко интервалу позднего эпизода формирования коры в Биректинском блоке 1.8 –2.1 млрд лет [ Nasdala et al., 2014] и соответствует времени привноса радиогенного осмия в мантийную литосферу из зоны субду кции (1.7–2.2 лет [ Pernet-Fisher et al., 2015]). Геохимия изотопов кислорода в породах перидотит -пироксенитовой серии из трубки Обнаженная также свидетельствует о присутствии в них древней субдукционной компоне нты ( рис. 26). Это позволяет предположить, что мантийный флогопит -амфиболовый метасоматизм в лит осферной мантии Биректинского террейна осуществлялся флюидами – расплавами, поступавшими из зоны субдукции примерно 1.8 млр д лет назад, и соответствует эпизоду присоединения этого блока к Сибирскому кратону."
17,METASOMATIC AND MAGMATIC PROCESSES IN THE MANTLE LITHOSPHERE OF THE BIREKTE TERRAIN OF THE SIBERIAN CRATON AND THEIR EFFECT ON THE LITHOSPHERE EVOLUTION,2015,en,10.5800/GT-2015-6-3-0184,2608,19,3,"[section: Методы]
[page: 3]
ами – расплавами, поступавшими из зоны субдукции примерно 1.8 млр д лет назад, и соответствует эпизоду присоединения этого блока к Сибирскому кратону. Сложная магматическая серия Phl-Ilm пород является более поздней по сравнению с Mg пироксенит-перидотитовой серией. Древний возраст флогопита (869 –851 млн лет) из Phl-Ilm гипербазитов несколько прев ышает наиболее древние датировки щелочного ультраосновного – карбонатитового Томторского массива (800 мл н лет [ Entin et al., 1990 ]) и время начала распада суперконтинента Родиния (825 млн лет [ Li et al., 2008]). Эта разница может быть объяснена опережающим пр оявлением высококалиевых, титанистых, жел е313"
17,METASOMATIC AND MAGMATIC PROCESSES IN THE MANTLE LITHOSPHERE OF THE BIREKTE TERRAIN OF THE SIBERIAN CRATON AND THEIR EFFECT ON THE LITHOSPHERE EVOLUTION,2015,en,10.5800/GT-2015-6-3-0184,2609,20,4,"[section: Методы]
[page: 4]
L.V. Solov’eva et al.: Metasomatic and magmatic processes in the mantle lithosphere… зистых магматитов в мантийной литосфере Биректинского блока по сравнению с их проявлением на повер хности. Флогопит из ксенолитов с субсолидусной гранатизацией показывает существенно меньшие значения возраста (500–600 млн лет), вероятно, из-за потери радиогенного аргона при замещении слюды. Этот процесс высвобождал большое количество H2O, K, Ba, F и Cl, поступавших в верхние горизонты коры и мантии. Ма нтийная высококалиевая и высокотитанистая Phl-Ilm серия, по -видимому, комагматична поверхностным к алиевым ультрамафитам и мафитам на Сибирской платформе и связана с ранним эпизодом раскола суперко нтинента Родиния. Главные выводы. 1. Рассмотренные флогопитсодержащие серии ксенолитов из кимберлитовых труб ок Куойкского поля принадлежат к разным генетическим образованиям и к разным этапам эволюции литосферной мантии Биректинского террейна. 2."
17,METASOMATIC AND MAGMATIC PROCESSES IN THE MANTLE LITHOSPHERE OF THE BIREKTE TERRAIN OF THE SIBERIAN CRATON AND THEIR EFFECT ON THE LITHOSPHERE EVOLUTION,2015,en,10.5800/GT-2015-6-3-0184,2610,21,4,"[section: Методы]
[page: 4]
итовых труб ок Куойкского поля принадлежат к разным генетическим образованиям и к разным этапам эволюции литосферной мантии Биректинского террейна. 2. Phl-Amph метасоматизм развивается по породам сложной магнез иальной пироксенит -перидотитовой серии ксенолитов, имеет геохимические черты зоны субдукции и мар - кирует этап, связанный с присоединением Биректинского континентального блока к Сибирскому кратону ~1.8–1.9 млрд лет. 3. Сложная железистая серия Phl-Ilm гипербазитов относится к типичным мантийным к алиевым ультраос новным – основным магматитам. Начало формирования магматической серии Phl-Ilm гипербазитов в мантийной литосфере Биректинского террейна (~869 –851 млн лет), возможно, соответствует самому раннему этапу распада суперконтинента Родиния."
17,METASOMATIC AND MAGMATIC PROCESSES IN THE MANTLE LITHOSPHERE OF THE BIREKTE TERRAIN OF THE SIBERIAN CRATON AND THEIR EFFECT ON THE LITHOSPHERE EVOLUTION,2015,en,10.5800/GT-2015-6-3-0184,2611,22,4,"[section: Ключевые слова]
[page: 4]
Ключевые слова: Сибирский кратон, Биректинский террейн, литосферная мантия, мантийные ксенолиты, магматизм, мантийный метасоматизм, магнезиальная пироксенит-перидотитовая серия, серия железистых флогопит-ильменитовых гипербазитов."
17,METASOMATIC AND MAGMATIC PROCESSES IN THE MANTLE LITHOSPHERE OF THE BIREKTE TERRAIN OF THE SIBERIAN CRATON AND THEIR EFFECT ON THE LITHOSPHERE EVOLUTION,2015,en,10.5800/GT-2015-6-3-0184,2612,23,4,"[section: 1. Introduction]
[page: 4]
1. INTRODUCTION The Birekte terrain is located in the north -eastern part of the Siberian craton. The geotectonic regional partition suggest that it was formed not later than 2.4 Ga ago (Fig. 1) [ Rosen, 2003]. The composition and structure of the mantle lithosphere of this block were mainly discovered by studies of deep -seated xenoliths from the Upper Jurassic –Lower Cretaceous Kuoika kimberlite field [ Ukhanov et al ., 1988; Solov ’eva et al., 1994; Howarth et al., 2014 ]. It has been noted in many publications that the mantle lithosphere in the north - eastern part of the Siberian craton is significantly di fferent from that of its central part in terms of both thickness and composition [Pokhilenko et al., 1999]. Our study is focused on deep -seated xenoliths with mantle phlogopiteand phlogopite-amphibole mineralization which are found in kimberlite pipes of the Kuoika field (Obnazhennaya, Slyudyanka, Pyatnitsa pipes). The occurrence of primary phlogopite and amphibole in deep-seated xenoliths is generally viewed as a result of different -aged processes of mantle metas omatism [Menzies, Hawkesworth, 1987]."
17,METASOMATIC AND MAGMATIC PROCESSES IN THE MANTLE LITHOSPHERE OF THE BIREKTE TERRAIN OF THE SIBERIAN CRATON AND THEIR EFFECT ON THE LITHOSPHERE EVOLUTION,2015,en,10.5800/GT-2015-6-3-0184,2613,24,4,"[section: 1. Introduction]
[page: 4]
amphibole in deep-seated xenoliths is generally viewed as a result of different -aged processes of mantle metas omatism [Menzies, Hawkesworth, 1987]. It is remarkable that primary phlogopite in deep -seated xenoliths may be of magmatic genesis [Solovieva et al., 1997]. According to [ Garanin et al., 1985; Ukhanov et al., 1988], phlogopiteand phlogopite-amphibole mineralization was discovered in two series of deep -seated xenoliths from the Obnazhennaya pipe (Kuoika field), specifically the Mg pyroxenite-peridotite series and the series of Phl-Ilm hyperbasites with a higher Fe content. Nevertheless, phlogopite - and phlogopite -amphibole mantle parageneses remain poorly studied in terms of both composition and time of their occurrence in the mantle lithosphere in the north -eastern block of the Siberian craton. This paper is focused on issues of p etrography and mineralogy of the xenoliths and the ev idences of metasomatic/magmatic genesis of mantle phlogopite and amphibole. We report here the first d ata of 40Ar/39Ar age determinations for phlogopite from the rocks of the magnesian pyroxenite-peridotite series and the ferrous Phl -Ilm hyperbasite series."
17,METASOMATIC AND MAGMATIC PROCESSES IN THE MANTLE LITHOSPHERE OF THE BIREKTE TERRAIN OF THE SIBERIAN CRATON AND THEIR EFFECT ON THE LITHOSPHERE EVOLUTION,2015,en,10.5800/GT-2015-6-3-0184,2614,25,4,"[section: 1. Introduction]
[page: 4]
40Ar/39Ar age determinations for phlogopite from the rocks of the magnesian pyroxenite-peridotite series and the ferrous Phl -Ilm hyperbasite series. Results of our studies reveal the genesis of phlogopite - and phlogopite-amphibole mantle mineralization and its relationships with evolution stages of the mantle lith osphere in the north -eastern block of the Siberian cr aton. 2. RESEARCH METHODS Detailed studies of phlogopite and phlogopiteamphibole xenoliths are conducted using rock samples and thin sections. The mantle genesis of mica and a mphibole is determined by a number of signs, such as the development of these minerals in a xenolith regardless of a distance to kimberlite, cut -off of phlogopite plates and amphibole grains by the xenolith contact, the co mposition of phlogopite etc. The fine-grained mica filling the cracks coming from the kimberlite into the xenolith is not considered as pre -kimberlite/mantle one. Grains of minerals are analysed for the main oxides. The analyses were taken using Electron Probe Microanalyzer JXA-8200 at the Vinogradov Institute of Geochemistry, Irkutsk. The isotopes of oxigen were analysed for ga rnet."
17,METASOMATIC AND MAGMATIC PROCESSES IN THE MANTLE LITHOSPHERE OF THE BIREKTE TERRAIN OF THE SIBERIAN CRATON AND THEIR EFFECT ON THE LITHOSPHERE EVOLUTION,2015,en,10.5800/GT-2015-6-3-0184,2615,26,4,"[section: 1. Introduction]
[page: 4]
en using Electron Probe Microanalyzer JXA-8200 at the Vinogradov Institute of Geochemistry, Irkutsk. The isotopes of oxigen were analysed for ga rnet. We use results of analyses conducted at the Analy - tical Centre of the Far East Geological Institute, Far East Branch of RAS, using the fluorination BrF 5 method 314"
17,METASOMATIC AND MAGMATIC PROCESSES IN THE MANTLE LITHOSPHERE OF THE BIREKTE TERRAIN OF THE SIBERIAN CRATON AND THEIR EFFECT ON THE LITHOSPHERE EVOLUTION,2015,en,10.5800/GT-2015-6-3-0184,2616,27,5,"[section: 1. Introduction]
[page: 5]
Geodynamics & Tectonophysics 2015 Volume 6 Issue 3 Pages 311–344 [Ignatiev, Velivetskaya , 2004]. The weight of mineral fractions for analysis ranges from 1 to 2 mg, precision of the method (1 σ) amounts to 0.1 ‰ (n=5). Measurements (δ18О) were conducted with a Finnigan MAT 252 isotope mass spectrometer (IRMS). The repeatability of measurements δ18О for samples amounts to 0.1 ‰. Dating of phlogopites by 40Ar/39Ar method was pe rformed at the Institute of the Earth's Crust, SB RAS; an Argus VI multi -collector mass spectrometer and a high -vacuum oven (dual vacuum, heating above 1700 °С) were used. Mica samples (15 –30 mg) were wrapped in an aluminium foil and put into a glass ampoule together with BERN4M standards (assumed age of 18.885±0.097 Ma). The glass ampoule was irr adiated in a VVR -K nuclear reactor in Tomsk. Radiation parameters were similar to those reported in [Travin et al., 2009]. 3. PETROGRAPHY AND MINERALOGY 3.1. PHLOGOPITE-AMPHIBOLE PARAGENESES IN THE MAGNESIAN PYROXENITE-PERIDOTITE SERIES OF THE XENOLITHS The Mg pyroxenite-peridotite series of the xenoliths is represented by a continuous transition of rocks from Fig. 1."
17,METASOMATIC AND MAGMATIC PROCESSES IN THE MANTLE LITHOSPHERE OF THE BIREKTE TERRAIN OF THE SIBERIAN CRATON AND THEIR EFFECT ON THE LITHOSPHERE EVOLUTION,2015,en,10.5800/GT-2015-6-3-0184,2617,28,5,"[section: 1. Introduction]
[page: 5]
ERIDOTITE SERIES OF THE XENOLITHS The Mg pyroxenite-peridotite series of the xenoliths is represented by a continuous transition of rocks from Fig. 1. Schematic map of ancient terrains and kimberlitic fields in the Siberian craton with the authors’ modification. The legend is given in the figure. The craton and the kimberlitic fields are contoured according to [ Khar'kiv et al ., 1998], terrains of the Siberian craton according to [Rosen, 2003], and the Anabar crystalline shield according to [Parfenov, Kuzmin, 2001]. Рис. 1. Схема расположения древних террейнов и кимберлитовых полей на Сибирском кратоне с некоторыми и зменениями авторов статьи. Условные обозначения приведены на рисунке. Контуры кратона и кимберлитовые поля нанесены по [ Khar'kiv et al., 1998]; террейны Сибирского кратона – по [Rosen, 2003]; Анабарский кристаллический щит – по [Parfenov, Kuzmin, 2001]. 315"
17,METASOMATIC AND MAGMATIC PROCESSES IN THE MANTLE LITHOSPHERE OF THE BIREKTE TERRAIN OF THE SIBERIAN CRATON AND THEIR EFFECT ON THE LITHOSPHERE EVOLUTION,2015,en,10.5800/GT-2015-6-3-0184,2618,29,6,"[section: 1. Introduction]
[page: 6]
L.V. Solov’eva et al.: Metasomatic and magmatic processes in the mantle lithosphere… Sp, Sp-Grt, Grt clinopyroxenites and ortopyroxenites to Sp, Sp -Grt, Grt websterite s, olivine webster ites and lherzolites [Ukhanov et al., 1988; Solov’eva et al., 1994]. The mantle metasomatic phlogopite and amphibole are revealed in all the petrographic types of the rocks in nearly every twentieth xenolith s and typically are composed of transverse veins and veinlet aggregates at grain boundaries of primary minerals. In metasomatic area amphibole predominates. At contacts of xenolith and host kimberlite, grains of phlogopite and amph ibole are often cut off, which gives an evidence of the development of metasomatic phlogopite -amphibole mineralization before xenolith entrainment by the kimberlite. In the exsolution pyroxene m egacrystalls (former high -temperature pigeonite [ Solov’eva et al ., 1994]), comprising parallel plates of clino - and o rthopyroxene ± garnet ± spinel, the metasomatic phlog opite-amphibole aggregate mainly replace laminar i ntergrowths of one of pyroxenes and garnet (Fig. 2)."
17,METASOMATIC AND MAGMATIC PROCESSES IN THE MANTLE LITHOSPHERE OF THE BIREKTE TERRAIN OF THE SIBERIAN CRATON AND THEIR EFFECT ON THE LITHOSPHERE EVOLUTION,2015,en,10.5800/GT-2015-6-3-0184,2619,30,6,"[section: 1. Introduction]
[page: 6]
oxene ± garnet ± spinel, the metasomatic phlog opite-amphibole aggregate mainly replace laminar i ntergrowths of one of pyroxenes and garnet (Fig. 2). The abundant development of metasomatic amphibole is observed from the contact with cutting phlogopi teamphibole veinlets (Fig. 3–5). Grains of olivine, garnet and clinopyroxene are intensively resorbed at the boundaries with the veinlets. Small amphibole grains are developed from the veinlet into the grains of clin opyroxene (Fig. 3 , B). In veinlet selva ges, clinopyroxene remains as small irregular relics (Fig. 3 , C). Garnet is replaced by phlogopite at the contact with the phlog opite infill of the veinlets (Fig. 4 , A, B). In the phlogopiteamphibole parts of the veinlets, the texture is close to magmatic euhedral one (Fig. 4 , C). The grains of pyro - xene are filled by small crystals of metasomatic amph ibole (Fig. 5 , A–D) which commonly have one or two crystallographic direction."
17,METASOMATIC AND MAGMATIC PROCESSES IN THE MANTLE LITHOSPHERE OF THE BIREKTE TERRAIN OF THE SIBERIAN CRATON AND THEIR EFFECT ON THE LITHOSPHERE EVOLUTION,2015,en,10.5800/GT-2015-6-3-0184,2620,31,6,"[section: 1. Introduction]
[page: 6]
grains of pyro - xene are filled by small crystals of metasomatic amph ibole (Fig. 5 , A–D) which commonly have one or two crystallographic direction. The undoubted metasomatic character of the phlo - gopite-amphibole mineralization in the xenoliths of the magnesian pyroxenite -peridotite series and its deve - lopment before xenoliths entrainment into the kimberlite melt suggest that this process is related to intensive metasomatism of the mantle lithosphere in the north - eastern part of the Siberian craton. 3.2. PHLOGOPITE AND PHLOGOPITE-AMPHIBOLE PARAGENESES IN XENOLITHS OF THE FERROUS PHL-ILM SERIES OF HYPERBASITES The Phl-Ilm hyperbasites comprise a complex ass ociation of parageneses represented by garnet - and garnetless pyroxenites, websterites, olivine webste - rites, orthopyroxenites, lherzolites and olivinites. High contents of K, Ti and Fe in the rocks and minerals are typical of this series [ Garanin et al., 1985; Ukhanov et al., 1988]. The content of phlogopite is wide ly variable, from a few percent to 40–80 %. The content of ilmenite ranges from a few percent to 15 %, rarely to 30 –40 %."
17,METASOMATIC AND MAGMATIC PROCESSES IN THE MANTLE LITHOSPHERE OF THE BIREKTE TERRAIN OF THE SIBERIAN CRATON AND THEIR EFFECT ON THE LITHOSPHERE EVOLUTION,2015,en,10.5800/GT-2015-6-3-0184,2621,32,6,"[section: 1. Introduction]
[page: 6]
ntent of phlogopite is wide ly variable, from a few percent to 40–80 %. The content of ilmenite ranges from a few percent to 15 %, rarely to 30 –40 %. Mica and ilmenite contents sharply decrease in garne - tized xenolithes, where these two minerals, as soon as olivine and pyroxenes are replaced by garnet. Euh edral, subhedral, sideronitic and porphyraceous te xtures in garnetless xenoliths are suggested the primary magmatic genesis of the rocks. In the series of Phl -Ilm hyperbasites, a special type of parageneses is repr esented by strongly deformed phlogopite -amphibole rocks with newly -formed chromite and relict resorbed ilmenite and clinopyroxene. The rocks of this series are also characterized by numerous autometasomatic and metasomatic reaction textures and wide ranges of modal mineral c ompositions: 0–80 % Grt, 1 –40 % Ilm, 5–80 % Phl, 0–30 % Cpx, 10–70 % Opx, 0–40 % Ol, and 0.5–2.0 % Sulph. Amphibole occurs in garnetless par ageneses and deformed phlogopiteamphibole rocks (with the newly formed chromite) in amounts of a few percent and up to 40–50 %, respectively. The euhedral texture is essentially preserved in o rthopyroxenites and partially websterite s (Fig. 6, А)."
17,METASOMATIC AND MAGMATIC PROCESSES IN THE MANTLE LITHOSPHERE OF THE BIREKTE TERRAIN OF THE SIBERIAN CRATON AND THEIR EFFECT ON THE LITHOSPHERE EVOLUTION,2015,en,10.5800/GT-2015-6-3-0184,2622,33,6,"[section: 1. Introduction]
[page: 6]
ew percent and up to 40–50 %, respectively. The euhedral texture is essentially preserved in o rthopyroxenites and partially websterite s (Fig. 6, А). These rocks are composed of regular prismatic crystals of orthopyroxene which often have directive orient ations. In olivine -containing xenoliths, large elongated crystals of olivine also formed partly idiomorphic cry stals. Oval and round -shaped grains of olivine are often included into the grains of orthopyroxene less than into clinopyroxene without any traces of resorption (Fi g. 6, B). The exsolution lamellae of clinopyroxene are co mmonly found in orthopyroxene from 10 to 15 % (Fig. 6, B). Besides, orthopyroxene contains numerous brow - nish micro -inclusions (5 –20 µm) of ilmenite (≤1 %) which are regularly oriented and translucen t (Fig. 6, C, D). Clinopyroxene - and ilmenite exsolution plates o ccupy central parts of orthopyroxene grains (almost ¾ of the area) and are absent in the marginal zones. The presence of the exsolution textures indicate an early high-temperature stage in th e evolution of the rocks."
17,METASOMATIC AND MAGMATIC PROCESSES IN THE MANTLE LITHOSPHERE OF THE BIREKTE TERRAIN OF THE SIBERIAN CRATON AND THEIR EFFECT ON THE LITHOSPHERE EVOLUTION,2015,en,10.5800/GT-2015-6-3-0184,2623,34,6,"[section: 1. Introduction]
[page: 6]
and are absent in the marginal zones. The presence of the exsolution textures indicate an early high-temperature stage in th e evolution of the rocks. Ilmenite and phlogopite form xenomorphic grains b etween earlier silicates without any evident reaction interrelations (Fig. 7, А, B) and belong to the late stage of magmatic crystallization. Inclusions of ilmenite in phlogopite occur as thin cleavage-oriented plates (≤1–5 µm) in the central parts of the grains or as oval -shaped blebs in the marginal parts (Fig. 7, А, B). Rare regular phlogopite flakes in orthopyroxene (Fig. 7, C, D) su ggest that small amounts of mica were crystal lized in some portions of the melt at the early magmatic stage. In addition to evidence of typical magmatic genesis, phlogopite shows metasomatic relationships with pr imary silicates. In both the garnet -containing and ga rnetless parageneses, phlogopite for ms 'windows' with abundant inclusions of small round -shaped grains of ilmenite and pyroxenes being relics of substitution (Fig. 8 , А). Orthopyroxene crystals are grown through small irregular phlogopite flakes of the common optical orientation (Fig. 8 , B, C). As shown in Fig."
17,METASOMATIC AND MAGMATIC PROCESSES IN THE MANTLE LITHOSPHERE OF THE BIREKTE TERRAIN OF THE SIBERIAN CRATON AND THEIR EFFECT ON THE LITHOSPHERE EVOLUTION,2015,en,10.5800/GT-2015-6-3-0184,2624,35,6,"[section: 1. Introduction]
[page: 6]
8 , А). Orthopyroxene crystals are grown through small irregular phlogopite flakes of the common optical orientation (Fig. 8 , B, C). As shown in Fig. 9 , A, B, orphopyroxene and clinopyroxene are intensively 316"
17,METASOMATIC AND MAGMATIC PROCESSES IN THE MANTLE LITHOSPHERE OF THE BIREKTE TERRAIN OF THE SIBERIAN CRATON AND THEIR EFFECT ON THE LITHOSPHERE EVOLUTION,2015,en,10.5800/GT-2015-6-3-0184,2625,36,7,"[section: 1. Introduction]
[page: 7]
Geodynamics & Tectonophysics 2015 Volume 6 Issue 3 Pages 311–344 Fig. 2. The photomicrographs of thin section. Development of metasomatic Phl -Amph mineralization on orthopyroxene exsolution plates inside the clinopyroxene megacrystal in megacrystalline garnet websterite. A – garnet and orphopyroxene exsolution plates inside the clinopyroxene megacrystal. Garnet is also developed in the form of isometric grains; B, C – fine-grained aggregate of Amph with rare plates of Phl, replacing mainly orphopyroxene exsolution plates. Images in crossed nicols. Рис. 2. Развитие метасоматической Phl-Amph минерализации по пластинкам распада ортопироксена внутри мег акристалла клинопироксена в мегакристаллическом гранатовом вебстерите. A – пластинки распада граната и ортопироксена в мегакристалле клинопироксена, гранат разв ит также в виде изометричных зерен; B, C – мелкозернистый агрегат Amph с редкими пластинками Phl, развивающийся преимущественно по пластинкам ра спада ортопироксена. Фото шл. в × николях. 317"
17,METASOMATIC AND MAGMATIC PROCESSES IN THE MANTLE LITHOSPHERE OF THE BIREKTE TERRAIN OF THE SIBERIAN CRATON AND THEIR EFFECT ON THE LITHOSPHERE EVOLUTION,2015,en,10.5800/GT-2015-6-3-0184,2626,37,8,"[section: 1. Introduction]
[page: 8]
L.V. Solov’eva et al.: Metasomatic and magmatic processes in the mantle lithosphere… Fig. 3. The photomicrographs of thin section. Amphibole veinlets with rare phlogopite plates in Grt olivine websterite (sa mple 74-817). А – resorption of the olivine grain at the contact with the amphibole veinlet; B – oriented elongated crystals of amphibole dev eloping in the clinopyroxene grain from the boundary of the amphibole veinlet; C – relics of the clinopyroxene grain in selvage of the amphibole veinlet. Images in crossed nicols. Рис. 3. Амфиболовые прожилки с редкими пластинками флогопита в Grt оливиновом вебстерите (обр. 74-817). А – резорбция зерна оливина на контакте с амфиболовым прожилком ; B – ориентированные удлиненные кристаллы амфибола , развивающиеся в зерне клинопироксена от границы амфиболового прожилка ; C – реликты зерен клинопироксена в зольбандах амфиболового прожилка. Фото шл. в × николях. 318"
17,METASOMATIC AND MAGMATIC PROCESSES IN THE MANTLE LITHOSPHERE OF THE BIREKTE TERRAIN OF THE SIBERIAN CRATON AND THEIR EFFECT ON THE LITHOSPHERE EVOLUTION,2015,en,10.5800/GT-2015-6-3-0184,2627,38,9,"[section: 1. Introduction]
[page: 9]
Geodynamics & Tectonophysics 2015 Volume 6 Issue 3 Pages 311–344 Fig. 4. A, B – the photomicrographs of thin section. Resorption of the garnet grain by phlogopite at the boundary with the phlogopite-amphibole veinlet; C – the area of the phlogopite-amphibole veinlet with dominating phlogopite. Cross-sections of regular amphibole crystals are visible. Sample 74-817. Images: A, C – without an analyzer; B – in crossed nicols. Рис. 4. A, B – резорбция зерна граната флогопитом на границе с флогопит -амфиболовым прожилком ; C – участок флогопит-амфиболового прожилка с преобладанием флогопита. Видны сечения правильных кристаллов амфибола. Обр. 74-817. Фото шл.: A, C – без анализатора; B – в × николях. 319"
17,METASOMATIC AND MAGMATIC PROCESSES IN THE MANTLE LITHOSPHERE OF THE BIREKTE TERRAIN OF THE SIBERIAN CRATON AND THEIR EFFECT ON THE LITHOSPHERE EVOLUTION,2015,en,10.5800/GT-2015-6-3-0184,2628,39,10,"[section: 1. Introduction]
[page: 10]
L.V. Solov’eva et al.: Metasomatic and magmatic processes in the mantle lithosphere… replaced by phlogopite, and clinopyroxene is reaction - nary developing at the ear lier grain of orphopyroxene. In many cases, reaction phlogopite develops in the form of palmate porphyroblasts with inclusion of p yroxene and olivine relics (Fig. 9 , C, D). Small zonal plates occuring in fractures of the rocks in the paragenesis with carbonate belong to the later stage and are associated with the influence of the kimberlitic melt on the xenolith (Fig. 10, А, B). The most complex relationships are revealed between phlogopite and garnet. The development of garnet at the subsolidus stage is evidenced by the fact that garnet inventively replaced minerals of the prim ary paragenesis, including phlogopite. In some xenoliths, garnet is dominant, and its content may exceed 80 %. Garnet grains are filled by relics of substituted minerals of the earlier paragenesis, such as Ol, Opx, Cpx, Ilm and Phl (Fig. 11, A, B), and have a typical sieve -like Fig. 5. The photomicrographs of thin section. The abundant development of metasomatic amphibole in clinopyroxene grains."
17,METASOMATIC AND MAGMATIC PROCESSES IN THE MANTLE LITHOSPHERE OF THE BIREKTE TERRAIN OF THE SIBERIAN CRATON AND THEIR EFFECT ON THE LITHOSPHERE EVOLUTION,2015,en,10.5800/GT-2015-6-3-0184,2629,40,10,"[section: 1. Introduction]
[page: 10]
nd have a typical sieve -like Fig. 5. The photomicrographs of thin section. The abundant development of metasomatic amphibole in clinopyroxene grains. А – small elongated crystals of amphibole in the clinopyroxene grain (Cpx – cross-section with transversal cleavage and yellow interfe - rence colour); B – drop-like grains of amphibole (white interference colour) which have single crystallographic orientation in the clinop yroxene grain (blue interference colour). C – elongated crystals of amphibole with similar spatial and crystallographic orientation in diffe rent grains of clinopyroxene. D – small grains of amphibole crossing different grains of clinopyroxene in two mutually perpendicular dire ctions. Sample 74-817. Images in crossed nicols. Рис. 5. Массовое развитие метасоматического амфибола в зернах клинопироксена."
17,METASOMATIC AND MAGMATIC PROCESSES IN THE MANTLE LITHOSPHERE OF THE BIREKTE TERRAIN OF THE SIBERIAN CRATON AND THEIR EFFECT ON THE LITHOSPHERE EVOLUTION,2015,en,10.5800/GT-2015-6-3-0184,2630,41,10,"[section: 1. Introduction]
[page: 10]
ally perpendicular dire ctions. Sample 74-817. Images in crossed nicols. Рис. 5. Массовое развитие метасоматического амфибола в зернах клинопироксена. A – мелкие удлиненные кристаллы амфибола в зерне клинопироксена ( Cpx – разрез с пересекающейся спайностью и с желтой интерференционной окраской); B – каплевидные зерна амфибола (белая интерференционная окраска), имеющие единую оптическую ориентировку в зерне клинопироксена – синяя интерференционная окраска; C – удлиненные кристаллы амфибола с одинаковой пространственной и оптической ориентировкой в разных зернах клинопироксена. D – мелкие зерна амфибола, пересекающие разные зерна клинопироксена по двум взаимно перпендикулярным направлениям. Обр. 74-817. Фото шл. в × николях. 320"
17,METASOMATIC AND MAGMATIC PROCESSES IN THE MANTLE LITHOSPHERE OF THE BIREKTE TERRAIN OF THE SIBERIAN CRATON AND THEIR EFFECT ON THE LITHOSPHERE EVOLUTION,2015,en,10.5800/GT-2015-6-3-0184,2631,42,11,"[section: 1. Introduction]
[page: 11]
Geodynamics & Tectonophysics 2015 Volume 6 Issue 3 Pages 311–344 fabric in the crossed nicols (Fig. 11 , B). In the rocks, garnet forms gatherings o f round -shaped grains with partial faceting, which are mainly associated with clu sters of phlogopite grains. Phlogopite relics are co ntained in the garnet grains as irregular -shaped or ribbon-shaped inclusions connected with the phlog opite rim at the margins of the garnet grains (Fig. 12 , А, B). Figure 13 shows the replacement of the orphop yroxene grain by the phlogopite plate; the orphopyro - xene grain is surrounded by garnet that is reactionary replacing orphopyroxene. Amounts of ilmenite and phlogopite are significantly decreased in the garnetization areas, t o suggest the preferred developmen t of garnet on these minerals. Numerous smallsized roundish and semi-faceted hexagonal crystals of pyro xenes, ilmenite and rare phlogopite (Fig. 14, A, B, C) fill the central parts of garnet grains, while the rim of the grains remains free of inclusions. Relict grains of clin opyroxene and orthopyroxene in garnet are often cha - racterized by single extinction to evidence their primary belonging to the same grain."
17,METASOMATIC AND MAGMATIC PROCESSES IN THE MANTLE LITHOSPHERE OF THE BIREKTE TERRAIN OF THE SIBERIAN CRATON AND THEIR EFFECT ON THE LITHOSPHERE EVOLUTION,2015,en,10.5800/GT-2015-6-3-0184,2632,43,11,"[section: 1. Introduction]
[page: 11]
s of clin opyroxene and orthopyroxene in garnet are often cha - racterized by single extinction to evidence their primary belonging to the same grain. T he pseudo-hexagonal faceting of the inclusions is due to the effect of garnet Fig. 6. The photomicrographs of thin section. Relationships between minerals in Phl -Ilm hyperbasites. A – euhedral texture formed by prismatic crystals of orthopyroxene which are separated by irregular -shaped oval grains of ilmenite ; B – roundish olivine inclusions in the orthopyroxene grain (homoaxial pseudomorphs). Clinopyroxene exsolution textures are visibl e in o rthopyroxene (parallel lightcoloured strips); C, D – submicroscopic structures of ilmenite exsolution textures in orthopyro xene. Images: A, C, D – without an analyzer; B – in crossed nicols. Рис. 6. Взаимоотношения минералов в Phl-Ilm гипербазитах. A – панидиоморфнозернистая структура, образованная призматическими кристаллами ортопироксена, между которыми расп оложены неправильные овальные зерна ильменита ; B – округлые включения оливина в зерне ортопироксена (гомоосевые псе вдоморфозы)."
17,METASOMATIC AND MAGMATIC PROCESSES IN THE MANTLE LITHOSPHERE OF THE BIREKTE TERRAIN OF THE SIBERIAN CRATON AND THEIR EFFECT ON THE LITHOSPHERE EVOLUTION,2015,en,10.5800/GT-2015-6-3-0184,2633,44,11,"[section: 1. Introduction]
[page: 11]
между которыми расп оложены неправильные овальные зерна ильменита ; B – округлые включения оливина в зерне ортопироксена (гомоосевые псе вдоморфозы). В ортопироксене видны структуры распада клинопироксена (параллельные светлые полоски) ; C, D – субмикроскопические структуры распада ильменита в ортопироксене. Фото шл.: A, C, D – без анализатора; B – в × николях. 321"
17,METASOMATIC AND MAGMATIC PROCESSES IN THE MANTLE LITHOSPHERE OF THE BIREKTE TERRAIN OF THE SIBERIAN CRATON AND THEIR EFFECT ON THE LITHOSPHERE EVOLUTION,2015,en,10.5800/GT-2015-6-3-0184,2634,45,12,"[section: 1. Introduction]
[page: 12]
L.V. Solov’eva et al.: Metasomatic and magmatic processes in the mantle lithosphere… crystallographic structure. It should be not ed also that evidences of the de - velopment of phogopite on garnet are revealed in the garnetized rocks. The boundary between large irreg ular mica plates and garnet grains has often resorption character (Fig. 15 , А, B). The two minerals often form mutual gulf-shaped boundaries. Roundish inclusions of ilmenite and silicates are visible in garnet. In the centre of the mica flakes there are thin ilmenite platelets, in the margins the ilmenite form roundish inclusions (Fig. 15, B). Resorbed garnet relics, that may have been separated from a larger grain, occur in phlogopite (Fig. 16 , А, B). Inclusions of garnet grains in the phlogopite plate (Fig. 16 , C, D) can also be explained by replacing of garnet by phlogopite, though such a conclusion is a mbiguous. As evidenced by the above -described obser - vations, relationships between phlogopitization and garnetization are complicated."
17,METASOMATIC AND MAGMATIC PROCESSES IN THE MANTLE LITHOSPHERE OF THE BIREKTE TERRAIN OF THE SIBERIAN CRATON AND THEIR EFFECT ON THE LITHOSPHERE EVOLUTION,2015,en,10.5800/GT-2015-6-3-0184,2635,46,12,"[section: 1. Introduction]
[page: 12]
clusion is a mbiguous. As evidenced by the above -described obser - vations, relationships between phlogopitization and garnetization are complicated. Obviously, both pr ocesses took place at the late stage of rock crystallization and, most probably, at the subsolidus stage when the major part of the minerals wa s crystallized. The leading role of temperature drop in the development of phlogopite and garnet is suggested by relatively weak signs of deformation, such as insignificantly bending of Fig. 7. The photomicrographs of thin section. Relationships between minerals in Phl -Ilm hyperbasites. А, B – irregular palmate plates of phlogopite and smaller irregular grains of ilmenite between grains of idiomorphic orthopyroxene. Thin (≤5 µm) elongated ilmenite lamellae are present in the phlogopite plates. Larger oval ilmenite grains are associated with margins of the plates; C, D – small regular Phl platelets in the orthopyroxene grain. Images: A, C – without analyzer; B, D – in crossed nicols. Рис. 7. Взаимоотношения минералов в Phl-Ilm гипербазитах."
17,METASOMATIC AND MAGMATIC PROCESSES IN THE MANTLE LITHOSPHERE OF THE BIREKTE TERRAIN OF THE SIBERIAN CRATON AND THEIR EFFECT ON THE LITHOSPHERE EVOLUTION,2015,en,10.5800/GT-2015-6-3-0184,2636,47,12,"[section: 1. Introduction]
[page: 12]
elets in the orthopyroxene grain. Images: A, C – without analyzer; B, D – in crossed nicols. Рис. 7. Взаимоотношения минералов в Phl-Ilm гипербазитах. A, B – неправильные лапчатые пластинки флогопита и более мелкие неправильные зерна ильменита между зернами иди оморфного ортопироксена. В пластинках флогопита отмечаются тонкие (≤5 мкм) длинные пластинки ильменита. К краям пл астинок приурочены более крупные овальные зерна ильменита ; C, D – правильные мелкие пластинки Phl в зерне Opx. Фото шл.: A, C – без анализатора; B, D – в × николях. 322"
17,METASOMATIC AND MAGMATIC PROCESSES IN THE MANTLE LITHOSPHERE OF THE BIREKTE TERRAIN OF THE SIBERIAN CRATON AND THEIR EFFECT ON THE LITHOSPHERE EVOLUTION,2015,en,10.5800/GT-2015-6-3-0184,2637,48,13,"[section: 1. Introduction]
[page: 13]
Geodynamics & Tectonophysics 2015 Volume 6 Issue 3 Pages 311–344 Fig. 8. The photomicrographs of thin section. The character of the metasomatic phlogopite development. А – metasomatic phlogopite forms 'windows' in the rocks. The large mica plate contains abundant relics of olivine and pyroxenes a nd resorbed grains of ilmenite (black) ; B, C – intensive phlogopitization of orthopyroxene grains: phlogopite develops in the form of irregular plates with the single crystallographic orientation. Images: A – without an analyzer; B, C – in crossed nicols. Рис. 8. Характер развития метасоматического флогопита. A – заполнение метасоматическим флогопитом участков, своеобразных «окон» в породе. Крупная пластинка слюды содержит обильные реликты оливина, пироксенов и резорбированных зерен ильменита (черное) ; B, C – интенсивная флогопитизация зерен ортопироксена: флогопит развивается в виде неправильных пластинок с единой оптической ориентировкой. Фото шл.: A – без анализатора; B, C – в × николях. 323"
17,METASOMATIC AND MAGMATIC PROCESSES IN THE MANTLE LITHOSPHERE OF THE BIREKTE TERRAIN OF THE SIBERIAN CRATON AND THEIR EFFECT ON THE LITHOSPHERE EVOLUTION,2015,en,10.5800/GT-2015-6-3-0184,2638,49,14,"[section: 1. Introduction]
[page: 14]
L.V. Solov’eva et al.: Metasomatic and magmatic processes in the mantle lithosphere… phlogopite plates and slightly undulate extinction of olivine. Phlogopite seems to be formed in the latest magmatic stage from rich in potassium and volatiles residual m elts, and later from fluids during autometasomatism. Relationships between garnet and phlog opite are complicated as phlogopitization and garnetization developed almost simultaneously with some a dvance occurrences of one process in local areas. Resi - dual melt -fluids rich in potassium and vol atile components are evidenced by the PhlIlm garnetless par ageneses with high contents of phlogopite and ilmenite (30–80 % and 15–40 %, respectively). Phlogopite occurs in large porphyraceous plates and fine platelets of the second generation in the fin e-grained matrix (Fig. 17, 18). Sometimes ilmenite grains have ideal facets and belong to the matrix paragenesis (Fig. 18 , А). The specific features of porphyraceous phlogopite I are ilme - nite thin regularly -oriented lamellae in the centre and larger roundish ilmenite grains in the marginal zones (Fig. 19, A, B)."
17,METASOMATIC AND MAGMATIC PROCESSES IN THE MANTLE LITHOSPHERE OF THE BIREKTE TERRAIN OF THE SIBERIAN CRATON AND THEIR EFFECT ON THE LITHOSPHERE EVOLUTION,2015,en,10.5800/GT-2015-6-3-0184,2639,50,14,"[section: 1. Introduction]
[page: 14]
hlogopite I are ilme - nite thin regularly -oriented lamellae in the centre and larger roundish ilmenite grains in the marginal zones (Fig. 19, A, B). The outside rims of phlogopite I and the platelets in the matrix are more intensely brown-coloured (Fig. 20, A–E). In rare cases, garnet occurs in the Fig. 9. The photomicrographs of thin section. Reaction development of phlogopite on primary minerals. A, B – the irregular plate of phlogopite, corroding the grains of orthopyroxene and clinopyroxene; B – clinopyroxene develops on orthopyroxene and is replaced by Phl; C, D – unregular porphyroblastic plate of phlogopite contains relics of replaced grains of orthopyroxene and olivine. Images: A, B, D – in crossed nicols; C – without an analyzer. Рис. 9. Реакционное развитие флогопита по первичным минералам. A, B – неправильная пластинка флогопита, разъедающая зерна ортопироксена и клинопироксена; B – клинопироксен, развивающийся по ортопироксену и замеща ющийся Phl."
17,METASOMATIC AND MAGMATIC PROCESSES IN THE MANTLE LITHOSPHERE OF THE BIREKTE TERRAIN OF THE SIBERIAN CRATON AND THEIR EFFECT ON THE LITHOSPHERE EVOLUTION,2015,en,10.5800/GT-2015-6-3-0184,2640,51,14,"[section: 1. Introduction]
[page: 14]
авильная пластинка флогопита, разъедающая зерна ортопироксена и клинопироксена; B – клинопироксен, развивающийся по ортопироксену и замеща ющийся Phl. В зерне С px и в пластинке Phl сохранились одинаково гаснущие реликты зерен Opx; C, D – неправильная порфиробластическая пластинка флогопита, содержащая реликты замещенных зерен ортопироксена и оливина, два разобщенных реликта которого имеют одинаковую оптическую ориентировку. Фото шл. : A, B, D – в × николях; C – без анализатора. 324"
17,METASOMATIC AND MAGMATIC PROCESSES IN THE MANTLE LITHOSPHERE OF THE BIREKTE TERRAIN OF THE SIBERIAN CRATON AND THEIR EFFECT ON THE LITHOSPHERE EVOLUTION,2015,en,10.5800/GT-2015-6-3-0184,2641,52,15,"[section: 1. Introduction]
[page: 15]
Geodynamics & Tectonophysics 2015 Volume 6 Issue 3 Pages 311–344 form of accessory strongly resorbed grains. The garnet grain is filled in with abundant inclusions of roundish ilmenite grains that are relics of substitution (Fig. 20). The garnet grain seem to be trapped by the melts from the earlier crystallized intrusive phase. The sieve -like structure of the garnet grains with abundant pseudo - hexagonal and isometric relics of pyroxenes, ilmenite and, in some cases, phlogopite suggests that garnet d eveloped mainly in the solid rock after crystallization of all the magmatic minerals. Quite possibly, a part of garnets might have formed at the late stages of crystallization of the melt portions located in the zone of garnet facies. This can be suggested from rare xenoliths of Fig. 10. The photomicrographs of thin section. Late par agenesis of phlogopite with carbonate, which develops along the fractures in the rock. Regular phlogopite platelets grow on the fracture wall. Phlog opite is almost colourless in narrow rims of the plates. Images: A – without an analyzer; B – in crossed nicols. Рис. 10. Поздний парагенезис флогопита с карбон атом, развивающийся по трещинкам в породе."
17,METASOMATIC AND MAGMATIC PROCESSES IN THE MANTLE LITHOSPHERE OF THE BIREKTE TERRAIN OF THE SIBERIAN CRATON AND THEIR EFFECT ON THE LITHOSPHERE EVOLUTION,2015,en,10.5800/GT-2015-6-3-0184,2642,53,15,"[section: 1. Introduction]
[page: 15]
es. Images: A – without an analyzer; B – in crossed nicols. Рис. 10. Поздний парагенезис флогопита с карбон атом, развивающийся по трещинкам в породе. Правильные пластинки флогопита нарастают на стенку трещинки. В узких краях пластинок флогопит почти бесцв етен. Фото шл.: A – без анализатора; B – в × николях. Fig. 11. The photomicrographs of thin section. The abu ndant development of garnet in the xenolith of the Phl -Ilm garnetized lherzolite. Numerous relics of minerals of the early paragenesis, such as ol ivine, pyroxenes, ilmenite and phlogopite, are present inside th e garnet grains. Images: A – without analyzer; B – in crossed nicols. The separate grains of garnet (black) with thin lightcoloured margins are visible. Irregular silicates relics are coloured in di fferent interference colours and included in garnet or lo cated at the boundaries of the garnet grains. Рис. 11. Массовое развитие граната в ксенолите PhlIlm гранатизированного лерцолита. Внутри зерен граната сохранились многочисленные рели кты минералов раннего парагенезиса – оливина, пироксенов, ильменита и флогопита. Фото шл.: A – без анализатора ; B – в × николях."
17,METASOMATIC AND MAGMATIC PROCESSES IN THE MANTLE LITHOSPHERE OF THE BIREKTE TERRAIN OF THE SIBERIAN CRATON AND THEIR EFFECT ON THE LITHOSPHERE EVOLUTION,2015,en,10.5800/GT-2015-6-3-0184,2643,54,15,"[section: 1. Introduction]
[page: 15]
многочисленные рели кты минералов раннего парагенезиса – оливина, пироксенов, ильменита и флогопита. Фото шл.: A – без анализатора ; B – в × николях. Видны отдельные зерна граната (черное), окаймленные тонкими светлыми каймами. Неправильные реликты силикатов окрашены в разные интерференцио нные цвета и включены в гранат или расположены на гран ицах его зерен. 325"
17,METASOMATIC AND MAGMATIC PROCESSES IN THE MANTLE LITHOSPHERE OF THE BIREKTE TERRAIN OF THE SIBERIAN CRATON AND THEIR EFFECT ON THE LITHOSPHERE EVOLUTION,2015,en,10.5800/GT-2015-6-3-0184,2644,55,16,"[section: 1. Introduction]
[page: 16]
L.V. Solov’eva et al.: Metasomatic and magmatic processes in the mantle lithosphere… Fig. 12. The photomicrographs of thin section. Polycrysta lline aggregate composed of garnet regular grains in the Phl-Ilm garnetized lherzolite (A, B). Garnet mainly developed on phlogopite which ribbon-shaped relics are connected with the external rim. Phlogopite in garnet and the rim have single crystallographic orientations. Besides phlo gopite, roundish relics of ilmenite (black) and silicates are visible in the garnet grains. Image ( A) shows larger elongated ilmenite grains which were 'forced out' to the margins of the garnet grains. Images without an analyzer. Рис. 12. Поликристаллический агрегат из правильных зерен граната в Phl-Ilm гранатизированном лерцолите (A, B). Гранат развит преимущественно по флогопиту, от которого остались лентовидные реликты, соединяющиеся с внешней каймой. Флогопит в гранате и кайма имеют одинаковую о птическую ориентировку и до гранатизации составляли ед иное зерно. Кроме флогопита в зернах граната видны окру глые реликты ильменита (черное) и силикатов. На ( А) видны более крупные удлиненные зерна ильменита, «вытесне нные» на края зерен граната. Фото шл."
17,METASOMATIC AND MAGMATIC PROCESSES IN THE MANTLE LITHOSPHERE OF THE BIREKTE TERRAIN OF THE SIBERIAN CRATON AND THEIR EFFECT ON THE LITHOSPHERE EVOLUTION,2015,en,10.5800/GT-2015-6-3-0184,2645,56,16,"[section: 1. Introduction]
[page: 16]
ру глые реликты ильменита (черное) и силикатов. На ( А) видны более крупные удлиненные зерна ильменита, «вытесне нные» на края зерен граната. Фото шл. без анализатора. orthopyroxenites with very insignificant quantities of phlogopite, wherein garnet forms small regular-shaped grains between the grains of orthopyroxene and does not contain any substitution relics of other minerals. The deformed phlogopite -amphibole rocks contain regular-shaped microcrystals (5 –50 µm) of titanian chromite and resorbed relict grains of ilmenite (3–7 %) and clinopyroxene (≤5 %) (Fig. 21, А, B). Particular texture features evidence that the rocks were formed u nder conditions of strong deformation. Elongated pri smatic amphibole crystals form narrow rosettes inte rgrown with strongly deformed irregular -shaped plates of phlogopite (Fig. 22, A–E). The amphibole crystals are often bended. Inside the phlogopite grains, they look like torn -off relics. Cross -sections of phlogopite re - semble a torchs or a quadrangular stars with sharp torn-off edges (Fig. 22, C, D; Fig. 23 , А)."
17,METASOMATIC AND MAGMATIC PROCESSES IN THE MANTLE LITHOSPHERE OF THE BIREKTE TERRAIN OF THE SIBERIAN CRATON AND THEIR EFFECT ON THE LITHOSPHERE EVOLUTION,2015,en,10.5800/GT-2015-6-3-0184,2646,57,16,"[section: 1. Introduction]
[page: 16]
e torn -off relics. Cross -sections of phlogopite re - semble a torchs or a quadrangular stars with sharp torn-off edges (Fig. 22, C, D; Fig. 23 , А). The phlogopite plates are strongly deformed and dissected into blocks of various orientations that are healed by a finegrained aggregate of more intensively coloured mica (Fig. 23, A–D). The ilmenite inclusions are la cking in the phlogopite. In the rocks, ilmenite occurs as elo ngated irregular-shaped grains with serrated edges indicating its dissolution (Fig. 21, А, B). Aggregates of prismatic amphibole are associated with micrograins of titanian chromite. Specific textures and mineral compositions of the deformed phlogopite -amphibole rocks suggest Fig. 13. The photomicrographs of thin section. The irreg ular Phl plate develop ing on the Opx grain that is surroun - ded by growing garnet grain. Central parts of the Grt grain contain relics of ilmenite (black points). At the right of the image, a gulf -like extension of the ga rnet cuts the large grain of ilmenite. Image without an analyzer. Рис. 13. Неправильная пластинка Phl, развивающаяся по зерну Opx, окруженному зернами разрастающегося граната."
17,METASOMATIC AND MAGMATIC PROCESSES IN THE MANTLE LITHOSPHERE OF THE BIREKTE TERRAIN OF THE SIBERIAN CRATON AND THEIR EFFECT ON THE LITHOSPHERE EVOLUTION,2015,en,10.5800/GT-2015-6-3-0184,2647,58,16,"[section: 1. Introduction]
[page: 16]
of ilmenite. Image without an analyzer. Рис. 13. Неправильная пластинка Phl, развивающаяся по зерну Opx, окруженному зернами разрастающегося граната. Центральные части зерен Grt испещрены черными точками (реликты Ilm). В правой части фото видно, как заливообра зное продолжение зерна граната расчленяет крупное зерно ильменита. Фото шл. без анализатора. 326"
17,METASOMATIC AND MAGMATIC PROCESSES IN THE MANTLE LITHOSPHERE OF THE BIREKTE TERRAIN OF THE SIBERIAN CRATON AND THEIR EFFECT ON THE LITHOSPHERE EVOLUTION,2015,en,10.5800/GT-2015-6-3-0184,2648,59,17,"[section: 1. Introduction]
[page: 17]
Geodynamics & Tectonophysics 2015 Volume 6 Issue 3 Pages 311–344 Fig. 14. The photomicrographs of thin section. The garnet porphyroblast has regular crystallographic facets and develops on the orthopyroxene grain in the Phl-Ilm garnetized websterite. А, B – inside garnet, visible are numerous semifaceted pyroxene grains, small roundish grains of ilmenite and a hexagonal platelets of phlogopite. In external zone of the garnet porphyroblast, inclusions of relics of other minerals are lacking. In the rock lar ge grains of ilmenite are irregularly shaped. B – small regular platelets of phlogopite in the garnet porphyroblast. Images (B) and (C) show zoomed-up areas given in image (А). Images without an analyzer. Рис. 14. Порфиробласт граната, имеющий правильную кристаллографическую огранку и развива ющийся по зерну ортопироксена в Phl-Ilm гранатизированном вебстерите. A, B – внутри граната видны многочисленные полуограненные зерна пироксенов, округлые мелкие зерна ильменита и гексаг ональная пластинка флогопита. Во внешней зоне порфиробласта граната включени я реликтов других минералов отсутствуют. Крупные зерна ильменита в породе имеют обычн о неправильную форму и размеры."
17,METASOMATIC AND MAGMATIC PROCESSES IN THE MANTLE LITHOSPHERE OF THE BIREKTE TERRAIN OF THE SIBERIAN CRATON AND THEIR EFFECT ON THE LITHOSPHERE EVOLUTION,2015,en,10.5800/GT-2015-6-3-0184,2649,60,17,"[section: 1. Introduction]
[page: 17]
е порфиробласта граната включени я реликтов других минералов отсутствуют. Крупные зерна ильменита в породе имеют обычн о неправильную форму и размеры. C – мелкие правильные пластинки флог опита в порфиробласте граната. B и C – увеличенные участки (А). Фото шл. без анализатора. 327"
17,METASOMATIC AND MAGMATIC PROCESSES IN THE MANTLE LITHOSPHERE OF THE BIREKTE TERRAIN OF THE SIBERIAN CRATON AND THEIR EFFECT ON THE LITHOSPHERE EVOLUTION,2015,en,10.5800/GT-2015-6-3-0184,2650,61,18,"[section: 1. Introduction]
[page: 18]
L.V. Solov’eva et al.: Metasomatic and magmatic processes in the mantle lithosphere… their formation under conditions of intensive stress, possibly, in the root parts of deep faults. The described petrographic features of the ilmenitephlogopite parageneses in the deep -seated xenoliths from the kimberlites of the Kuoika field are the basis for the following conclusions: 1. The xenolit hs of the Phl - Ilm hyperbasites are pieces of the complex mantle magmatic complex cha - racterised by ubiquitous subsolidus metasomatic pr ocesses. The primary magmatic origin of the series is Fig. 15. The photomicrographs of thin section. Reaction boundaries between garnet and phlogopite in the Phl -Ilm garnetized lherzolite. Grains of both minerals are irregularly shaped and have gulf-like mutual boundaries. Relics of ilmenite and silicates are visible in garnet in images (A) and (B). In central parts of the phlogopite plate, long thin ilmenite lamellae are oriented along cleavage; at the boundary of the plate, they change to larger oval grains (B). Images without an analyzer. Рис. 15. Реакционные границы между гранатом и пластинками флогопита в Phl-Ilm гранатизированном лерцолите."
17,METASOMATIC AND MAGMATIC PROCESSES IN THE MANTLE LITHOSPHERE OF THE BIREKTE TERRAIN OF THE SIBERIAN CRATON AND THEIR EFFECT ON THE LITHOSPHERE EVOLUTION,2015,en,10.5800/GT-2015-6-3-0184,2651,62,18,"[section: 1. Introduction]
[page: 18]
val grains (B). Images without an analyzer. Рис. 15. Реакционные границы между гранатом и пластинками флогопита в Phl-Ilm гранатизированном лерцолите. Формы зерен того и другого минерала неправильные, с заливообразными взаимными вхождениями. В гранате видны округлые реликты ильменита и силикатов ( A, B). В центральных частях пластинок флогопита по спайности ориентированы тонкие дли нные пластинки ильменита, которые сменяются на границе зерна более крупными овальными зернами ( B). Фото шл. без анал изатора. 328"
17,METASOMATIC AND MAGMATIC PROCESSES IN THE MANTLE LITHOSPHERE OF THE BIREKTE TERRAIN OF THE SIBERIAN CRATON AND THEIR EFFECT ON THE LITHOSPHERE EVOLUTION,2015,en,10.5800/GT-2015-6-3-0184,2652,63,19,"[section: 1. Introduction]
[page: 19]
Geodynamics & Tectonophysics 2015 Volume 6 Issue 3 Pages 311–344 confirmed by the magmatic sequence of crystallization of the minerals (olivine – orthopyroxene – clinopyroxene with late phlogopite and ilmenite) and the presence of typical magmatic (euhedral, subhedral, sideronitic and porphyraceous) structures. 2. The intensive substitution of the minerals by phlogopite took place, most probably, at the subsolidus stage during the process of autometasomatism when the early intrusive phases were affected by late melts rich in potassium and volatiles. The complex morph ological relationships between phlogopite and garnet developing at the given stage suggest their simultaneous occurrence with the advance development of either phlogopitization or garnetization in the local areas of the rocks. 3. The next evolution stage of the Phl -Ilm series Fig. 16. The photomicrographs of thin section. Reaction relationships between garnet and phlogopite in the Phl -Ilm garnetized clinopyroxenite. Images (А) and (B) show that the resorbed part of the clinopyroxene crystal and small grains of garnet (possibly, separ ated from a larger grain) are present in the phlogopite plate."
17,METASOMATIC AND MAGMATIC PROCESSES IN THE MANTLE LITHOSPHERE OF THE BIREKTE TERRAIN OF THE SIBERIAN CRATON AND THEIR EFFECT ON THE LITHOSPHERE EVOLUTION,2015,en,10.5800/GT-2015-6-3-0184,2653,64,19,"[section: 1. Introduction]
[page: 19]
resorbed part of the clinopyroxene crystal and small grains of garnet (possibly, separ ated from a larger grain) are present in the phlogopite plate. Boundaries between mica and clinopyroxene and garnet have reaction character. Ima ges (C) and (D) show isometric grains of garnet in phlogopite plate. In this case, it is impossible to unambiguo usly determine either phlogopite developed later than garnet or vice versa. Images: A, C – without an analyzer; B, D – in crossed nicols. Рис. 16. Реакционные взаимоотношения между гранатом и флогопитом в Phl-Ilm гранатизированном клиноп ироксените. (A, B) в пластинке флогопита находятся резорбированная часть кристалла клинопироксена и мелкие зерна граната, возможно, отделенные от более крупного зерна. Границы слюды с клинопироксеном и гранатом имеют реакционный характер. ( C, D) изометричные зерна граната в пластинках флогопита. Разобщенные пластинки флогопита принадлежат единому зерну, о чем св идетельствует их одинаковое погасание. В данном случае нельзя однозначно судить о более позднем развитии флогопита по о тношению к гранату или наоборот. Фото шл.: A, C – без анализатора; B, D – в × николях. 329"
17,METASOMATIC AND MAGMATIC PROCESSES IN THE MANTLE LITHOSPHERE OF THE BIREKTE TERRAIN OF THE SIBERIAN CRATON AND THEIR EFFECT ON THE LITHOSPHERE EVOLUTION,2015,en,10.5800/GT-2015-6-3-0184,2654,65,20,"[section: 1. Introduction]
[page: 20]
L.V. Solov’eva et al.: Metasomatic and magmatic processes in the mantle lithosphere… Fig. 17. The photomicrographs of thin section. Porphyrous phlogopite plates in the garnetless Phl -Ilm websterite. А – the matrix contains small prismatic grains of pyroxenes (mainly orthopyroxene) and oval grains of ilmenite. B and C –regular plates of phlogopite. Thin transparent lamellae of ilmenite are located along cleavage in mice (B). Larger elongated and isometric grains of ilmenite with oval-shaped boundaries tend to be located at the marginal zones of the mica plates (A, B). Images without an analyzer. Рис. 17. Порфировидная структура в безгранатовом Phl-Ilm вебстерите. A – в породе присутствуют мелкие призматические зерна пироксенов (преимущественно ортопироксен) и овальные, изоме тричные зерна ильменита. B и C – правильные вкрапленники флогопита. По спайности в слюде располагаются тонкие просвеч ивающие пластинки ильменита ( B). Более крупные удлиненные и изометричные зерна ильменита с овальными ограничениями тяготеют к краевым зонам пластинок слюды (A, B). Фото шл. без анализатора. 330"
17,METASOMATIC AND MAGMATIC PROCESSES IN THE MANTLE LITHOSPHERE OF THE BIREKTE TERRAIN OF THE SIBERIAN CRATON AND THEIR EFFECT ON THE LITHOSPHERE EVOLUTION,2015,en,10.5800/GT-2015-6-3-0184,2655,66,21,"[section: 1. Introduction]
[page: 21]
Geodynamics & Tectonophysics 2015 Volume 6 Issue 3 Pages 311–344 Fig. 18. The photomicrographs of thin section. Porphyrous texture in the Phl -Ilm olivine websterite. А – regularly-faceted plates of Phl I, flakes of Phl II and an ideally faceted grain of ilmenite are visible. Late serpentine and carbonate are developed in the rock matrix. ( B) The grain of strongly resorbed garnet that is surrounded b y the Phl II reaction rim. In garnet numerous roundish grains of ilmenite are relics of replacing during garnetization. Garnet possibly was caught of the residual high -potassium melt from the earlier intrusive phase. In the rock matrix, irregular grains of ilmenite are resorbed with later processes, including serpentization and carbonitization. Images without an analyzer. Рис. 18. Порфировидная структура в Phl-Ilm оливиновом вебстерите. A – видны правильно ограненные вкрапленники Phl I, пластинки флогопита II (Phl II) и идеально ограненный вкрапленник ильменита. В матрице породы развиты поздние серпентин и карбонат . B – «вкрапленник» сильно резорбированного граната, окруженного реакционной каймой из Phl II."
17,METASOMATIC AND MAGMATIC PROCESSES IN THE MANTLE LITHOSPHERE OF THE BIREKTE TERRAIN OF THE SIBERIAN CRATON AND THEIR EFFECT ON THE LITHOSPHERE EVOLUTION,2015,en,10.5800/GT-2015-6-3-0184,2656,67,21,"[section: 1. Introduction]
[page: 21]
. В матрице породы развиты поздние серпентин и карбонат . B – «вкрапленник» сильно резорбированного граната, окруженного реакционной каймой из Phl II. В гранате видны многочисленные округлые зерна ильменита, являющиеся рели ктами замещения при гранатизации. По-видимому, гранат попал в остаточный высоко-калиевый расплав из более ранней интрузивной фазы. Неправильные зерна ильменита в матрице резорбированы более позд ними процессами (серпентинизация, карбонатизация). Фото шл. без анализатора. 331"
17,METASOMATIC AND MAGMATIC PROCESSES IN THE MANTLE LITHOSPHERE OF THE BIREKTE TERRAIN OF THE SIBERIAN CRATON AND THEIR EFFECT ON THE LITHOSPHERE EVOLUTION,2015,en,10.5800/GT-2015-6-3-0184,2657,68,22,"[section: 1. Introduction]
[page: 22]
L.V. Solov’eva et al.: Metasomatic and magmatic processes in the mantle lithosphere… corresponds to the development of the deformation zones which led to the formation of specific deformed phlogopite-amphibole parageneses with titanian chro - mite and resorbed relics of clinopyroxene and ilmenite. It is most probable than these rocks developed on the rocks of the Phl -Ilm series in the root parts of the deep fault zones. Representative compositions of minerals from two Fig. 19. The photomicrographs of thin section. Oriented thin lamllae of ilmenite in porphyrous phlogopite. Larger oval -shaped ilmenite grains tend to be located at the margins of the phlogopite plates. Images: A – without an analyzer ; B – in crossed nicols. Рис. 19. Ориентированное положение тонких пластинок ильменита в порфировидных вкрапленниках флогопита. К краям вкрапленников тяготеют более крупные овальные зерна ильменита. Фото шл.: A – без анализатора, B – в × николях. 332"
17,METASOMATIC AND MAGMATIC PROCESSES IN THE MANTLE LITHOSPHERE OF THE BIREKTE TERRAIN OF THE SIBERIAN CRATON AND THEIR EFFECT ON THE LITHOSPHERE EVOLUTION,2015,en,10.5800/GT-2015-6-3-0184,2658,69,23,"[section: 1. Introduction]
[page: 23]
Geodynamics & Tectonophysics 2015 Volume 6 Issue 3 Pages 311–344 Fig. 20. The photomicrographs of thin section. Zonal porphyrous plates of phlogopite (Phl I). In images (A) and (C) the marginal zone s are more intensely red and differs by a change in the interference colour ( B, D, E ). In image ( E), it is clearly visible that porphyrous phlogopite plate was deformed after crystallization of the rocks. Image: A, C – without an analyzer; B, D, E – in crossed nicols. Рис. 20. Зональные вкрапленники флогопита (Phl I). На снимках ( A) и ( C), сделанных без анализатора, видна б олее интенсивно-рыжая окраска внешних зон. Внешняя ка йма отличается и по изменению интерференционной окраски (B, D, E). На фото (E) четко видна деформация вкрапленника, происходившая уже после кристаллизации пород. Фото шл. : A, C – без анализатора; B, D, E – в × николях. 333"
17,METASOMATIC AND MAGMATIC PROCESSES IN THE MANTLE LITHOSPHERE OF THE BIREKTE TERRAIN OF THE SIBERIAN CRATON AND THEIR EFFECT ON THE LITHOSPHERE EVOLUTION,2015,en,10.5800/GT-2015-6-3-0184,2659,70,24,"[section: 1. Introduction]
[page: 24]
L.V. Solov’eva et al.: Metasomatic and magmatic processes in the mantle lithosphere… xenoliths of the Mg series with metasomatic phlogopite and amphibole and five xenoliths of the Phl -Ilm series of hyperbasites are given in Table. The main rock - forming minerals in the metasomatically altered xen oliths of the Mg series are not significantly different from the corresponding minerals from xenoliths that do not contain any metasomatic minerals [ Solov’eva et al., 1994]. This observation may indirectly suggest that Fig. 21. The photomicrographs of thin section. General texture of the deformed phlogopite -amphibole rocks. The ragged edges of the phlogopite plates and ilmenite grains are visible. The rocks also contain elongated partially bended crystals of monoclinal amphibole. Images: A without an analyzer; B – in crossed nicols. Рис. 21. Общий вид структуры в деформированных флогопит-амфиболовых породах. Видны совершенно неправильные , с «оборванными» краями пластинки флогопита и зерна ильменита с изъеденными, зазу бренными контурами. Остальное выполнение породы состоит из удлиненных частич но изогнутых кристаллов моноклинного амфибола."
17,METASOMATIC AND MAGMATIC PROCESSES IN THE MANTLE LITHOSPHERE OF THE BIREKTE TERRAIN OF THE SIBERIAN CRATON AND THEIR EFFECT ON THE LITHOSPHERE EVOLUTION,2015,en,10.5800/GT-2015-6-3-0184,2660,71,24,"[section: 1. Introduction]
[page: 24]
менита с изъеденными, зазу бренными контурами. Остальное выполнение породы состоит из удлиненных частич но изогнутых кристаллов моноклинного амфибола. Фото шл.: A – без анализатора; B – в × николях. 334"
17,METASOMATIC AND MAGMATIC PROCESSES IN THE MANTLE LITHOSPHERE OF THE BIREKTE TERRAIN OF THE SIBERIAN CRATON AND THEIR EFFECT ON THE LITHOSPHERE EVOLUTION,2015,en,10.5800/GT-2015-6-3-0184,2661,72,25,"[section: 1. Introduction]
[page: 25]
Geodynamics & Tectonophysics 2015 Volume 6 Issue 3 Pages 311–344 Fig. 22. The photomicrographs of thin section. Monoclinal amphibole rosettes in intergrowths with irregular -shaped grains of phlogopite (A–E). Images (C) and (D ) show a typical torchlike form of phlogopite, bended cleavage of mica and elongated crystals of amphibole. (E) The initially single phlogopite plate was granulated into several small platelets. Images: A, C, E – without an analyzer ; B, D – in crossed nicols. Рис. 22. Розетки моноклинного амфибола в сростках с неправильными зернами флогопита (A–E). На снимках ( C) и (D) вид на характерная факелообразная форма флогопита, а также изгиб спайности слюды и удл иненных кристаллов амфибола. E – изначально единая пл астинка флогоп и т а г р а н у л и р о в а н а н а н е с к о л ь к о б о л е е м елких. Фото шл.: A, C, E – без анализатора; B, D – в × николях. 335"
17,METASOMATIC AND MAGMATIC PROCESSES IN THE MANTLE LITHOSPHERE OF THE BIREKTE TERRAIN OF THE SIBERIAN CRATON AND THEIR EFFECT ON THE LITHOSPHERE EVOLUTION,2015,en,10.5800/GT-2015-6-3-0184,2662,73,26,"[section: 1. Introduction]
[page: 26]
L.V. Solov’eva et al.: Metasomatic and magmatic processes in the mantle lithosphere… the entire magnesian pyroxeniteperidotite series was subject to metasomatic modification, and the process took place with chemical reequilibration of primary and newly-formed minerals. This assumption is su pported by the lack of zonation in the crystals of phlogopite and amphibole. Unlike the corresponding mi - nerals in the PhlIlm series of hyperbasites, the main minerals in the Mg series are characterized by the higher magnesium index (Mg#), considerably lower contents of TiO 2, FeO and higher contents of Cr 2O3 (Table). In diagrams Mg# – TiO2 and Mg# – Cr2O3, meta - somatic phlogopite points from rocks of the Mg series are significantly distant from the field of points of mica from the phlogopite -ilmenite parageneses (Fig. 24 , A, B). The metasomatic phlogopite from rocks of the Mg series contains more chrome oxide, less titanium oxide and have significantly higher contents of magnesium. Within the parageneses of the Phl-Ilm series, the lowest magnesium contents and the highest titanium contents are typical of mica from the deformed phlogopiteamphibole rocks."
17,METASOMATIC AND MAGMATIC PROCESSES IN THE MANTLE LITHOSPHERE OF THE BIREKTE TERRAIN OF THE SIBERIAN CRATON AND THEIR EFFECT ON THE LITHOSPHERE EVOLUTION,2015,en,10.5800/GT-2015-6-3-0184,2663,74,26,"[section: 1. Introduction]
[page: 26]
f the Phl-Ilm series, the lowest magnesium contents and the highest titanium contents are typical of mica from the deformed phlogopiteamphibole rocks. The phlogopite flakes from these rocks have either high or low contents of chrome. In the more intensively coloured marginal rims of the phlogopite plates, especially in the large porphyrious ones, the Mg content is lower, while the content of Fig. 23. The photomicrographs of thin section. Deformation of phlogopite plates. А – general view of the plates in the rock. Images ( B, C, D) show that the phlogopite plates were granulated into blocks of various orient ations, which are separated by the fine -grained mica aggregate. The latter contains a few larger regular -shaped recrystallized platelets. Images in crossed nicols. Рис. 23. Характер деформации пластинок флогопита. A – общий вид пластинок в породе. При более сильном увеличении видно ( B, C, D), как пластинки слюды гранулируются на разноориентированные блоки, разделенные мелкочешуйчатым слюдяным агрегатом. В последнем появляются более крупные правильные перекристаллизованные пластинки Фото шл. в × николях. 336"
17,METASOMATIC AND MAGMATIC PROCESSES IN THE MANTLE LITHOSPHERE OF THE BIREKTE TERRAIN OF THE SIBERIAN CRATON AND THEIR EFFECT ON THE LITHOSPHERE EVOLUTION,2015,en,10.5800/GT-2015-6-3-0184,2664,75,27,"[section: 1. Introduction]
[page: 27]
Geodynamics & Tectonophysics 2015 Volume 6 Issue 3 Pages 311–344 Chemical compositions of minerals in deep-seated xenoliths with phlogopite and phlogopite-amphibole mineralization in the Obnazhennaya kimberlitic pipe Химический состав минералов в глубинных ксенолитах с флогопитовой и флогопит-амфиболовой минерализацией в кимберлитовой трубке Обнаженная Sample 74-817 74-296a 7-365 Mineral Ol Opx Cpx Grt Phl Amph Opx Phl Amph Ol Opx Cpx SiO2 40.39 57.06 54.16 41.97 39.31 47.28 57.24 39.06 46.97 39.83 56.02 54.72 TiO2 0.04 0.19 0.08 0.46 0.59 0.04 0.50 0.42 0.19 0.35 Al2O3 0.93 3.57 22.72 14.89 9.79 1.34 15.05 10.83 0.04 1.24 2.67 Cr2O3 0.14 0.89 1.21 0.69 0.59 0.34 0.90 1.81 0.02 0.22 0.78 FeO 7.38 4.54 2.71 8.23 3.14 3.32 5.25 3.00 3.56 14.58 8.88 5.16 MnO 0.06 0.05 0.08 0.31 0.04 0.04 0.11 0.02 0.08 0.14 0.14 0.12 MgO 51.32 36.75 15.41 21.59 25.31 20.44 36.08 25.20 20.23 45.90 32.32 16.22 CaO 0.22 19.97 4.21 8.91 8.71 0.04 0.82 18.32 Na2O 0.05 3.06 0.02 1.09 5.34 2.00 5.10 0.227 2.42 K2O 9.52 1.21 6.63 0.37 0.020 0.01 NiO 0.45 0.14 0.12 0.05 0.02 0.18 0.08 0.26 SrO 0.16 BaO 0.06 0.76 0.04 2.78 F 0.11 0.05 0.10 0.06 0.07 Cl 0.03 0.03 Total 99.73 100.02 100.07 100.47 95.38 97.65"
17,METASOMATIC AND MAGMATIC PROCESSES IN THE MANTLE LITHOSPHERE OF THE BIREKTE TERRAIN OF THE SIBERIAN CRATON AND THEIR EFFECT ON THE LITHOSPHERE EVOLUTION,2015,en,10.5800/GT-2015-6-3-0184,2665,76,27,"[section: 1. Introduction]
[page: 27]
14 0.12 0.05 0.02 0.18 0.08 0.26 SrO 0.16 BaO 0.06 0.76 0.04 2.78 F 0.11 0.05 0.10 0.06 0.07 Cl 0.03 0.03 Total 99.73 100.02 100.07 100.47 95.38 97.65 100.42 92.70 98.16 100.80 100.08 100.78 Mg# 92.52 93.50 91.02 82.37 93.48 91.65 92.4 93.7 91.0 84.9 86.6 84.9 Sample 7-365 О-42-87 О-22-87 Mineral Grt Phl I Phl II Ilm I Ilm II Cpx Phl Ilm Opx Cpx Phl Ilm SiO2 41.57 39.93 39.70 0.00 0.04 54.26 40.94 0.03 55.602 54.60 42.06 0.00 TiO2 0.64 1.88 2.82 51.06 42.16 0.16 0.90 50.48 0.05 0.31 1.24 50.09 Al2O3 20.79 12.83 12.77 0.88 0.66 0.96 11.53 0.08 0.095 0.94 11.29 0.11 Cr2O3 1.35 0.47 0.51 2.30 2.06 0.67 0.09 0.87 0.063 0.56 0.13 0.83 FeO 12.12 6.14 6.29 33.37 44.15 5.32 6.07 38.20 9.671 5.45 6.04 39.02 MnO 0.41 0.03 0.02 0.18 0.65 0.11 0.02 0.35 0.237 0.13 0.01 0.35 MgO 17.88 22.53 21.34 11.80 5.96 15.82 24.96 10.05 34.053 16.11 24.83 9.74 CaO 5.03 0.04 0.25 20.10 0.01 0.36 20.15 0.02 Na2O 0.09 0.21 0.31 2.496 0.23 0.105 2.17 0.27 K2O 0.01 10.47 10.46 0.01 10.58 10.55 NiO SrO 0.032 0.002 BaO 0.352 0.131 0.134 F 0.162 0.268 0.332 0.418 Cl 0.048 0.011 Total 99.89 94.68 94.86 99.58 95.93 99.90 95.78 100.08 100.24 100.40 96.98 100.16 Mg# 72.4 86.7 85.8 38.6 19.4 84.1 88.0 31.9 86.2 84.1"
17,METASOMATIC AND MAGMATIC PROCESSES IN THE MANTLE LITHOSPHERE OF THE BIREKTE TERRAIN OF THE SIBERIAN CRATON AND THEIR EFFECT ON THE LITHOSPHERE EVOLUTION,2015,en,10.5800/GT-2015-6-3-0184,2666,77,27,"[section: 1. Introduction]
[page: 27]
Cl 0.048 0.011 Total 99.89 94.68 94.86 99.58 95.93 99.90 95.78 100.08 100.24 100.40 96.98 100.16 Mg# 72.4 86.7 85.8 38.6 19.4 84.1 88.0 31.9 86.2 84.1 88.0 30.8 Sample 7-371 Mineral Ol Phlс Phlr Phlr1 Ilm Amph SiO2 38.37 39.99 39.46 38.79 0.07 55.93 TiO2 0.00 1.01 3.02 4.02 52.77 0.16 Al2O3 0.00 13.07 13.17 13.26 0.68 1.06 Cr2O3 0.00 0.49 1.12 0.58 1.83 0.37 FeO 20.42 5.86 6.04 5.91 32.24 2.41 MnO 0.18 0.01 0.02 0.04 0.25 0.05 MgO 41.78 22.67 22.05 21.46 11.97 22.60 CaO 0.05 0.03 6.73 Na2O 0.80 0.37 0.32 5.56 K2O 9.65 9.40 10.47 3.14 NiO 0.072 SrO 0.015 0.023 0.03 BaO 0.129 0.064 0.065 0.05 337"
17,METASOMATIC AND MAGMATIC PROCESSES IN THE MANTLE LITHOSPHERE OF THE BIREKTE TERRAIN OF THE SIBERIAN CRATON AND THEIR EFFECT ON THE LITHOSPHERE EVOLUTION,2015,en,10.5800/GT-2015-6-3-0184,2667,78,28,"[section: 1. Introduction]
[page: 28]
L.V. Solov’eva et al.: Metasomatic and magmatic processes in the mantle lithosphere… titanium is higher as compared to those in the central parts (Fig. 24). A possible cause might be that exsolution textures of ilmenite precipitated in the centre of phlogopite grains, and this process was accompanied by depletion by titanium oxide and ferrum oxide. At the margins of the large phlogopite plates, ilmenite exso - lution lamellae are lacking and changed by larger is ometric grains. This suggests that the main portion of ilmenite precipitated from the melt at the latest stages of crystallization simultaneously with the growth of the late rims on phlogopite and of small mica flakes of the second generation. End of Table Окончание таблицы Sample 7-371 Mineral Ol Phlс Phlr Phlr1 Ilm Amph F 0.321 0.173 0.236 0.33 Cl 0.015 0.013 0.016 Total 100.87 94.02 94.93 95.14 99.84 98.41 Mg# 78.5 87.3 86.7 86.6 39.8 94.3 Not e. Mg series: sample 74-817 – Grt olivine websterite with Phl -Amph metasomatic veinlets; sample 74-296a – megacrystalline Grt orthopyroxenite with metasomatic Phl–Amph mineralization."
17,METASOMATIC AND MAGMATIC PROCESSES IN THE MANTLE LITHOSPHERE OF THE BIREKTE TERRAIN OF THE SIBERIAN CRATON AND THEIR EFFECT ON THE LITHOSPHERE EVOLUTION,2015,en,10.5800/GT-2015-6-3-0184,2668,79,28,"[section: 1. Introduction]
[page: 28]
olivine websterite with Phl -Amph metasomatic veinlets; sample 74-296a – megacrystalline Grt orthopyroxenite with metasomatic Phl–Amph mineralization. Series of Phl -Ilm hyperbasites: sample 7 -365 – Phl-Ilm garnetized lherzolite; sample O-42/87 – porphirous Phl-Ilm websterite; sample О-22/87 – porphirous Phl-Ilm olivine websterite; sample 7 -371 – deformed PhlAmph rocks with accessory Ti-chromite and relict Ilm. Примечани е. Mg серия: обр. 74-817 – Grt оливиновый вебстерит с метасоматическими прожилками Phl и Amph; обр. 74-296a – мегакристаллический Grt ортопироксенит с метасоматической Phl – Amph минерализацией. Серия Phl-Ilm гипербазитов: обр. 7365 – Phl-Ilm гранатизированный лерцолит; обр. O-42/87 – порфировидный Phl-Ilm вебстерит; обр. О-22/87 – порфировидный PhlIlm оливиновый вебстерит; обр. 7-371 – деформированная Phl-Amph порода с акцессорным Ti-хромитом и с реликтовым Ilm. Fig. 24. Mg# vs. TiO2 and Mg# vs. Cr2O3 in phlogopites from rocks of the Mg pyroxenite-peridotite and Phl-Ilm series."
17,METASOMATIC AND MAGMATIC PROCESSES IN THE MANTLE LITHOSPHERE OF THE BIREKTE TERRAIN OF THE SIBERIAN CRATON AND THEIR EFFECT ON THE LITHOSPHERE EVOLUTION,2015,en,10.5800/GT-2015-6-3-0184,2669,80,28,"[section: 1. Introduction]
[page: 28]
Ti-хромитом и с реликтовым Ilm. Fig. 24. Mg# vs. TiO2 and Mg# vs. Cr2O3 in phlogopites from rocks of the Mg pyroxenite-peridotite and Phl-Ilm series. 1 – metasomatic phlogopite from the rocks of the Mg series; 2 – phlogopite from garnetless and garnetized Phl -Ilm hyperbasites; 3 – phlogopite from porphyrous garnetless Phl -Ilm hyperbasites; 4 – phlogopite from deformed phlogopite -amphibole rocks with newly - formed chromite. Arrow tips refer to compositions of phlogopite from the marginal zones of porphyrous plates or from smaller p latelets in the matrix (solid symbols). Рис. 24. Соотношение Mg# - TiO2 и Mg# - Cr2O3 во флогопите из пород Mg пироксенит-перидотитовой и Phl-Ilm серий. 1 – метасоматический флогопит из пород Mg серии; 2 – флогопит из безгранатовых и гранатовых Phl-Ilm гипербазитов; 3 – флогопит из порфировидных безгранатовых Phl-Ilm гипербазитов; 4 – флогопит из деформированных флогопит -амфиболовых пород с новообразованным хромитом и реликтовыми ильменитом, клинопироксеном. Окончание стрелок означает состав флог опита из краевых зон порфировидных выделений флогопита или из мелких пластинок в матрице (залитые значки). 338"
17,METASOMATIC AND MAGMATIC PROCESSES IN THE MANTLE LITHOSPHERE OF THE BIREKTE TERRAIN OF THE SIBERIAN CRATON AND THEIR EFFECT ON THE LITHOSPHERE EVOLUTION,2015,en,10.5800/GT-2015-6-3-0184,2670,81,29,"[section: 1. Introduction]
[page: 29]
Geodynamics & Tectonophysics 2015 Volume 6 Issue 3 Pages 311–344 By its chemical composition, amphibole represented by typical pargasite in the PhlAmph metasomatites of the Mg series (Table) [Ukhanov et al., 1988]) is obviously different from K -richterite from the deformed phlo - gopite-amphibole rocks. The latter has significantly larger contents of SiO 2 and K2O and several-fold lower contents of Cr2O3 and Al2O3. Ilmenites from the Phl -Ilm parageneses of all the three groups have high contents of MgO (9.7 –12 %), except the late micrograin in the cavern in the garnet grain (6 %). All the ilmenites listed in Table 1 differ from ilmenites of the ultrabasic diamond par agenesis with the lower content of TiO 2 [Patrin et al., 2004]. The micrograin from the cavern in the garnet grain contains more MnO and less TiO2 as compared to other analysed ilmenites. Considering the content of the main oxides, the relict resorbed ilmenite from the deformed phlogopite-amphibole rocks (7 -371) is similar to Ilm I from the garnetized Phl-Ilm lherzolite (7-365)."
17,METASOMATIC AND MAGMATIC PROCESSES IN THE MANTLE LITHOSPHERE OF THE BIREKTE TERRAIN OF THE SIBERIAN CRATON AND THEIR EFFECT ON THE LITHOSPHERE EVOLUTION,2015,en,10.5800/GT-2015-6-3-0184,2671,82,29,"[section: 1. Introduction]
[page: 29]
the relict resorbed ilmenite from the deformed phlogopite-amphibole rocks (7 -371) is similar to Ilm I from the garnetized Phl-Ilm lherzolite (7-365). Ilmenite from garnetless Phl-Ilm websterites (О-42/87 and О-22/87) contains significantly less Cr 2O3 and more FeO as co mpared to ilmenite from the garnetized Phl-Ilm lherzolite (7-365). Due to high contents of phlogopite and ilme - nite and higher contents of Fe in silicates, the Phl -Ilm hyperbasites from the pipes of the Kuoika field belong to high -potassium, titanian and ferrous basit es-ultrabasites. 4. 40AR/39AR DATING OF MICA Results of 40Ar/39Ar dating for mica from the phlo gopite-containing xenoliths of the Mg pyroxenite -peridotite and Phl -Ilm series are given in Fig. 25. Ac - cording to the 40Ar/39Ar method, ages of phlogopites from the metasomatic inclusions and veins in the garnet olivine websterite (74 -817) range from ~1640 to 1800 Ma. Mica from the garnetless Phl -Ilm parageneses ( О-22/87 and О-42/87) has similar ages for high-temperature stages (~869 and 851 Ma, respectively) (Fig. 25)."
17,METASOMATIC AND MAGMATIC PROCESSES IN THE MANTLE LITHOSPHERE OF THE BIREKTE TERRAIN OF THE SIBERIAN CRATON AND THEIR EFFECT ON THE LITHOSPHERE EVOLUTION,2015,en,10.5800/GT-2015-6-3-0184,2672,83,29,"[section: 1. Introduction]
[page: 29]
rom the garnetless Phl -Ilm parageneses ( О-22/87 and О-42/87) has similar ages for high-temperature stages (~869 and 851 Ma, respectively) (Fig. 25). Phlogopite from the garnetized Phl-Ilm lherzolites (12/7 and 7 -365) has significantly younger ages, ~608 and 495 Ma, respectively. Mica from the deformed phlogopite -amphibole rocks Sl -3 has an approximate age of 167 Ma, which is close to the age of kimberlites of the Kuoika field [Howarth et al., 2014]."
17,METASOMATIC AND MAGMATIC PROCESSES IN THE MANTLE LITHOSPHERE OF THE BIREKTE TERRAIN OF THE SIBERIAN CRATON AND THEIR EFFECT ON THE LITHOSPHERE EVOLUTION,2015,en,10.5800/GT-2015-6-3-0184,2673,84,29,"[section: 5. Discussion]
[page: 29]
5. DISCUSSION AND RESULTS The age determinations for mica confirm the co nclusion based on the data on petrography, mineralogy and chemistry of the mineral s: the phlogopite and phlogopite-amphibole parageneses of the Mg pyrox enite-peridotite and the Phl-Ilm basite-ultrabasite series are represented by two discrete mantle rock associ ations in the mantle lithosphere of the Birekte terrain. Xenoliths with the combined presence of minerals of both series are lacking. The specific features, such as the cumulative type of banding, high temperatures (1250 –1500 °С) of the start of crystallization of exsolution megacrystals of pyroxenes, the presence of deformed globu les of su lphides and others, give grounds to consider the Mg p yroxenite-peridotite series as the layered intrusion in the mantle [Ukhanov et al., 1988; Solov ’eva et al., 1994 ]. The average chemical composition of the rocks in this series is close to t hat of the Al -undepleted komatiites [Solov’eva et al., 1994 ]."
17,METASOMATIC AND MAGMATIC PROCESSES IN THE MANTLE LITHOSPHERE OF THE BIREKTE TERRAIN OF THE SIBERIAN CRATON AND THEIR EFFECT ON THE LITHOSPHERE EVOLUTION,2015,en,10.5800/GT-2015-6-3-0184,2674,85,29,"[section: 5. Discussion]
[page: 29]
l., 1994 ]. The average chemical composition of the rocks in this series is close to t hat of the Al -undepleted komatiites [Solov’eva et al., 1994 ]. For four crystals of zircon from kimberlites of the Rubin pipe (Kuoika filed), ages d etermined by the SHRIMP method fall into two groups, 1.8–2.1 (~1.95 Ga in average) and 2.3 –2.6 Ga (~2.4 Ga in average) [Nasdala et al ., 2014]. In the opinion of the authors, the above -mentioned ranges reflect the main evolution stages of the crust in the Birekte block. The average most ancient age (~2.4 Ga) is actually similar to the formation time of the Birekte terrain (~2.4 Ga), according to [ Rosen, 2003]. In the first approximation, this age can be viewed as the formation time of the layered magmatic Mg series in the mantle. The average age of 1.9 Ga corresponds, according to [ Rosen, 2003], to the accretion ti me of the Birekte terrain to the Sib erian craton (~1.8 –1.9 Ga). The estimated 40Ar/39Ar age of metasomatic phlogopite from the xenolith in the Mg series (~1.64 –1.8 Ga) is close to the latest event. The lower age of mica may be due to a partial loss of 40Ar."
17,METASOMATIC AND MAGMATIC PROCESSES IN THE MANTLE LITHOSPHERE OF THE BIREKTE TERRAIN OF THE SIBERIAN CRATON AND THEIR EFFECT ON THE LITHOSPHERE EVOLUTION,2015,en,10.5800/GT-2015-6-3-0184,2675,86,29,"[section: 5. Discussion]
[page: 29]
hlogopite from the xenolith in the Mg series (~1.64 –1.8 Ga) is close to the latest event. The lower age of mica may be due to a partial loss of 40Ar. The rocks of the Mg series from the Obnazhenn aya pipe have another particular feature: values of δ18O in garnets and clinopyroxenes from peridotites, we bsterites and garnet clinopyroxenites have a consider able admixture of subduction oxygen (Fig. 26 [ Taylor et al., 2003, 2005 ]). It can thus be assumed that at some stage, the mantle lithosphere substance under the B irekte block was subject to fluid -melt metasomatism in the subduction zone. According to [ Pernet-Fisher et al ., 2015], radiogenic osmium was supplied into the mantle lithosphere of the Birekte block by sulphur -rich fluids from the subduction zone between 1.7 and 2.2 Ga, and this period correlates with the age of phlogopite from the phlogopite -amphibole metasomatites (1.64 –1.8 Ga). As noted in t he petrographic description, the phlogopite-amphibole veinlets have a typical magmatic euhedral texture, i.e. they might have crystallised from the melts."
17,METASOMATIC AND MAGMATIC PROCESSES IN THE MANTLE LITHOSPHERE OF THE BIREKTE TERRAIN OF THE SIBERIAN CRATON AND THEIR EFFECT ON THE LITHOSPHERE EVOLUTION,2015,en,10.5800/GT-2015-6-3-0184,2676,87,29,"[section: 5. Discussion]
[page: 29]
etrographic description, the phlogopite-amphibole veinlets have a typical magmatic euhedral texture, i.e. they might have crystallised from the melts. Based on the reviewed data, it can be su ggested that in the mantle lithosphere of the Birekte terrain, phlogopite-amphibole metasomatism of the rocks of the magnesian pyroxenite -peridotite series was r esulted by fluids -melts ascending from the subduction zone. This assumption does not contradict to the data on the mantle pyroxenites containing graphite and the lower-crust metabasite granulites from the kimberlitic 339"
17,METASOMATIC AND MAGMATIC PROCESSES IN THE MANTLE LITHOSPHERE OF THE BIREKTE TERRAIN OF THE SIBERIAN CRATON AND THEIR EFFECT ON THE LITHOSPHERE EVOLUTION,2015,en,10.5800/GT-2015-6-3-0184,2677,88,30,"[section: 5. Discussion]
[page: 30]
L.V. Solov’eva et al.: Metasomatic and magmatic processes in the mantle lithosphere… pipes of the Kuoika field. In the deep -seated xenoliths from the Obnazhennaya and Slyudyanka kimberlitic pipes, graphite-bearing orthopyroxenites and websterites are found, which are viewed as crystal cumulative rocks in boninite dykes with the biogenic matter added under island-arc conditions, as suggested by studies of oxygen and sulphur isotopes and bulk rock ge ochemistry [Solov’eva et al., 2010]. By their geochemical characteristics, the xenoliths of basite granulites from the pipes of the Kuoika field (which are representing the lower crust in the Birekte terrain) are determined as result of fractional crystall ization of the island -arc low-potassium tholeiites [Solov’eva et al., 2004]. Therefore, it can be assumed that the accretion of the Birekte microcontinent/terrain to the Siberian craton, being a larger continental block, took place about 1.8 Ga ago in the subduction zone. The Phl–Ilm parageneses of the xenoliths represent the differentiated magmatic series with ubiquitous processes of subsolidus garnetization and automet asomatic phlogopitization."
17,METASOMATIC AND MAGMATIC PROCESSES IN THE MANTLE LITHOSPHERE OF THE BIREKTE TERRAIN OF THE SIBERIAN CRATON AND THEIR EFFECT ON THE LITHOSPHERE EVOLUTION,2015,en,10.5800/GT-2015-6-3-0184,2678,89,30,"[section: 5. Discussion]
[page: 30]
he xenoliths represent the differentiated magmatic series with ubiquitous processes of subsolidus garnetization and automet asomatic phlogopitization. According to results of the whole-rock chemical analyses, the rocks of this series Fig. 25. Ages of phlogopite (according to the 40Ar/39Ar method) in xenoliths of the Mg pyroxenite -peridotite series (sample 74-817) and the PhlIlm series (sample О-22/87 and О-42/87 – garnetless Phl-Ilm hyperbasites; 12-7 and 7-365 – intensive garnetized Phl-Ilm lherzolites; sample Sl -3 – deformed Phl-Amph rock). Mineral compositions of samples 74 -817, О-22/87, О-42/87 and 7-365 are given in Table. Рис. 25. Возраст флогопитов , полученный методом 40Ar/39Ar датирования в ксенолитах Mg пироксенит-перидотитовой серии (обр. 74 -817) и PhlIlm серии (обр. О -22/87, О -42/87 – безгранатовые Phl-Ilm гипербазиты; 12 -7 и 7-365 – интенсивно гранатизированные Phl-Ilm лерцолиты; обр. Сл-3 – деформированная Phl-Amph порода). Состав минералов из образцов 74-817, О-22/87, О-42/87, 7-365 приведен в таблице. 340"
17,METASOMATIC AND MAGMATIC PROCESSES IN THE MANTLE LITHOSPHERE OF THE BIREKTE TERRAIN OF THE SIBERIAN CRATON AND THEIR EFFECT ON THE LITHOSPHERE EVOLUTION,2015,en,10.5800/GT-2015-6-3-0184,2679,90,31,"[section: 5. Discussion]
[page: 31]
Geodynamics & Tectonophysics 2015 Volume 6 Issue 3 Pages 311–344 can be classified as high -potassium basites and ultr abasites. The most ancient ages of phlogopites in this series (869 and 851 Ma) belong to the Upper Proter ozoic and are close to the early age of the alkali - ultrabasic carbonatite Tomtor pluton-volcano (800 Ma, [Entin et al ., 1990]). The younger ages of phlogopite in the garnetized parageneses (608 and 495 Ma, samples 12-7 and 7/365) may be related to the loss of radiogenic 40Ar due to its substitution by garnet. During this process, H2O, K, Ba, F and Cl were supplied into the u pper layers of the crust and mantle. The age of phlog opite in xenolith Sl -307 (167 Ma), which is close to the age of the kimberlites of the Kuoik a field, may reflect the influence of the kimberlitic melt. In this context, the entire complex series of the Phl - Ilm parageneses from the xenoliths in kimberlites of the Kuoika field can be considered as the high -potassium mantle rocks being deep sources of high -potassium magmatites on the surface."
17,METASOMATIC AND MAGMATIC PROCESSES IN THE MANTLE LITHOSPHERE OF THE BIREKTE TERRAIN OF THE SIBERIAN CRATON AND THEIR EFFECT ON THE LITHOSPHERE EVOLUTION,2015,en,10.5800/GT-2015-6-3-0184,2680,91,31,"[section: 5. Discussion]
[page: 31]
kimberlites of the Kuoika field can be considered as the high -potassium mantle rocks being deep sources of high -potassium magmatites on the surface. The latter may include the complex long -term alkali ultrabasic -carbonatite Tomtor pluton -volcano as well as the series of dykes and sub -effusive K -basites and lamproites [ Shpunt, Shamshina, 1989; Kiselev et al ., 2012]. Besides, it is not improbable that the intensively deformed phlogopiteamphibole rocks, that mark the deep weakened zones in the mantle lithosphere, guided the alkali potassium magma to the surface. According to [ Li et al ., 2008], the formation of Rodinia to its maximum size took place between 1000 and 900 Ma, and the first major episode of its breakup due to the plume impact o ccurred 825 Ma ago. Although the ages of phlogopite from the Phl -Ilm websterites (869 and 8 51 Ma) are by 45, 25 Ma larger than the initial stage of Rodinia breakup according to [Li et al., 2008], it can be assumed that the formation of the high -potassium, titanian and ferrous magmatites in the mantle took place in advance of their occurrence on the surface."
17,METASOMATIC AND MAGMATIC PROCESSES IN THE MANTLE LITHOSPHERE OF THE BIREKTE TERRAIN OF THE SIBERIAN CRATON AND THEIR EFFECT ON THE LITHOSPHERE EVOLUTION,2015,en,10.5800/GT-2015-6-3-0184,2681,92,31,"[section: 5. Discussion]
[page: 31]
med that the formation of the high -potassium, titanian and ferrous magmatites in the mantle took place in advance of their occurrence on the surface. In the Siberian c raton, the Rodinia breakup was accompanied by magm atism due to the impact of the Upper Proterozoic plume [Li et al., 2008]. Thus, the Phl-Amph metasomatites developed in the mantle lithosphere of the Birekte block on the rocks of the early magmatic Mg pyroxenite-peridotite series are markers of the stage related to the accretion of this block to the Siberian craton (~1.8 –1.9 Ga). In the mantle lithosphere of the Birekte terrain, the magmatic s eries of the Phl -Ilm hyperbasites occurred much later (~869–851 M a) corresponding to the start of Rodinia Fig. 26. Cr2O3 vs. 18O and Al 2O3 vs. 18O in garnet from peridotites and pyroxenites of the Mg series, from Phl -Ilm lherzolite (Obnazhennaya pipe) and coarse -grained and deformed peridotites and megacrysts (Udachnaya pipe). The range of mantle values for garnet is shown by the blue strip. Рис. 26."
17,METASOMATIC AND MAGMATIC PROCESSES IN THE MANTLE LITHOSPHERE OF THE BIREKTE TERRAIN OF THE SIBERIAN CRATON AND THEIR EFFECT ON THE LITHOSPHERE EVOLUTION,2015,en,10.5800/GT-2015-6-3-0184,2682,93,31,"[section: 5. Discussion]
[page: 31]
d coarse -grained and deformed peridotites and megacrysts (Udachnaya pipe). The range of mantle values for garnet is shown by the blue strip. Рис. 26. Соотношение Cr2O3 – 18O и Al2O3 – 18O в гранате из перидотитов и пироксенитов Mg серии, из Phl-Ilm лерцолита (трубка Обнаженная) и из зернистых, деформированных перидотитов и мегакристов трубки Удачная. Голубая полоса – диапазон мантийных значений для граната. 341"
17,METASOMATIC AND MAGMATIC PROCESSES IN THE MANTLE LITHOSPHERE OF THE BIREKTE TERRAIN OF THE SIBERIAN CRATON AND THEIR EFFECT ON THE LITHOSPHERE EVOLUTION,2015,en,10.5800/GT-2015-6-3-0184,2683,94,32,"[section: 5. Discussion]
[page: 32]
L.V. Solov’eva et al.: Metasomatic and magmatic processes in the mantle lithosphere… breakup [ Li et al ., 2008]. The deformed phlogopiteamphibole rocks were formed as metasomatites of the deep fault zones drained the upper mantle. 6. MAIN CONCLUSIONS 1. The petrographic, chemical and geochemical features of discussed phlogopite and phlogopite -amphibole xenoliths from the kimberlitic pipes of the Kuoika field (i.e. the north -eastern part of the Siberian craton) are evidence of different stages in the evolution of the mantle lithosphere of the Birekte terrain. 2. The Phl -Amph metasomatites develop on the rocks of the complex Mg pyroxenite-peridotite series of the xenoliths, belonging to the ancient layered mantle intrusion. In the rocks of this series, the Phl -Amph metasomatism gave geochemical features of the su bduction zone and marked the stage related to the accretion of the Birekte continental block to the Siberian craton (~1.8–1.9 Ga). 3. The complex series of the Phl -Ilm rocks taken out by kimberlites of the Kuoika field in the form of xen oliths is the later series as compared to the Mg pyrox enite-peridotite series and the Phl-Amph metasomatites."
17,METASOMATIC AND MAGMATIC PROCESSES IN THE MANTLE LITHOSPHERE OF THE BIREKTE TERRAIN OF THE SIBERIAN CRATON AND THEIR EFFECT ON THE LITHOSPHERE EVOLUTION,2015,en,10.5800/GT-2015-6-3-0184,2684,95,32,"[section: 5. Discussion]
[page: 32]
of the Kuoika field in the form of xen oliths is the later series as compared to the Mg pyrox enite-peridotite series and the Phl-Amph metasomatites. The Phl -Ilm hyperbasites can be classified as typical mantle potassium ultrabasicbasic magmatites. The deformed phlogopite -amphibole rocks are typ ical me - tasomatic rocks of the deep faults; they formed at the expense of the earlier Phl -Ilm rocks. The outset of the formation of the magmatic series of the Phl -Ilm hyperbasites in the mantle lithosphere of the Birekte terrain (~869–851 Ma) corresponds t o the start of Rodinia breakup [ Li et al ., 2008]. The high -potassium, titanian and ferrous rocks of this series were the feeding mantle sources for potassium ultrabasic and basic magmatism in the Upper Proterozoic and the Lower Cambrian in the northern part of the Siberian platform. 7."
36,"НОВЫЙ КАРБОНАТИТОВЫЙ КОМПЛЕКС В ЗАПАДНОМ ПРИБАЙКАЛЬЕ (ЮГ СИБИРСКОГО КРАТОНА) МИНЕРАЛЬНЫЙ СОСТАВ, ВОЗРАСТ, ГЕОХИМИЯ И ПЕТРОГЕНЕЗИС",2016,ru,10.7868/S0869590316030067,3518,0,1,"[section: Metadata]
[page: 1]
ПЕТРОЛОГИЯ, 2016, том 24, № 3, с. 292–324 292"
36,"НОВЫЙ КАРБОНАТИТОВЫЙ КОМПЛЕКС В ЗАПАДНОМ ПРИБАЙКАЛЬЕ (ЮГ СИБИРСКОГО КРАТОНА) МИНЕРАЛЬНЫЙ СОСТАВ, ВОЗРАСТ, ГЕОХИМИЯ И ПЕТРОГЕНЕЗИС",2016,ru,10.7868/S0869590316030067,3519,1,1,"[section: Введение]
[page: 1]
ВВЕДЕНИЕ Карбонатиты являются наиболее интересныФ ми с точки зрения геохимии и генезиса производФ ными мантийного магматизма, которые, кроме того, имеют важное экономическое значение, поФ скольку с ними связаны крупные ресурсы тантаФ ла, ниобия, редких земель, запасы железных руд, титана, фосфора, меди и др. В целом будучи приФ урочены к рифтогенным структурам, карбонатиФ ты генетически могут быть связаны с щелочными породами как натриевой, так и калиевой специФ фики и формироваться в значительном диапазоне глубинности, что обусловливает широкое разноФ образие морфологии карбонатитовых тел, осоФ бенности их минерального состава и геохимии."
36,"НОВЫЙ КАРБОНАТИТОВЫЙ КОМПЛЕКС В ЗАПАДНОМ ПРИБАЙКАЛЬЕ (ЮГ СИБИРСКОГО КРАТОНА) МИНЕРАЛЬНЫЙ СОСТАВ, ВОЗРАСТ, ГЕОХИМИЯ И ПЕТРОГЕНЕЗИС",2016,ru,10.7868/S0869590316030067,3520,2,1,"[section: Введение]
[page: 1]
На территории Сибирской платформы в настояФ щее время выявлено около 50 массивов карбонаФ титов, располагающихся главным образом по пеФ риферии платформы и имеющих возраст от поздФ него рифея до позднего мезозоя (Коваленко и др., 2002). В основном это массивы центрального тиФ па, в значительно меньшей мере представлены линейные комплексы карбонатитов (Фролов ид р . , 2 0 0 5 ) . Представления о полиформационности карФ бонатитов получили широкое развитие начиная с конца 70Фх годов прошлого столетия (Ю.А. БагдаФ саров, А.В. Лапин, А.И. Г инзбург , В.С."
36,"НОВЫЙ КАРБОНАТИТОВЫЙ КОМПЛЕКС В ЗАПАДНОМ ПРИБАЙКАЛЬЕ (ЮГ СИБИРСКОГО КРАТОНА) МИНЕРАЛЬНЫЙ СОСТАВ, ВОЗРАСТ, ГЕОХИМИЯ И ПЕТРОГЕНЕЗИС",2016,ru,10.7868/S0869590316030067,3521,3,1,"[section: Введение]
[page: 1]
Самойлов и др.), но в 60–70 годы преобладала точка зрения о непременной генетической связи карбонатитов с щелочноФультраосновными массивами ценФ трального типа (Г инзбург , Эпштейн, 1968).

В сеФ редине 60Фх годов ХХ в. геологами Иркутского геологического управления в Западном ПрибайФ калье в южной части Байкальского краевого выФ ступа фундамента Сибирской платформы были выявлены геохимические аномалии Nb, Th и РЗЭ предположительно гидротермальноФметасоматиФ ческого генезиса, приуроченные к зонам дроблеФ ния и милонитизации в метаморфических пороФ дах и гранитах раннего протерозоя, и установлено широкое развитие на данной площади щелочных метасоматитов.

Наши исследования показали, что эти аномалии связаны с карбонатитами, сходФ ными по геологическим условиям проявления с НОВЫЙ КАРБОНАТИТОВЫЙ КОМПЛЕКС В ЗАПАДНОМ ПРИБАЙКАЛЬЕ (ЮГ СИБИРСКОГО КРАТОНА): МИНЕРАЛЬНЫЙ СОСТАВ, ВОЗРАСТ, ГЕОХИМИЯ И ПЕТРОГЕНЕЗИС © 2016 г. В. Б. Савельева*, Е. И. Демонтерова*, Ю. В. Данилова*, Е. П. Базарова*, А. В. Иванов*, В. С. Каменецкий** *Инcтитут земной коры СО РАН ул. Лермонтова, 128, Иркутск, 664033, Россия; eдmail: vsavel@crust.irk.ru **School of Earth Sciences, University of Tasmania, Hobart, Australia Поступила в редакцию14.07.2015 г . Получена после доработки 12.08.2015 г .

На территории Байкальского выступа Сибирского кратона (Западное Прибайкалье) выделен новый дайковоФжильный комплекс калиевого типа щелочности, включающий кальцитовые и доломитФанФ керитовые карбонатиты, силикокарбонатиты, флогопитовые метапикриты и фоскориты. Наиболее достоверное значение возраста получено 40ArФ39Ar методом по магнезиорибекиту из щелочного меФ тасоматита на контакте с карбонатитами, пока завшему статистически значимый возраст плато 1017.4 ± 3.2 млн лет."
36,"НОВЫЙ КАРБОНАТИТОВЫЙ КОМПЛЕКС В ЗАПАДНОМ ПРИБАЙКАЛЬЕ (ЮГ СИБИРСКОГО КРАТОНА) МИНЕРАЛЬНЫЙ СОСТАВ, ВОЗРАСТ, ГЕОХИМИЯ И ПЕТРОГЕНЕЗИС",2016,ru,10.7868/S0869590316030067,3522,4,1,"[section: Введение]
[page: 1]
Для карбонатитов характерны повышенные содержания SiO 2, обогащенность калием (отношение K2O/Na2O в кальцитовых карбонатитах в среднем 21, в доломитФанкеритовых 2.5), высокие содержания TiО2, Р2О5 (до 9 мас. %), РЗЭ (до 3300 г/т), Nb (до 400 г/т), Zr (до 800 г/т), Fe, Cr, V , Ni и Co при умеренных содержаниях Sr. И метапикриты, и карбонатиты обогащены отноФ сительно мантийного уровня в сотни раз и более Ta, Nb, K, LREE, Th, U, в десятки раз – Rb, Ba, Zr, Hf, Ti.

Высокие отношения (Gd/Yb) CN в метапикритах (4.5–11) и карбонатитах (4.5–17) свидетельФ ствуют об остаточном гранате в источнике, высокие отношения K2O/Na2O в метапикритах (9–15) и карбонатитах отражают присутствие в источнике флогопита. По изотопным отношениям неодима мантийный источник карбонатитов характеризовался умеренно деплетированными значениями, подобными среднему источнику OIB. Предполагается, что образование карбонатитов разного миФ нерального состава связано с кристаллизационно й дифференциацией феррокарбонатитового расФ плава, обособившегося от ультраосновного щелочного расплава. DOI: 10.7868/S0869590316030067 УДК 550.4(571.53)"
36,"НОВЫЙ КАРБОНАТИТОВЫЙ КОМПЛЕКС В ЗАПАДНОМ ПРИБАЙКАЛЬЕ (ЮГ СИБИРСКОГО КРАТОНА) МИНЕРАЛЬНЫЙ СОСТАВ, ВОЗРАСТ, ГЕОХИМИЯ И ПЕТРОГЕНЕЗИС",2016,ru,10.7868/S0869590316030067,3523,5,2,"[section: Введение]
[page: 2]
ПЕТРОЛОГИЯ том 24 № 3 2016 НОВЫЙ КАРБОНАТИТОВЫЙ КОМПЛЕКС В ЗАПАДНОМ ПРИБАЙКАЛЬЕ 293 карбонатитами линейноФтрещинного типа (СавеФ льева и др., 2014). Характерными особенностями таких карбонатитов являются их приуроченность к линейноФориентированным разломам фундаФ мента и отсутствие или слабое развитие интруФ зивных щелочноФультраосновных пород (ВрубФ левский и др., 2003; Недосекова и др., 2009; Ray et al., 2013). На территории Западного Прибайкалья выявФ лены кальцитовые и доломитФанкеритовые карФ бонатиты, а также пространственно ассоциируюФ щиеся с ними дайки ультраосновных пород повыФ шенной щелочности."
36,"НОВЫЙ КАРБОНАТИТОВЫЙ КОМПЛЕКС В ЗАПАДНОМ ПРИБАЙКАЛЬЕ (ЮГ СИБИРСКОГО КРАТОНА) МИНЕРАЛЬНЫЙ СОСТАВ, ВОЗРАСТ, ГЕОХИМИЯ И ПЕТРОГЕНЕЗИС",2016,ru,10.7868/S0869590316030067,3524,6,2,"[section: Введение]
[page: 2]
Целью настоящей работы является детальная характеристика минерального состава, геохимии дайковоФжильного комплекса и обоснование его возраста. ГЕОЛОГИЧЕСКАЯ ПОЗИЦИЯ На схеме тектонического районирования южФ ной окраины Сибирского кратона (Эволюция…, 2006) рассматриваемая территория относится к раннепротерозойскому Сарминскому террейну (югоФзападная часть БайкалоФПатомского краеФ вого поднятия (рис. 1а, 1б). На североФзападе обФ разования террейна перекрываются неопротероФ зойскими отложениями байкальской серии, на югоФвостоке они коллизионным швом отделены от ольхонского метаморфического комплекса Pz 1 СаяноФБайкальской складчатой области.

Сарминский террейн сложен вулканогенноФ осадочными образованиями сарминской серии PR 1, метаморфизованными в условиях от зеленоФ сланцевой до амфиболитовой фации умеренных давлений. Он представляет собой фрагмент краеФ вой зоны протоконтинента, испытавший на рубеФ же 2.7–3.0 млрд лет начало рифтогенеза, сменивФ шееся к рубежу 2.5–2.6 млрд лет режимом пассивФ ной континентальной окраины (Федоровский, 1985).

Породы сарминской серии интрудированы синметаморфическими гранитами кочериковФ ского комплекса, прецизионные датировки для которых отсутствуют, и постколлизионными граФ нитами приморского комплекса с возрастом 1.86 млрд лет (Донская и др., 2003). Г раниты и меФ таморфические породы прорваны небольшими телами перидотитов и дайками габброФдиабазов с возрастом 700–800 млн лет (Г ладкочуб и др., 2012). Карбонатитовый комплекс выделен в пределах тектонического блока в североФвосточной части террейна (рис. 1в)."
36,"НОВЫЙ КАРБОНАТИТОВЫЙ КОМПЛЕКС В ЗАПАДНОМ ПРИБАЙКАЛЬЕ (ЮГ СИБИРСКОГО КРАТОНА) МИНЕРАЛЬНЫЙ СОСТАВ, ВОЗРАСТ, ГЕОХИМИЯ И ПЕТРОГЕНЕЗИС",2016,ru,10.7868/S0869590316030067,3525,7,2,"[section: Введение]
[page: 2]
Блок сложен породами харгиФ туйской (хулуртуйской) свиты сарминской серии – биотитовыми и биотитФамфиболовыми гнейсаФ ми, гранитоФгнейсами, мигматитами, амфиболиФ тами, кварцитами, мраморами (Устинов, РыбаФ ков, 1983). Дайки и жилы карбонатного и карбоФ натноФсиликатного состава локализованы в зоне североФвосточного простирания шириной около 2 км и протяженностью около 20 км (рис. 1в) . ВыФ явлено свыше 20 тел мощностью от 1–3 см до 1.5 м, прослеженных на расстояние до 50 м. ДайФ ки прорывают мигматиты, гнейсы и граниты коФ чериковского и приморского комплексов.

МощФ ность и простирание даек и жил изменчивы, поФ всеместно они, как и вмещающие породы, несут следы наложенных деформаций. По отношению к мигматитам дайки занимают секущее положеФ ние, падение контактов крутое – 60 °–90°. Дайки сложены мелкозернистыми, иногда порфировидФ ными породами, на 70–90% состоящими из карФ боната. Кроме того, встречаются жилы крупноФ зернистого кальцита мощностью до 10 см. ПЕТРОГРАФИЯ По составу породообразующего карбоната дайки разделяются на кальцитовые и доломитФ анкеритовые.

В порфировидных кальцитовых дайках основная масса сложена кальцитом, мелФ кими зернами биотита, апатита, магнетита и ильФ менита с редкими обособлениями доломита. Вкрапленники представлены флогопитом, магФ нетитом, апатитом (рис. 2б). В краевой части даек встречаются мелкие обломки гнейсов. В одной из даек (обр. 205/13) присутствуют обильные крупФ ные – до 2 см – вкрапленники флогопита (рис. 2в), что придает ей сходство с ультрамафическим ламФ профиром – айлликитом (Tappe et al., 2005). РавФ номернозернистые дайки сложены кальцитом с примесью биотита (1–3%)."
36,"НОВЫЙ КАРБОНАТИТОВЫЙ КОМПЛЕКС В ЗАПАДНОМ ПРИБАЙКАЛЬЕ (ЮГ СИБИРСКОГО КРАТОНА) МИНЕРАЛЬНЫЙ СОСТАВ, ВОЗРАСТ, ГЕОХИМИЯ И ПЕТРОГЕНЕЗИС",2016,ru,10.7868/S0869590316030067,3526,8,2,"[section: Введение]
[page: 2]
Акцессорные минераФ лы представлены монацитом, ксенотимом, баддеФ леитом, армолколитом, рутилом, эшинитом, цирФ коном, торитом, алланитом, баритом, пиритом. Вторичные изменения выражаются в перекриФ сталлизации кальцита, хлоритизации, отальковаФ нии, образовании актинолита, окварцевании. В дайках и жилах второго типа породообразуюФ щий карбонат принадлежит к изоморфному ряду доломит CaMg(CO 3)2–анкерит Ca(Mg, Fe)(CO3)2 и неоднороден по составу: доломит образует участФ ки среди железистого доломита. Породы содерФ жат также кальцит, FeФMg слюду , щелочные амФ фибол и пироксен, микроклин, альбит, кварц.

Слюда представлена редкими идиоморфными зернами и скоплениями зерен, развивающимися по доломиту . Щелочные амфибол и пироксен (рис. 2г) имеют неравновесные взаимоотношения со слюдой и доломитом. Микроклин представлен мелкими зернами; нередко им обогащены краеФ вые зоны даек, что позволяет предполагать его ксеногенную природу . Кварц присутствует в виде мелких зерен, но чаще образует прожилки, т.е. явФ ляется вторичным. Акцессорная минерализация"
36,"НОВЫЙ КАРБОНАТИТОВЫЙ КОМПЛЕКС В ЗАПАДНОМ ПРИБАЙКАЛЬЕ (ЮГ СИБИРСКОГО КРАТОНА) МИНЕРАЛЬНЫЙ СОСТАВ, ВОЗРАСТ, ГЕОХИМИЯ И ПЕТРОГЕНЕЗИС",2016,ru,10.7868/S0869590316030067,3527,9,3,"[section: Введение]
[page: 3]
294 ПЕТРОЛОГИЯ том 24 № 3 2016 САВЕЛЬЕВА и др. Сибирский кратон 60° с.ш. 100° 110° оз. Ба йк ал Ен Бр УИ Ш Бк АС Тарим Большая Индия Вост. Ант. Австралия СибирьЯнцзы Сев. Китай Лаврентия Амазония Балтика алахари нсиско ла Плата Рио де рика Ороген Активная окраина Бол. Кочерикова Бол. Онгурен 1 2 3 4 5 6 7 8 9 10 11 12 13 14 60 а б в а б 134/13 228/13 226/13 107/13 205/13 118/12 91/14 166/13 129/12 133/12 87/14 89/14 126/12 127/12 128/12 126/14 232/13 240/13 104/12 146/12 150/12 152/12 111/13 113/13 200/13 201/13 160/14 164/14 167/14 188/14 184/14 183/14 176/14 244/1371/14 0 2000 м (а) (б) (в) Рис. 1.

Схемы положения Сибирского кратона на период 1000 млн лет (Li et al., 2008) (а), расположения района исслеФ дования (б) и геологического строения района (в).

На рис. (б, в): 1 – кайнозойские отложения; 2 – фанерозойский чехол Сибирского кратона; 3 – образования ЦентральФ ноФАзиатского подвижного пояса; 4 – неопротерозойские осадочные толщи; 5 – структуры фундамента кратона (АС – АлданоФСтановой выступ; Бк – Байкальский выступ; Бр – Бирюсинский выступ ; Ен – Енисейский выступ (кряж); УИ – УрикскоФИйский грабен; Ш – Шарыжалгайский выступ); 6 – сарминская серия PR1; 7 – граниты PR1; 8 – габФ броФдиабазы; 9 – места выходов даек и жил карбонатитов (а – кальцитовых, б – доломитФанкеритовых) и ультраосновФ ных пород (в); 10 – разломы установленные (а), предполагаемые (б) и скрытые под четвертичными отложениями (в); 11 – участки проявления рибекитизации; 12 – элементы залегания; 13 – район работ; 14 – номера проб."
36,"НОВЫЙ КАРБОНАТИТОВЫЙ КОМПЛЕКС В ЗАПАДНОМ ПРИБАЙКАЛЬЕ (ЮГ СИБИРСКОГО КРАТОНА) МИНЕРАЛЬНЫЙ СОСТАВ, ВОЗРАСТ, ГЕОХИМИЯ И ПЕТРОГЕНЕЗИС",2016,ru,10.7868/S0869590316030067,3528,10,4,"[section: Введение]
[page: 4]
ПЕТРОЛОГИЯ том 24 № 3 2016 НОВЫЙ КАРБОНАТИТОВЫЙ КОМПЛЕКС В ЗАПАДНОМ ПРИБАЙКАЛЬЕ 295 включает магнетит, рутил, пирохлор, эвксенит, циркон, торит, апатит, монацит, ксенотим, барит, бастнезит, пирит, галенит, сфалерит. На контакте с одной из даек отмечен прослой халькопиритоФ вой руды мощностью 2–3 см. Метаморфизм даек сопровождается появлением талька, актинолита, хлорита. У льтраосновные дайки мощностью 0.2–1 м сложены мелкозернистой, иногда порфировидФ ной породой.

Вкрапленники образованы псевдоФ морфозами серпентина по оливину , магнетитом, флогопитом; основная масса сложена серпентиФ ном, флогопитом, тремолитом, магнетитом, ильФ менитом, апатитом, вторичными доломитом и кальцитом (рис. 2а). По минеральному составу породы сходны с беспироксеновыми щелочными (флогопитовыми) пикритами, в которых оливин нацело замещен серпентином и карбонатами (меФ тапикриты (Магматические…, 1983)). ОбнаружеФ ны также дайка мощностью 2 м и штокообразное тело площадью около 50 м 2 с обильной магнетитФ апатитФперовскитовой минерализацией (фоскоФ риты).

Дайка сложена оливином, псевдоморфно замещенным серпентином, флогопитом, длинноФ призматическими зернами диопсида, магнетиФ том, апатитом, перовскитом, вторичными кальФ цитом, актинолитом, хлоритом. Штокообразное тело представлено неотчетливоФсланцеватой поФ родой кальцитФактинолитФхлоритФмагнетитФапаФ титового состава (метафоскорит). Внедрению карбонатитов предшествовали каФ лиевый метасоматоз и гематитизация, проявленФ ные на участках катаклаза и брекчирования проФ тяженностью в сотни метров при ширине до 100 м."
36,"НОВЫЙ КАРБОНАТИТОВЫЙ КОМПЛЕКС В ЗАПАДНОМ ПРИБАЙКАЛЬЕ (ЮГ СИБИРСКОГО КРАТОНА) МИНЕРАЛЬНЫЙ СОСТАВ, ВОЗРАСТ, ГЕОХИМИЯ И ПЕТРОГЕНЕЗИС",2016,ru,10.7868/S0869590316030067,3529,11,4,"[section: Введение]
[page: 4]
Калиевые метасоматиты сложены максиФ мальным микроклином (степень триклинности Δр = 0.89–0.91 1 ) с реликтами кварца и плагиоклаза. Содержание К2О в микроклинитах до 12 мас. %. На контакте с доломитФанкеритовыми дайками в мигматитах и гранитах наблюдаются анкеритизаФ ция, флогопитизация, апатитизация, эгиринизаФ ция, на контакте с кальцитовыми дайками флогоФ питизация. К более поздним процессам относитФ ся рибекитизация, затрагивающая и дайки, и вмещающие породы, и проявленная в зоне катаФ клаза протяженностью более 10 км, шириной до 2 км (рис. 1в).

Для датирования ArФAr методом отобран магнезиорибекит из щелочного метасоФ матита мощностью около 3 см на контакте долоФ митФанкеритового карбонатита и мигматита. КоФ ра выветривания карбонатитов представлена охристоФкремнистой породой, содержащей баФ рит, апатит, голландит, бастнезит, монацит, минеФ ралы группы рабдофана, торит. 1 Данные рентгеноструктурного анализа, аналитик З.Ф. Ущаповская, ИЗК СО РАН."
36,"НОВЫЙ КАРБОНАТИТОВЫЙ КОМПЛЕКС В ЗАПАДНОМ ПРИБАЙКАЛЬЕ (ЮГ СИБИРСКОГО КРАТОНА) МИНЕРАЛЬНЫЙ СОСТАВ, ВОЗРАСТ, ГЕОХИМИЯ И ПЕТРОГЕНЕЗИС",2016,ru,10.7868/S0869590316030067,3530,12,4,"[section: Методы]
[page: 4]
МЕТОДЫ ИССЛЕДОВАНИЯ Анализы химического и редкоэлементного соФ става пород, изотопные отношения Sr и Nd в поФ родах, а также ArФAr датирование минералов из карбонатитов выполнены в Институте земной коФ ры СО РАН (ИЗК СО РАН) с использованием материальноФтехнической базы ЦКП “Г еодинаФ мика и геохронология” ИЗК СО РАН.

ХимичеФ ский и редкоэлементный состав пород изучены следующими методами: петрогенные оксиды и F – методом “мокрой” химии, Li – фотометрии пламени, Sr, Ba, Zr, Nb, Y , Ta, Th, U, Sc, V , Cr, Ni, Co, Pb, Zn, Cu – рентгенофлюоресцентным метоФ дом с использованием рентгенофлюоресцентноФ го спектрометра с волновой дисперсией S8 TIФ GER (Bruker AXS, Г ермания). В 17 пробах опредеФ ление РЗЭ, Sr, Ba, Zr, Hf, Nb, Y , Ta, Th, U, Pb выполнено на квадрупольном массФспектрометФ ре с индуктивно связанной плазмой (ICPФMS) Agilent 7500 ce по методике (Panteeva et al., 2003).

Изотопные исследования Sr выполнены для кислотных вытяжек в 1 N HCl с целью исключения возможной контаминации ксеногенным силикатФ ным материалом. Так как по данным ICPФMS соФ держание Rb в кислотных вытяжках по отношеФ нию к Sr пренебрежимо мало, измерения провоФ дились без добавления трассера. Изотопные отношения Nd и Sm/Nd определены по валовым пробам с добавлением 149SmФ150Nd трассера. ВаФ ловые пробы растворялись в смеси кислот HNO3–HF–HClO4. Выделение РЗЭ проводилось на смоле TRU Spec (EIChroM Industries, II. USA). Отделение Sm от Nd проводилось на колонках, заполненных смолой LnSpec (Pin, Zalduegui, 1997)."
36,"НОВЫЙ КАРБОНАТИТОВЫЙ КОМПЛЕКС В ЗАПАДНОМ ПРИБАЙКАЛЬЕ (ЮГ СИБИРСКОГО КРАТОНА) МИНЕРАЛЬНЫЙ СОСТАВ, ВОЗРАСТ, ГЕОХИМИЯ И ПЕТРОГЕНЕЗИС",2016,ru,10.7868/S0869590316030067,3531,13,4,"[section: Методы]
[page: 4]
Выделение Sr осуществлялось с использоФ ванием одноразовой смолы SrSpec (Pin et al., 1994). Изотопные отношения Sr, Nd и Sm измеряФ лись на приборе Finnigan MAT262 с нормализаФ цией на Коррекция на фракционирование проводилась по закону Рэлея. В период измерений значения изотопного стандарта стронция NBS 987 составиФ ли = 0.512101 ± 0.000015 (по 30 измерениям). Датирование 40ArФ39Ar методом выполнено с использованием массФспектрометра ARGUS VI. Плавление проб осуществлялось методом ступенФ чатого нагрева в печи двойного вакуума от 450 до 1220°C.

Значения возраста рассчитаны относиФ тельно стандарта BERN4M с присвоенным ему возрастом 18.885 ±0.097 млн лет, что позволяет соФ гласовать UФPb и 40ArФ39Ar датировки (Ivanov et al., 2009; Renne et al., 2011). Подробно методика приФ ведена в работе (Киселев и др., 2014). UФPb датирование магматического апатита выполнено в университете Тасмании (г . Хобарт, Австралия) на ICPФMS приборе Agilent 7500cs с"
36,"НОВЫЙ КАРБОНАТИТОВЫЙ КОМПЛЕКС В ЗАПАДНОМ ПРИБАЙКАЛЬЕ (ЮГ СИБИРСКОГО КРАТОНА) МИНЕРАЛЬНЫЙ СОСТАВ, ВОЗРАСТ, ГЕОХИМИЯ И ПЕТРОГЕНЕЗИС",2016,ru,10.7868/S0869590316030067,3532,14,5,"[section: Методы]
[page: 5]
296 ПЕТРОЛОГИЯ том 24 № 3 2016 САВЕЛЬЕВА и др. (а) (б) 300 мкм 1 мм 400 мкм 20 мкм (в) (г) 200 мкм (д) (е) Cr2O3 = 2%, TiO2 = 22% Cr2O3 = 25%, TiO2 = 0.8% Mag: Cr2O3 – не об. TiO2 = 16% Ilm Mag: Cr2O3 = 16%, TiO2 = 6% FeФDol Dol Mag: Cr2O3 = 25%, TiO2 = 7% Mag: Cr2O3 = 22%, Mag + Ilm Phl Cal Tlc Aeg Qz Rt Phl Srp Mag Bt Ap Phl Phl 244/13 126/12 205/13 153/12"
36,"НОВЫЙ КАРБОНАТИТОВЫЙ КОМПЛЕКС В ЗАПАДНОМ ПРИБАЙКАЛЬЕ (ЮГ СИБИРСКОГО КРАТОНА) МИНЕРАЛЬНЫЙ СОСТАВ, ВОЗРАСТ, ГЕОХИМИЯ И ПЕТРОГЕНЕЗИС",2016,ru,10.7868/S0869590316030067,3533,15,6,"[section: Методы]
[page: 6]
ПЕТРОЛОГИЯ том 24 № 3 2016 НОВЫЙ КАРБОНАТИТОВЫЙ КОМПЛЕКС В ЗАПАДНОМ ПРИБАЙКАЛЬЕ 297 лазерной приставкой Coherent с длиной волны излучения 193 нм, энергией в импульсе 35 мДж, с плотностью потока 2 Дж/см 2, частотой повтореФ ния импульсов 5 Г ц и диаметром пятна абляции 32 мкм. При анализе использованы первичный стандарт апатит Otter Lake (Barfod et al., 2005; Chew et al., 2011) и два вторичных стандарта апаФ тита: Mt McClure и Kovdor (Amelin, Zaitsev , 2002; Chew et al., 2011; Schoene, Bowring, 2006). СтанФ дарты анализировались при тех же условиях, что и изучаемые образцы."
36,"НОВЫЙ КАРБОНАТИТОВЫЙ КОМПЛЕКС В ЗАПАДНОМ ПРИБАЙКАЛЬЕ (ЮГ СИБИРСКОГО КРАТОНА) МИНЕРАЛЬНЫЙ СОСТАВ, ВОЗРАСТ, ГЕОХИМИЯ И ПЕТРОГЕНЕЗИС",2016,ru,10.7868/S0869590316030067,3534,16,6,"[section: Методы]
[page: 6]
Поправки для 207Pb/206Pb отФ ношения расcчитаны, используя стандарт NIST610 (Baker et al., 2004), который анализироФ вался в начале, в середине и в конце сессии. При анализе измерялись изотопы 31P, 43Ca, 56Fe, 140Ce, чет производился по методике, описанной в (Chew et al., 2011; Meffre et al., 2008). Анализы минералов выполнены С.В. КанакиФ ным в Г еологическом институте СО РАН (ГИН СО РАН г . У ланФУ дэ) на электронном сканируюФ щем микроскопе “LEOФ1430VP” (Carl Zeiss InterФ national) с энергодисперсионным анализатором “INCAEnergy 350” (Oxford Instruments Analytical Ltd.) и В.В.

Шарыгиным в Институте геологии и минералогии СО РАН (ИГМ СО РАН, г . НовосиФ бирск) на электронном сканирующем микроскоФ пе MIRA 3 LMU (T escan Ltd) с системой микроФ анализа INCA Energy 450+ (Oxford Instruments Ltd) (в таблицах отмечены *). Изотопный состав С и О изучался в ИГМ СО РАН и Институте геоФ логии Коми НЦ УрО РАН (г . Сыктывкар). ВОЗРАСТ ПОРОД Для датирования UФPb методом выбраны обФ разцы кальцитовой дайки мощностью около лейкократовых доломитФанкеритовых даек мощФ (обр. 232/13) (рис. 1б). Апатит выделен из минеФ ральной фракции размером менее 500 микрон."
36,"НОВЫЙ КАРБОНАТИТОВЫЙ КОМПЛЕКС В ЗАПАДНОМ ПРИБАЙКАЛЬЕ (ЮГ СИБИРСКОГО КРАТОНА) МИНЕРАЛЬНЫЙ СОСТАВ, ВОЗРАСТ, ГЕОХИМИЯ И ПЕТРОГЕНЕЗИС",2016,ru,10.7868/S0869590316030067,3535,17,6,"[section: Методы]
[page: 6]
Для всех апатитов получены дискордантные знаФ Для апатитов из кальцитовой дайки по нижнему пересечению дискордии с конкордией получено значение возраста 972 ± 21 млн лет; для апатитов из доломитФанкеритовых даек – 929 ± 3 7 м л н . л е т . Возрасты совпадают в пределах ошибки измереФ 1 0 0.2 0.4 0.6 0.8 2 3 4 5 6 238U/206Pb 207Pb/206Pb Пересечения при 972 ± 21 и 4983 ± 54 [±55] млн лет MSWD = 1.14 Доверительный интервал на уровне 1σ (а) Пересечение при 929 ± 37млн лет MSWD = 2.3 Для расчета использованы (б) 1.0 1 7 только черные точки (с наименьшей ошибкой) 4800 3200 160010002000 3000 4000 Рис. 3.

Диаграммы с конкордией для апатитов из кальцитовой (а) и доломитФанкеритовых (б) даек. 5 Рис. 2. Взаимоотношения минералов в породах дайковоФжильного комплекса (фото в обратно рассеянных электронах). (а) – метапикрит; (б) – зональные вкрапленники слюды и титаномагнетита среди кальцита в кальцитовом карбонатиФ те; (в) – лампрофироподобная кальцитФфлогопитовая порода c хромистым магнетитом в срастаниях с ильменитом; (г) – эгирин в доломитФанкеритовом карбонатите (доломит неоднороден по химическому составу); (д, е) – зональные зерна магнетита в метапикрите (д) и кальцитовом карбонатите (е) с указанием содержаний Cr2O3 и TiO2.

Не. об. – соФ держание ниже предела обнаружения. Сокращения здесь и на рис. 7: Aeg – эгирин, Ap – апатит, Bt – биотит, Cal – кальФ цит, FeдDol – железистый доломит, Fo – форстерит, Ilm – ильменит, Mag – магнетит, Phl – флогопит, Qz – кварц, Rt – рутил, Srp – серпентин, Tlc – тальк."
36,"НОВЫЙ КАРБОНАТИТОВЫЙ КОМПЛЕКС В ЗАПАДНОМ ПРИБАЙКАЛЬЕ (ЮГ СИБИРСКОГО КРАТОНА) МИНЕРАЛЬНЫЙ СОСТАВ, ВОЗРАСТ, ГЕОХИМИЯ И ПЕТРОГЕНЕЗИС",2016,ru,10.7868/S0869590316030067,3536,18,7,"[section: Методы]
[page: 7]
298 ПЕТРОЛОГИЯ том 24 № 3 2016 САВЕЛЬЕВА и др. 0 500 700 900 1100 1300 1500 1700 20 40 60 80 100 Кумулятивный % выделившегося 39Ar Возраст, млн лет 1017.4 ± 3.2 млн лет ~970 млн лет Две аликвоты обр. 126/12 Обр. 127/13 Рис. 4. 40ArФ39Ar возрастные спектры для биотита из кальцитовой дайки (обр. 126/12) и амфибола из щелочного метаФ соматита (обр. 127/13). ния. Дополнительно 40ArФ39Ar методом продатиФ рован биотит из кальцитовой дайки (обр. 126/12).

Измерения выполнены по двум аликвотам, реФ ря на то, что ни по одной из двух аликвот биотита не получены статистически значимые значения “плато”, что указывает на частичное нарушение KФAr изотопной системы в этом минерале, обе аликвоты показывают выположенные части спектров при наиболее высоких температурах наФ грева. Используя робастную оценку среднего по Тьюки (Tukey’s biweight) (Ludwig, 2012), значения возраста для двух аликвот составляют 965 ± 9 и 975 ± 13 млн лет, что подтверждает значения, поФ лученные UФPb методом по апатиту.

В то же время по магнезиорибекиту из щелочного метасоматита на контакте доломитФанкеритового карбонатита с мигматитом (обр. 127/13) получен статистически значимый возраст 1017.4 ± 3.2 млн лет (рис. 4, изошло частичное омоложение 40ArФ39Ar датироФ вок по биотиту и UФPb датировок по апатиту , если считать, что формирование карбонатитов и щеФ лочных метасоматитов связано с одним и тем же эндогенным процессом. В изохронных Sm–Nd координатах четыре образца карбонатитов лоФ жатся на одну прямую с наклоном, соответствуюФ щим возрасту 1049 ± 110 млн лет, СКВО = 0.16 с данными UФPb и 40ArФ39Ar датирования."
36,"НОВЫЙ КАРБОНАТИТОВЫЙ КОМПЛЕКС В ЗАПАДНОМ ПРИБАЙКАЛЬЕ (ЮГ СИБИРСКОГО КРАТОНА) МИНЕРАЛЬНЫЙ СОСТАВ, ВОЗРАСТ, ГЕОХИМИЯ И ПЕТРОГЕНЕЗИС",2016,ru,10.7868/S0869590316030067,3537,19,7,"[section: Методы]
[page: 7]
Два обФ разца (126/12 и 118/12) отклоняются от изохроны, что, поФвидимому , обусловлено изначальной изоФ топной гетерогенностью источника карбонатитоФ 0.5118 0.1 0.2 0.3 0.5122 0.5126 0.5130 0.5134 0.5138 147Sm/144Nd 143Nd/144Nd 1049 ± 110 млн лет (143Nd/144Nd)0 = 0.511463 ± 0.000091 εNd(T) = +2.3 СКВО = 0.16 152/12 126/14 184/12 118/12 127/12 126/12 Рис. 5. SmФNd изохрона для карбонатитов Западного Прибайкалья. Серыми полями показаны данные, участвующие в расчете изохроны, белыми – не участвующие в расчеФ те. Ширина и длина овалов соответствует доверительФ ному интервалу 2 σ."
36,"НОВЫЙ КАРБОНАТИТОВЫЙ КОМПЛЕКС В ЗАПАДНОМ ПРИБАЙКАЛЬЕ (ЮГ СИБИРСКОГО КРАТОНА) МИНЕРАЛЬНЫЙ СОСТАВ, ВОЗРАСТ, ГЕОХИМИЯ И ПЕТРОГЕНЕЗИС",2016,ru,10.7868/S0869590316030067,3538,20,8,"[section: Методы]
[page: 8]
ПЕТРОЛОГИЯ том 24 № 3 2016 НОВЫЙ КАРБОНАТИТОВЫЙ КОМПЛЕКС В ЗАПАДНОМ ПРИБАЙКАЛЬЕ 299 Al MgO Mg FeOобщ. Al2O3 Feобщ. 50 50 50 ТетраФферриФ аннит флогопит Истонит Сидерофиллит (а) (б) 1 2 3 4 5 6 7 Рис. 6. Состав FeФMg слюд на диаграммах Mg–Al–Feобщ (Brod et al., 2001) (а) и FeOобщ–MgO–Al2O3, мас. % (б). 1 – слюды из метапикрита; 2 – фоскорита; 3 – кальцитовых карбонатитов; 4 – лампрофироподобной кальцитФфлогоФ питовой породы; 5 – доломитФанкеритовых карбонатитов; 6, 7 – области составов слюд, наиболее часто встречающихФ ся в карбонатитах (6) или находящихся в равновесии с карбонатитовой магмой (7) по (Le Bas, Srivastava, 1989).

Стрелки показывают изменение состава слюд от центра к краю зерен. вых магм. Таким образом, в качестве наиболее доФ стоверного возраста принимается значение 40ArФ39Ar плато по амфиболу . СОСТАВ МИНЕРАЛОВ Кальцит из кальцитовых даек содержит до 3.6 мас. % FeO, до 2.4 ма с. % MgO (до 6 мол. % MgCO3), до 1.4 мас. % SrO и до 0.7 мас. % MnO. Доломит характеризуется низким содержанием примесей, на анкеритовый и кутногоритовый миФ налы в сумме приходится около 6 мол. %.

В долоФ митовых дайках состав карбонатов варьирует от чистого доломита до железистого доломита и анФ керита (Карбонаты …, 1987) с содержанием минаФ ла СaFe(CO 3)2 до 40 мол. %; количество FeO в анаФ лизах составляет до 14 мас. %, SrO до 2.2 мас. %, MnO до 1.4 мас. %. В кальцитовых дайках центральные части вкрапленников слюды представлены флогопиФ том, краевые части вкрапленников и слюда из осФ рис. 6). Содержание фтора в основном ниже преФ делов обнаружения. В доломитФанкеритовых дайФ ках слюда представлена флогопитом с повышенФ ным содержанием F (1.5–4 мас. %)."
36,"НОВЫЙ КАРБОНАТИТОВЫЙ КОМПЛЕКС В ЗАПАДНОМ ПРИБАЙКАЛЬЕ (ЮГ СИБИРСКОГО КРАТОНА) МИНЕРАЛЬНЫЙ СОСТАВ, ВОЗРАСТ, ГЕОХИМИЯ И ПЕТРОГЕНЕЗИС",2016,ru,10.7868/S0869590316030067,3539,21,8,"[section: Методы]
[page: 8]
Во вкрапленФ никах слюды от центра к краю снижается содержание MgO и увеличиваются содержания FeO и нередко TiO 2. Отмечаются примеси ВаО и СаО. Слюды из метапикрита и фоскорита являФ в них ниже пределов обнаружения. Пироксен из доломитФанкеритовых даек и жил характеризуется высокими содержаниями Na 2O, FeOсум, TiO2 при низких СaO, MgO, Al2O3; на долю эгиринового минала приходится 88–90 мол. %. Отмечаются примеси V2O3 до 0.5 мас. %. В фоскоФ Амфиболы в карбонатитах представлены магФ незиорибекитом, значительно более редким магФ незиарфведсонитом и актинолитом.

Для магнеФ зиоарфведсонита характерны повышенные соФ держания К ультраосновных пород представлен актинолитом. Магнетиты из метапикритов и кальцитовых карбонатитов сходны по составу: в тех и других присутствуют магнетиты, богатые хромом (16– 29 мас. % Cr 2O3), и титаномагнетиты (до 20– 22 мас. % TiO2). В магнетитах из доломитФанкериФ товых карбонатитов содержание Cr2O3 составляет до 5 мас. %, TiO2 до 15 мас. %. Для магнетитов из всех разновидностей пород характерны низкие содержания MgO (≤1 мас. %) и Al2O3 (≤2.5 мас. %). В хромистых магнетитах в повышенных количеФ 5*"
36,"НОВЫЙ КАРБОНАТИТОВЫЙ КОМПЛЕКС В ЗАПАДНОМ ПРИБАЙКАЛЬЕ (ЮГ СИБИРСКОГО КРАТОНА) МИНЕРАЛЬНЫЙ СОСТАВ, ВОЗРАСТ, ГЕОХИМИЯ И ПЕТРОГЕНЕЗИС",2016,ru,10.7868/S0869590316030067,3540,22,9,"[section: Методы]
[page: 9]
300 ПЕТРОЛОГИЯ том 24 № 3 2016 САВЕЛЬЕВА и др. Та б л и ц а 1 .Результаты UФPb изотопных исследований апатитов № п/п Номер точки Содержание, мкг/г Изотопные отношения ± погрешности в % Возраст, млн лет Обр. 126/12 Обр. 129/12 Обр. 133/12"
36,"НОВЫЙ КАРБОНАТИТОВЫЙ КОМПЛЕКС В ЗАПАДНОМ ПРИБАЙКАЛЬЕ (ЮГ СИБИРСКОГО КРАТОНА) МИНЕРАЛЬНЫЙ СОСТАВ, ВОЗРАСТ, ГЕОХИМИЯ И ПЕТРОГЕНЕЗИС",2016,ru,10.7868/S0869590316030067,3541,23,10,"[section: Методы]
[page: 10]
ПЕТРОЛОГИЯ том 24 № 3 2016 НОВЫЙ КАРБОНАТИТОВЫЙ КОМПЛЕКС В ЗАПАДНОМ ПРИБАЙКАЛЬЕ 301 Та б л и ц а 1 .Окончание № п/п Номер точки Содержание, мкг/г Изотопные отношения ± погрешности в % Возраст, млн лет Обр. 118/12 Обр. 232/13 Примечание. В таблице приведены только данные, использованные для расчета возраста (см. рис. 3). Образцы 126/12, 129/12, 133/12 – кальцитовые карбонатиты; 118/12, 232/13 – доломитФанкеритовые карбонатиты."
36,"НОВЫЙ КАРБОНАТИТОВЫЙ КОМПЛЕКС В ЗАПАДНОМ ПРИБАЙКАЛЬЕ (ЮГ СИБИРСКОГО КРАТОНА) МИНЕРАЛЬНЫЙ СОСТАВ, ВОЗРАСТ, ГЕОХИМИЯ И ПЕТРОГЕНЕЗИС",2016,ru,10.7868/S0869590316030067,3542,24,11,"[section: Методы]
[page: 11]
302 ПЕТРОЛОГИЯ том 24 № 3 2016 САВЕЛЬЕВА и др. Та б л и ц а 2 .Результаты 40ArФ39Ar датирования биотита и амфибола Этап T, °C OP млн лет ±2σ Ca/K Биотит, обр. 126/12 (1), J = 0.0034909 Биотит, обр. 126/12(2), J = 0.0034708"
36,"НОВЫЙ КАРБОНАТИТОВЫЙ КОМПЛЕКС В ЗАПАДНОМ ПРИБАЙКАЛЬЕ (ЮГ СИБИРСКОГО КРАТОНА) МИНЕРАЛЬНЫЙ СОСТАВ, ВОЗРАСТ, ГЕОХИМИЯ И ПЕТРОГЕНЕЗИС",2016,ru,10.7868/S0869590316030067,3543,25,12,"[section: Методы]
[page: 12]
ПЕТРОЛОГИЯ том 24 № 3 2016 НОВЫЙ КАРБОНАТИТОВЫЙ КОМПЛЕКС В ЗАПАДНОМ ПРИБАЙКАЛЬЕ 303 Та б л и ц а 2 .Окончание Этап T, °C OP млн лет ±2σ Ca/K Биотит, обр. 126/12(2), J = 0.0034708 Магнезиорибекит, обр. 127/13, J = 0.009419"
36,"НОВЫЙ КАРБОНАТИТОВЫЙ КОМПЛЕКС В ЗАПАДНОМ ПРИБАЙКАЛЬЕ (ЮГ СИБИРСКОГО КРАТОНА) МИНЕРАЛЬНЫЙ СОСТАВ, ВОЗРАСТ, ГЕОХИМИЯ И ПЕТРОГЕНЕЗИС",2016,ru,10.7868/S0869590316030067,3544,26,13,"[section: Методы]
[page: 13]
304 ПЕТРОЛОГИЯ том 24 № 3 2016 САВЕЛЬЕВА и др. рис. 2д, 2е). В ильменитах из кальцитовых карбонатитов и метапикритов содержания MgO менее 0.5 мас. %, MnO до 1.6 мас. %; в ильмените из фоскорита отФ мечены содержания MgO до 3.2 мас. %. Ильменит содержит до 2.7 мас. % Nb держит примеси Nb 2O5 д о 3 . 9 м а с . % , V2O3 до 1.8 мас. % и Cr2O3 до 1 мас. %. Апатит в карбонатитах и ультраосновных поФ родах принадлежит к ряду фторапатитФгидроксилФ апатит (F = 2.0–4.4 мас. %). Отмечаются также примеси Cl (до 0.2 мас. %) и SO 3 (до 0.7 мас. %).

Количество SrO в апатите из кальцитовых карбоФ натитов около 1 мас. %, из доломитФанкеритовых карбонатитов до 4 мас. %, из ультраосновных поФ род 1–3 мас. %. Апатит из кальцитовых карбонаФ титов содержит до 1.5 мас. % Ce 2О3 и Nd2О3, из доФ ломитФанкеритовых карбонатитов до 3 мас. % Nd2О3, Sm2О3 и Gd2О3.

ПЕТРОХИМИЯ И ГЕОХИМИЯ ПОРОД ДАЙКОВОФЖИЛЬНОГО КОМПЛЕКСА В ультраосновных дайковых породах содержаФ ния MgO составляют 20.7–21.5 мас. % при содерФ 1.1 мас. % и TiO2 4.5–8.2 мас. %, что по классифиФ кации (Le Bas, 2000) позволяет отнести их к меймеФ (Соболев и др., 2009) они отличаются пониженныФ ми содержаниями MgO, SiO 2 и повышенными соФ держаниями СаО, TiO2, P2O5, F , что более присуще беспироксеновым щелочным пикритам (МагмаФ тические…, 1983). Содержания Cr и Ni ниже такоФ вых в меймечитах, а Nb, Ta, легких РЗЭ, Th, U, Zr, Hf значительно превышают таковые в меймечиФ тах (Соболев и др., 2009; Панина, Моторина, 2013)."
36,"НОВЫЙ КАРБОНАТИТОВЫЙ КОМПЛЕКС В ЗАПАДНОМ ПРИБАЙКАЛЬЕ (ЮГ СИБИРСКОГО КРАТОНА) МИНЕРАЛЬНЫЙ СОСТАВ, ВОЗРАСТ, ГЕОХИМИЯ И ПЕТРОГЕНЕЗИС",2016,ru,10.7868/S0869590316030067,3545,27,13,"[section: Методы]
[page: 13]
В фоскоритах по сравнению с метапикриФ тами ниже содержания SiO 2, Cr, Ni, Co и выше FeO*, CaO, P 2O5, Ba, Sr, TR Се, Zn, Th, Y , Nb, Zr Породы, слагающие карбонатные дайки и жиФ лы, имеют высокие содержания СО 2, СаО и шиФ Магнезиальность Mg# 2 кальцитовых пород ваФ рьирует от 0.17 до 0.64, доломитФанкеритовых поФ род – от 0.48 до 0.85. Обоим типам пород присущи широкие вариации содержаний FeO общ, TiO 2, Р2О5, отражающие переменное количество апатиФ та и рудных минералов, и повышенное содержаФ граничное для карбонатитов (20 мас. % (Le MaiФ tre, 2002)).

Содержание К 2О в кальцитовых дайФ ках до 1.5 мас. %, Na 2O менее 0.1 мас. %; в долоФ митФанкеритовых дайках содержания К2О и Na2О более высокие (рис. 7). Отношение K2O/Na2O для среднего состава кальцитовых карбонатитов равФ но 21, для доломитФанкеритовых 2.5. В лампроФ 2 Mg# = MgO/(MgO + FeOобщ + MnO), мол. колФва. Та б л и ц а 3 .SmФNd и 87Sr /86Sr изотопные отношения для карбонатов из даек Западного Прибайкалья Номер образца Sm, г/т Nd, г/т 147Sm/144Nd 143Nd/144Nd измерен. ±2σ начальн. εNd(0) εNd(T) 87Sr /86Sr измерен. ±2σ εSr(T) Кальцитовые карбонатиты ДоломитФанкеритовые карбонатиты Примечание."
36,"НОВЫЙ КАРБОНАТИТОВЫЙ КОМПЛЕКС В ЗАПАДНОМ ПРИБАЙКАЛЬЕ (ЮГ СИБИРСКОГО КРАТОНА) МИНЕРАЛЬНЫЙ СОСТАВ, ВОЗРАСТ, ГЕОХИМИЯ И ПЕТРОГЕНЕЗИС",2016,ru,10.7868/S0869590316030067,3546,28,13,"[section: Методы]
[page: 13]
Значение 147Sm/144Nd определено методом изотопного разбавления. Начальные 143Nd/144Nd и εNd(T) рассчиФ таны на возраст 1 млрд лет. Современные значения хондрита: 147Sm/144Nd = 0.1967 и 143Nd/144Nd = 0.512638 (Jacobsen, WassФ erburg, 1984). Значение εSr(T) рассчитаны относительно значений валового состава Земли на возраст 1 млрд лет. Современные значения валового состава Земли: 87Rb/86Sr = 0.0816 и 87Sr/86Sr = 0.7045 (Фор, 1989)."
36,"НОВЫЙ КАРБОНАТИТОВЫЙ КОМПЛЕКС В ЗАПАДНОМ ПРИБАЙКАЛЬЕ (ЮГ СИБИРСКОГО КРАТОНА) МИНЕРАЛЬНЫЙ СОСТАВ, ВОЗРАСТ, ГЕОХИМИЯ И ПЕТРОГЕНЕЗИС",2016,ru,10.7868/S0869590316030067,3547,29,14,"[section: Методы]
[page: 14]
ПЕТРОЛОГИЯ том 24 № 3 2016 НОВЫЙ КАРБОНАТИТОВЫЙ КОМПЛЕКС В ЗАПАДНОМ ПРИБАЙКАЛЬЕ 305 Та б л и ц а 4 .Химический состав (мас. %) коэффициенты в формулах слюды из пород дайковоФжильного комплекса КомпоФ ненты 12345 6 7 8 9 1 2 1 2 центр край центр край центр край CaO Не опр. Не опр. Не опр. Не опр. Не опр. Не опр. Не опр. Не опр. Не опр. Не опр. 0.64 Не опр. Не опр. Не опр. Na 2O Не опр. Не опр. Не опр. Не опр. Не опр. Не опр. Не опр. 0.40 Не опр. Не опр. Не опр. Не опр. 0.63 0.41 BaO 0.75 0.83 Не опр. Не опр. Не опр. Не опр. Не опр. 0.82 0.68 Не опр. Не опр. Не опр. Не опр. 0.70 F Не опр. Не опр. Не опр. Не опр. 1.31 Не опр. 1.50 Не опр.

Не опр. Не опр. Не опр. Не опр. Не опр. Не опр. –O 2( F ) –––– 0 . 5 5 – 0 . 6 3 ––––– – – Коэффициенты (на 22 положительных заряда) C a –––––––––– 0 . 0 5 3 – – – Ba 0.021 0.024 – – – – – 0.026 0.020 – – – – 0.021 F –––– 0 . 3 1 2 – 0 . 3 5 7 ––––– – –"
36,"НОВЫЙ КАРБОНАТИТОВЫЙ КОМПЛЕКС В ЗАПАДНОМ ПРИБАЙКАЛЬЕ (ЮГ СИБИРСКОГО КРАТОНА) МИНЕРАЛЬНЫЙ СОСТАВ, ВОЗРАСТ, ГЕОХИМИЯ И ПЕТРОГЕНЕЗИС",2016,ru,10.7868/S0869590316030067,3548,30,15,"[section: Методы]
[page: 15]
306 ПЕТРОЛОГИЯ том 24 № 3 2016 САВЕЛЬЕВА и др. Та б л и ц а 4 .Окончание КомФ поненты 205/13* центр край центр край центр край центр край CaO 0.74 Не опр. Не опр. 0.24 Не опр. Не опр. Не опр. Не опр. Не опр. Не опр. Не опр. Не опр. Не опр. Na 2O Не опр. 0.51 0.00 Не опр. Не опр. Не опр. Не опр. Не опр. Не опр. 0.32 Не опр. Не опр. Не опр. BaO Не опр. 0.89 Не опр. Не опр. Не опр. Не опр. 0.88 Не опр. Не опр. 0.55 Не опр. Не опр. Не опр. –O Коэффициенты (на 22 положительных заряда) C a 0 . 0 5 9 –– 0 . 0 1 9 ––––––––– Примечание."
36,"НОВЫЙ КАРБОНАТИТОВЫЙ КОМПЛЕКС В ЗАПАДНОМ ПРИБАЙКАЛЬЕ (ЮГ СИБИРСКОГО КРАТОНА) МИНЕРАЛЬНЫЙ СОСТАВ, ВОЗРАСТ, ГЕОХИМИЯ И ПЕТРОГЕНЕЗИС",2016,ru,10.7868/S0869590316030067,3549,31,15,"[section: Методы]
[page: 15]
Слюды: 1 – из метапикрита, 2 – фоскорита, 3–10 – кальцитовых даек (10 – лампрофироподобная порода), 11–18 – из доло митФанкеритовых даек. 3–5, 10–15 – вкрапленники, 1, 2, 6–9 – слюда из основной массы пород; 16–18 – слюда, развивающаяся по железистому доломиту . Mg# = Mg/(Mg + Feобщ). Здесь и в табл. 5–7: Не опр. – содержание элемента ниже предела обнаружения."
36,"НОВЫЙ КАРБОНАТИТОВЫЙ КОМПЛЕКС В ЗАПАДНОМ ПРИБАЙКАЛЬЕ (ЮГ СИБИРСКОГО КРАТОНА) МИНЕРАЛЬНЫЙ СОСТАВ, ВОЗРАСТ, ГЕОХИМИЯ И ПЕТРОГЕНЕЗИС",2016,ru,10.7868/S0869590316030067,3550,32,16,"[section: Методы]
[page: 16]
ПЕТРОЛОГИЯ том 24 № 3 2016 НОВЫЙ КАРБОНАТИТОВЫЙ КОМПЛЕКС В ЗАПАДНОМ ПРИБАЙКАЛЬЕ 307 фироподобной дайке по сравнению с кальцитоФ выми карбонатитами ниже содержания СаО и СО рис. 7). Низкое содержание К 2О в этой породе объясняется сильным изменением биотита, хотя отношение K2O/Na2O остается высоким (17). По петрохимии породы, слагающие карбонатФ ные дайки и жилы, представляют собой богатые кремнеземом карбонатиты и силикокарбонатиты (Le Maitre, 2002).

На диагностических диаграммах (Woolley , Kempe, 1989; Gittins, Harmer, 1997) (рис. 8) кальцитовые дайки попадают в поля феррокарбоФ натитов, железистых кальциокарбонатитов и кальФ циокарбонатитов, доломитФанкеритовые дайки с содержанием SiO 2 < 20 мас. % располагаются в поФ лях магнезиоФ и феррокарбонатитов.

В целом для карбонатитов характерны высоФ кие и варьирующие более чем на порядок содерФ жания Сr, Co, Ni, V , высокие отношения Ni/Co, умеренные содержания Sr и Ва, а также высокие концентрации Nb (до 398 г/т), Th (до 1100 г/т), Zr (до 800 г/т) при умеренных Та (до 20 г/т) и низких натитах по сравнению с кальцитовыми выше Та б л и ц а 5 .Химический состав и коэффициенты в формулах пироксенов и амфиболов из доломитФанкеритовых карбонатитов и ультраосновных пород КомпоФ ненты Пироксены Амфиболы 12345678 Al2O3 Не опр. Не опр. 1.17 0.74 Не опр. 0.89 Не опр. Не опр. Cr2O3 Не опр. Не опр. Не опр. Не опр. Не опр. Не опр. 0.29 Не опр."
36,"НОВЫЙ КАРБОНАТИТОВЫЙ КОМПЛЕКС В ЗАПАДНОМ ПРИБАЙКАЛЬЕ (ЮГ СИБИРСКОГО КРАТОНА) МИНЕРАЛЬНЫЙ СОСТАВ, ВОЗРАСТ, ГЕОХИМИЯ И ПЕТРОГЕНЕЗИС",2016,ru,10.7868/S0869590316030067,3551,33,16,"[section: Методы]
[page: 16]
CaO 26.57 Не опр. 1.36 2.62 Не опр. Не опр. Не опр. 0.49 Na K2O Не опр. Не опр. Не опр. Не опр. 0.23 0.23 3.71 4.48 V2O3 Не опр. 0.51 0.40 Не опр. Не опр. Не опр. Не опр. Не опр. F Не опр. Не опр. Не опр. Не опр. Не опр. Не опр. 1.36 1.10 Коэффициенты Al – – 0.053 0.033 – 0.153 – – C r –––––– 0 . 0 3 4 – Fe Ca 1.030 – 0.056 0.108 – – – 0.079 Примечание. XMg = Mg/(Mg + Fe2+); Mg# = Mg/(Mg + Feобщ); Fe3+ и Fe2+ рассчитаны по (Droop, 1987). 1 – диопсид из фосФ корита, 2–4 – эгирины из доломитФанкеритовых карбонатитов , 5–8 – амфиболы из доломитФанкеритовых карбонатитов: 5, 6 – магнезиорибекиты, 7, 8 – калиевые магнезиоарфведсониты."
36,"НОВЫЙ КАРБОНАТИТОВЫЙ КОМПЛЕКС В ЗАПАДНОМ ПРИБАЙКАЛЬЕ (ЮГ СИБИРСКОГО КРАТОНА) МИНЕРАЛЬНЫЙ СОСТАВ, ВОЗРАСТ, ГЕОХИМИЯ И ПЕТРОГЕНЕЗИС",2016,ru,10.7868/S0869590316030067,3552,34,17,"[section: Методы]
[page: 17]
308 ПЕТРОЛОГИЯ том 24 № 3 2016 САВЕЛЬЕВА и др. 2 4 6 8 10 30 40 60 70 0.5 1.0 1.5 2.0 2.5 3.0 12 20 24 50 16 FeOобщ, мас. % Mg# Mg# TiO2, мас. % CaO, мас. % MgO, мас. % K2O, мас. % Na2O, мас. % P2O5, мас. % Mg# SiO 2, мас. % Fo Phl 1 3 5 (а) (б) (в) (г) (д) (е) (ж) (з)"
36,"НОВЫЙ КАРБОНАТИТОВЫЙ КОМПЛЕКС В ЗАПАДНОМ ПРИБАЙКАЛЬЕ (ЮГ СИБИРСКОГО КРАТОНА) МИНЕРАЛЬНЫЙ СОСТАВ, ВОЗРАСТ, ГЕОХИМИЯ И ПЕТРОГЕНЕЗИС",2016,ru,10.7868/S0869590316030067,3553,35,18,"[section: Методы]
[page: 18]
ПЕТРОЛОГИЯ том 24 № 3 2016 НОВЫЙ КАРБОНАТИТОВЫЙ КОМПЛЕКС В ЗАПАДНОМ ПРИБАЙКАЛЬЕ 309 CaO CaCO3 MgO Fe 2O3 + FeO + MnO MgCO 3 FeCO3 FeOобщ. + MnOMgO CaMg(CO3)2 Ca[Mg, Fe](CO3)2 “CaFe(CO3)2” 50 1 2 3 4 5 кальциокарбонатиты кальциокарбонатиты кальциокарбонатиты Железистые феррокарбонатитыферрокарбонатитымагнезиокарбонатиты магнезиокарбонатиты (а) (б) Рис. 8.

Составы карбонатитов на классификационных диаграммах MgO–CaO–(Fe2O3 + FeO + MnО), мас. % (Woolley , Kempe, 1989) (а) и MgO–CaO–(FeO общ + MnO), мол. колФва (Gittins, Harmer, 1997) (б) (для пород с содержанием SiO ≤ 20 мас. %). 1 – кальцитовые карбонатиты; 2 – доломитФанкеритовые карбонатиты; 3 – теоретические составы главных карбонатФ ных фаз: кальцит (CaCO3), магнезит (MgCO3), сидерит (FeCO3), доломит (CaMg[CO3]2); 4 – твердые растворы желеФ зистого доломита и анкерита (Ca[Mg, Fe][CO3]2); 5 – предполагаемый тренд эволюции состава феррокарбонатитового расплава (пояснения в тексте). средние содержания Ba, Pb, Zn, Sc, V , Ni, Co, но ниже Sr, Zr, цериевых лантаноидов.

Проявлена положительная корреляция между содержаниями в карбонатитах Cr и V , Ni и Co, Ва и отношением Ba/Sr, и для большинства проб между содержаниФ ями Zr и Nb (рис. 9). В жилах крупнозернистого кальцита установлены концентрации Sr до 6680 г/т, Ва до 4000 г/т и Zn до 530 г/т. Следует отметить, что составы карбонатитов могут отличаться от реальных составов излившейФ ся карбонатитовой магмы изФза быстрой потери карбонатитами щелочей даже при минимальных вторичных изменениях. Так, натрокарбонатиты характерны для единственного активного карбоФ натитового вулкана Олдоиньо Ленгай в Африке (Dawson, 1962)."
36,"НОВЫЙ КАРБОНАТИТОВЫЙ КОМПЛЕКС В ЗАПАДНОМ ПРИБАЙКАЛЬЕ (ЮГ СИБИРСКОГО КРАТОНА) МИНЕРАЛЬНЫЙ СОСТАВ, ВОЗРАСТ, ГЕОХИМИЯ И ПЕТРОГЕНЕЗИС",2016,ru,10.7868/S0869590316030067,3554,36,18,"[section: Методы]
[page: 18]
Единственная находка натрокарФ бонатитов в древних комплексах была сделана по результатам изучения включений в магнетитах из кальциокарбонатитов мелового комплекса Ока в Канаде (Chen et al., 2013). Иными словами, хотя редкие элементы и являются диагностическими для выявления карбонатитов, их соотношения в породе могут сильно отличаться от соотношения этих элементов в исходной магме.

И ультраосновным породам, и карбонатитам присущи высокие содержания РЗЭ: в метапикриФ тах до 530 г/т, в фоскоритах до 1500 г/т, в карбонаФ риты и кальцитовые карбонатиты имеют наклонФ ные вправо спектры РЗЭ; (La/Yb) СN = 23–108 , (La/Sm)СN = 3.1–5.7, (Gd/Yb) СN = 4.5–11 (рис. 10). Среди доломитФанкеритовых карбонаФ титов по форме спектров РЗЭ выделяются два тиФ па (рис. 10). Породы первого типа имеют наклонФ 3 CN – содержания элементов нормированы относительно содержаний в углистом хондри те, MN – относительно соФ держаний в ПМ (McDonough, Sun, 1995). Рис. 7.

Соотношения FeOобщ–Mg# (а), TiO2–Mg# (б), CaO–Mg# (в), MgO–Mg# (г), K 2O–Mg# (д), Na 2O–Mg# (е), P2O5–Mg# (ж), MgO–SiO2 (з) в породах дайковоФжильного комплекса. Породы: 1 – метапикриты; 2 – фоскориты; 3 – кальцитовые карбонатиты; 4 – лампрофироподобная кальцитФфлогоФ питовая порода; 5 – доломитФанкеритовые карбонатиты. Mg# = MgO/(MgO + FeOобщ + MnO), мол. колФва. Стрелки на рис. 7з показывают изменение состава пикритового расплава при фракционировании магнезиального оливина (Fo), которое сменяется фракционированием флогопита (Phl). Пояснения в тексте."
36,"НОВЫЙ КАРБОНАТИТОВЫЙ КОМПЛЕКС В ЗАПАДНОМ ПРИБАЙКАЛЬЕ (ЮГ СИБИРСКОГО КРАТОНА) МИНЕРАЛЬНЫЙ СОСТАВ, ВОЗРАСТ, ГЕОХИМИЯ И ПЕТРОГЕНЕЗИС",2016,ru,10.7868/S0869590316030067,3555,37,19,"[section: Методы]
[page: 19]
310 ПЕТРОЛОГИЯ том 24 № 3 2016 САВЕЛЬЕВА и др. Та б л и ц а 6 .Химический состав (мас. %) и коэффициенты в формулах оксидов Fe и Ti из карбонатитов и ультраосновных пород КомпоФ ненты 1 23456 7 8 9 Mt 1 Mt 2 Mt 3 Mt 4 Ilm Ilm Mt Ilm Mt Mt Ilm Mt центр край центр край зерна край SiO2 Не опр. Не опр. Не опр. Не опр. Не опр. Не опр. Не опр. Не опр. Не опр. Не опр. 1.56 Не опр. Не опр. Al2O3 0.38 0.21 0.40 Не опр. Не опр. Не опр. Не опр. 1.00 Не опр. Не опр. Не опр. Не опр. 2.44 Cr2O3 25.43 2.34 24.06 0.53 Не опр. Не опр. Не опр. 24.57 Не опр. 16.09 Не опр. Не опр. 29.29 MgO 0.30 0.33 Не опр. Не опр. 0.30 0.30 3.22 0.28 Не опр."
36,"НОВЫЙ КАРБОНАТИТОВЫЙ КОМПЛЕКС В ЗАПАДНОМ ПРИБАЙКАЛЬЕ (ЮГ СИБИРСКОГО КРАТОНА) МИНЕРАЛЬНЫЙ СОСТАВ, ВОЗРАСТ, ГЕОХИМИЯ И ПЕТРОГЕНЕЗИС",2016,ru,10.7868/S0869590316030067,3556,38,19,"[section: Методы]
[page: 19]
Не опр. 0.80 Не опр. Не опр. CaO Не опр. Не опр. Не опр. Не опр. Не опр. Не опр. Не опр. Не опр. Не опр. Не опр. Не опр. Не опр. 0.56 ZnO 1.77 Не опр. 1.59 Не опр. Не опр. Не опр. Не опр. 1.64 Не опр. 1.42 Не опр. Не опр. 4.64 V Nb2O5 Не опр. Не опр. Не опр. Не опр. Не опр. 0.37 Не опр. Не опр. Не опр. Не опр. Не опр. Не опр. Не опр. Миналы, мол. % Ilm 93.7 76.3 97.6 84.7 Py 3.3 8.7 2.4 1.5 Gk 1.1 11.8 0.0 Hem 1.9 3.1 13.8 T, °C 970"
36,"НОВЫЙ КАРБОНАТИТОВЫЙ КОМПЛЕКС В ЗАПАДНОМ ПРИБАЙКАЛЬЕ (ЮГ СИБИРСКОГО КРАТОНА) МИНЕРАЛЬНЫЙ СОСТАВ, ВОЗРАСТ, ГЕОХИМИЯ И ПЕТРОГЕНЕЗИС",2016,ru,10.7868/S0869590316030067,3557,39,20,"[section: Методы]
[page: 20]
ПЕТРОЛОГИЯ том 24 № 3 2016 НОВЫЙ КАРБОНАТИТОВЫЙ КОМПЛЕКС В ЗАПАДНОМ ПРИБАЙКАЛЬЕ 311 Та б л и ц а 6 .Окончание КомпоФ ненты, мас. % Mt Ilm Mt Ilm Ilm Ilm Mt Mt Mt Mt центр край SiO2 Не опр. Не опр. 1.05 Не опр. 0.81 0.64 6.27 Не опр. Не опр. Не опр. Не опр. Al2O3 Не опр. Не опр. Не опр. Не опр. Не опр. Не опр. Не опр. Не опр. Не опр. Не опр. Не опр. Cr2O3 1.26 0.82 Не опр. Не опр. Не опр. Не опр. 5.35 0.51 Не опр. 0.29 Не опр. MnO Не опр. 0.87 Не опр. 0.74 0.61 0.44 Не опр. Не опр. Не опр. Не опр. Не опр. MgO Не опр. Не опр. Не опр. Не опр. Не опр. Не опр. Не опр. Не опр. Не опр. Не опр. Не опр. CaO Не опр. Не опр. Не опр. Не опр. 0.62 Не опр."
36,"НОВЫЙ КАРБОНАТИТОВЫЙ КОМПЛЕКС В ЗАПАДНОМ ПРИБАЙКАЛЬЕ (ЮГ СИБИРСКОГО КРАТОНА) МИНЕРАЛЬНЫЙ СОСТАВ, ВОЗРАСТ, ГЕОХИМИЯ И ПЕТРОГЕНЕЗИС",2016,ru,10.7868/S0869590316030067,3558,40,20,"[section: Методы]
[page: 20]
Не опр. Не опр. Не опр. Не опр. Не опр. ZnO Не опр. Не опр. Не опр. Не опр. Не опр. Не опр. Не опр. Не опр. Не опр. Не опр. Не опр. V 2O3 0.51 0.62 0.44 Не опр. Не опр. Не опр. Не опр. Не опр. Не опр. Не опр. Не опр. Nb2O5 Не опр. Не опр. Не опр. Не опр. 2.69 1.29 Не опр. Не опр. Не опр. Не опр. Не опр.

Миналы, мол. % Chr 1.9 0.0 8.5 0.8 0.4 Spl 0.0 0.0 Hc 0.8 4.6 11.6 Ilm 87.3 94.9 98.6 98.9 Py 1.9 1.6 1.4 1.1 Gk 0.0 0.0 Hem 9.8 3.5 T, °C 1000 500 Примечание. 1–5 – рудные минералы из метапикрита: 1 – крупное зональное зерно магнетита (рис. 2д), 2–5 – мелкие зерна магнетита (2–4) и ильменита (5) из основФ ной массы породы; 6 – ильменит из фоскорита; 7 – мелкие зерна хромистого магнетита с вростками ильменита из кальцитФфлогопитового силикокарбонатита; 8–13 – рудные минералы из кальцитовых карбонатитов: 8 – крупное зональное зерно с высокохромистым магнетитом в центре и срастаниями титаномагнетита и ильменита в краевой части (рис. 2е), 9 – мелкое зерно хромистого магнетита, 10, 11 – титаномагнетиты с вростками ильменита, 12, 13 – мелкие зерна ильменита из основной массы порфировидного карбонатита; 14–17 – рудные минералы из доломитФанкеритовых карбонатитов: 14 – корродированное зональное зерно магнетита, 15 – титаномагнеФ тит из графического срастания с рутилом, 16, 17 – зерна магнетита среди железистого доломита.

Миналы: Chr – хромит, Gk – гейкилит, Hc – герцинит, Hem – гематит, Ilm – ильменит, Mag – магнетит, Py – пирофанит, Spl – шпинель, Usp – ульвошпинель. Миналы и T, °C рассчитаны по (Ghiorso, Sack, 1991). Fe2O3, FeO рассчитаны по (Droop, 1987)."
36,"НОВЫЙ КАРБОНАТИТОВЫЙ КОМПЛЕКС В ЗАПАДНОМ ПРИБАЙКАЛЬЕ (ЮГ СИБИРСКОГО КРАТОНА) МИНЕРАЛЬНЫЙ СОСТАВ, ВОЗРАСТ, ГЕОХИМИЯ И ПЕТРОГЕНЕЗИС",2016,ru,10.7868/S0869590316030067,3559,41,21,"[section: Методы]
[page: 21]
312 ПЕТРОЛОГИЯ том 24 № 3 2016 САВЕЛЬЕВА и др. Та б л и ц а 7 .Химический состав (мас. %) пород дайковоФжильного комплекса КомпоФ ненты Na СО"
36,"НОВЫЙ КАРБОНАТИТОВЫЙ КОМПЛЕКС В ЗАПАДНОМ ПРИБАЙКАЛЬЕ (ЮГ СИБИРСКОГО КРАТОНА) МИНЕРАЛЬНЫЙ СОСТАВ, ВОЗРАСТ, ГЕОХИМИЯ И ПЕТРОГЕНЕЗИС",2016,ru,10.7868/S0869590316030067,3560,42,22,"[section: Методы]
[page: 22]
ПЕТРОЛОГИЯ том 24 № 3 2016 НОВЫЙ КАРБОНАТИТОВЫЙ КОМПЛЕКС В ЗАПАДНОМ ПРИБАЙКАЛЬЕ 313 6 Та б л и ц а 7 .Продолжение КомпоФ ненты Na –O Ba 285 Не опр. 174 73 Не опр. Не опр. Не опр. 153 Не опр. La 325 194 181 Ce 635 368 379 Pr 76.4 38.6 39.7 Nd 297 143 145 Sm 56.3 21.3 21.7 Eu 17.7 5.34 5.14 Gd 54.2 15.5 15.4 Tb 8.38 1.79 1.70 Dy 46.6 7.58 6.97 Ho 7.94 1.17 0.98 Er 16.0 2.42 1.96 Tm 1.89 0.28 0.22 Yb 9.73 1.46 1.14 Lu 1.19 0.20 0.15 Hf 11.02 7.06 4.74 Ta 11 5 9 Не опр. 6 Не опр. Не опр. 12 17"
36,"НОВЫЙ КАРБОНАТИТОВЫЙ КОМПЛЕКС В ЗАПАДНОМ ПРИБАЙКАЛЬЕ (ЮГ СИБИРСКОГО КРАТОНА) МИНЕРАЛЬНЫЙ СОСТАВ, ВОЗРАСТ, ГЕОХИМИЯ И ПЕТРОГЕНЕЗИС",2016,ru,10.7868/S0869590316030067,3561,43,23,"[section: Методы]
[page: 23]
314 ПЕТРОЛОГИЯ том 24 № 3 2016 САВЕЛЬЕВА и др. Та б л и ц а 7 .Продолжение Na La 218 295 174 372 154 Ce 446 612 378 757 342 Pr 48.2 68.9 47.2 90.6 45.7 Nd 176 255 194 356 197 Sm 38.6 45.9 33.8 82.4 72.5 Eu 11.2 11.8 9.44 33.8 23.5 Gd 31.8 27.3 24.9 118 48.3 Tb 4.91 3.36 3.05 20.2 4.28 Dy 24.3 15.3 14.3 88.7 12.4 Ho 3.87 2.34 2.16 11.5 1.38 Er 8.61 4.66 4.63 18.6 2.44 Tm 1.04 0.54 0.52 1.88 0.30 Yb 5.65 2.85 2.69 8.90 2.25 Lu 0.80 0.35 0.31 1.05 0.30 Hf 0.70 15.1 10.3 1.51 12.8"
36,"НОВЫЙ КАРБОНАТИТОВЫЙ КОМПЛЕКС В ЗАПАДНОМ ПРИБАЙКАЛЬЕ (ЮГ СИБИРСКОГО КРАТОНА) МИНЕРАЛЬНЫЙ СОСТАВ, ВОЗРАСТ, ГЕОХИМИЯ И ПЕТРОГЕНЕЗИС",2016,ru,10.7868/S0869590316030067,3562,44,24,"[section: Методы]
[page: 24]
ПЕТРОЛОГИЯ том 24 № 3 2016 НОВЫЙ КАРБОНАТИТОВЫЙ КОМПЛЕКС В ЗАПАДНОМ ПРИБАЙКАЛЬЕ 315 6* Та б л и ц а 7 .Окончание КомпоФ ненты K La 98.1 84.3 388 Ce 200 168 904 Pr 24.7 20.1 127 Nd 120 94.2 633 Sm 59.2 41.3 374 Eu 17.1 10.9 153 Gd 34.8 22.7 412 Tb 3.13 2.23 55.6 Dy 11.1 9.00 228 Ho 1.46 1.26 30.2 Er 2.81 2.51 47.7 Tm 0.33 0.31 4.41 Yb 2.08 2.15 19.7 Lu 0.29 0.29 2.07 Hf 5.79 13.2 7.53 U 0.9 1.2 3 3.5 6 Не опр. Не опр. Не опр. Примечание. Mg# = MgO/(MgO + FeO общ + MnO), мол. колФва."
36,"НОВЫЙ КАРБОНАТИТОВЫЙ КОМПЛЕКС В ЗАПАДНОМ ПРИБАЙКАЛЬЕ (ЮГ СИБИРСКОГО КРАТОНА) МИНЕРАЛЬНЫЙ СОСТАВ, ВОЗРАСТ, ГЕОХИМИЯ И ПЕТРОГЕНЕЗИС",2016,ru,10.7868/S0869590316030067,3563,45,24,"[section: Методы]
[page: 24]
В пробах, отмеченных * содержания элементов от Rb до U включительно определены методом ICPФMS, в остальных пробах – методом рентгенофлюоресцентного анализа; содержания элементов от Sc до Zn включительно во всех пробах определены методом рентгенофлюоресцентного анализа; содержание Li во всех пробах определено методом фотометрии пламени. 1, 2 – метапикриты; 3–5 – фоскориты; 6–16 – кальцитовые дайки; 17 – лампрофироподобная кальцитФфлогопитовая дайка; 18–35 – доломитФанкеритовые дайки и жилы. Места отбора проб показаны на рис. 1в. Оксиды даны в мас. %, элементы в г/т."
36,"НОВЫЙ КАРБОНАТИТОВЫЙ КОМПЛЕКС В ЗАПАДНОМ ПРИБАЙКАЛЬЕ (ЮГ СИБИРСКОГО КРАТОНА) МИНЕРАЛЬНЫЙ СОСТАВ, ВОЗРАСТ, ГЕОХИМИЯ И ПЕТРОГЕНЕЗИС",2016,ru,10.7868/S0869590316030067,3564,46,25,"[section: Методы]
[page: 25]
316 ПЕТРОЛОГИЯ том 24 № 3 2016 САВЕЛЬЕВА и др. 1000 100 10 1 10 100 1000 Co, г/т V, г/т Zr, г/т Ba/Sr 100010010 100001 100 1000 1000 10010 100001 0.1 0.01 0.001 Cr, г/тNi, г/т Nb, г/т Ba, г/т (а) (б) (в) (г) Рис. 9. Соотношения Сo–Ni (a), V–Cr (б), Zr–Nb (в), Ba/Sr–Ba (г) в породах дайковоФжильного комплекса. Условные обозначения см. на рис. 7. La Pr Sm Gd Dy Er YbCe Nd Eu Tb Ho Tm Lu 10000 Порода/хондрит 244/13 71/14 87/14 228/13 133/12 128/12 126/12 201/13 205/13 146/12 176/14 184/14 188/14 118/12 152/12 150/12 104/12 126/14 Рис. 10."
36,"НОВЫЙ КАРБОНАТИТОВЫЙ КОМПЛЕКС В ЗАПАДНОМ ПРИБАЙКАЛЬЕ (ЮГ СИБИРСКОГО КРАТОНА) МИНЕРАЛЬНЫЙ СОСТАВ, ВОЗРАСТ, ГЕОХИМИЯ И ПЕТРОГЕНЕЗИС",2016,ru,10.7868/S0869590316030067,3565,47,25,"[section: Методы]
[page: 25]
Спектры РЗЭ, нормированные по составу углистого хондрита (McDonough, Sun, 1995) в породах дайковоФ жильного комплекса. (а) – метапикриты (пробы 244/13, 71/14), фоскориты (пробы 87/14, 228/13), кальцитовые карбонатиты (пробы 126/12, 128/12, 133/12, 201/13), лампрофироподобный кальцитФфлогопитовый силикокарбонатит (проба 205/13); (б) – долоФ 104/12, 126/14)."
36,"НОВЫЙ КАРБОНАТИТОВЫЙ КОМПЛЕКС В ЗАПАДНОМ ПРИБАЙКАЛЬЕ (ЮГ СИБИРСКОГО КРАТОНА) МИНЕРАЛЬНЫЙ СОСТАВ, ВОЗРАСТ, ГЕОХИМИЯ И ПЕТРОГЕНЕЗИС",2016,ru,10.7868/S0869590316030067,3566,48,26,"[section: Методы]
[page: 26]
ПЕТРОЛОГИЯ том 24 № 3 2016 НОВЫЙ КАРБОНАТИТОВЫЙ КОМПЛЕКС В ЗАПАДНОМ ПРИБАЙКАЛЬЕ 317 Rb 10000 Ba Th U K Nb Ta La Ce Pb Pr Sr Nd P Sm Zr Hf Eu Ti Tb Dy Y Yb Lu 1000 100 10 1 Cпор/CПМ 2 OIB метапикриты фоскориты (а) (б) Рис. 11. Спектры распределения редких элементов в породах дайковоФжильного комплекса. (а): 1 – кальцитовые карбонатиты, 2 – лампрофироподобный кальцитФфлогопитовый силикокарбонатит; (б): 1 – доФ ломитФанкеритовые карбонатиты 1 типа , 2 – доломитФанкеритовые карбонат иты 2 типа (пояснения в тексте).

Спор/СПМ – отношение содержания элемента в породе к его содержанию в примитивной мантии по (McDonough, Sun, 1995). ные вправо спектры РЗЭ: (La/Yb) СN = 26–70, (La/Sm)СN = 3.2–4.0, (Gd/Yb) СN = 4.5–8, в пороФ дах второго типа на спектрах наблюдается “горб” в области средних лантаноидов, понижены отноФ шения (La/Yb)СN (13–46) и (La/Sm)СN (0.6–2.8) и повышено отношение (Gd/Yb) СN (8.5–17), что свидетельствует о остаточном гранате в источниФ ке плавления. И метапикриты, и карбонатиты обогащены отФ носительно мантийного уровня в сотни раз и боФ лее Ta, Nb, K, LREE, Th, U, в десятки раз – Rb, Ba, Zr, Hf, Ti (рис. 11).

На графиках распределеФ ния РЭ для всех пород проявлены минимум по Sr; обедненность наиболее несовместимыми Rb и Ва по отношению к Nb, La; обогащенность К; обедФ ненность HREE и Y по отношению к LREE и MREE; нередко обедненность Р по сравнению с Nd и Sm. На спектрах ультраосновных пород и кальцитовых карбонатитов наблюдаются также минимумы по Pb; на спектрах карбонатитов – минимумы по Zr–Hf и Ti; на спектрах метапикриФ тов небольшой максимум по Ti. Для доломитФанФ керитовых карбонатитов характерны глубокий минимум по U и отсутствие минимума по Ва (рис. 11)."
36,"НОВЫЙ КАРБОНАТИТОВЫЙ КОМПЛЕКС В ЗАПАДНОМ ПРИБАЙКАЛЬЕ (ЮГ СИБИРСКОГО КРАТОНА) МИНЕРАЛЬНЫЙ СОСТАВ, ВОЗРАСТ, ГЕОХИМИЯ И ПЕТРОГЕНЕЗИС",2016,ru,10.7868/S0869590316030067,3567,49,26,"[section: Методы]
[page: 26]
Величины отношений (Ce/Pb) MN (1.8) и (Nb/U)MN (1.7) в метапикритах указывают на отФ сутствие контаминации пикритового расплава материалом континентальной коры. В то же вреФ мя отношения Nb/La < 1 в карбонатитах отражаФ ют вероятную контаминацию их расплавов короФ вым материалом (Rudnik, 2002)."
36,"НОВЫЙ КАРБОНАТИТОВЫЙ КОМПЛЕКС В ЗАПАДНОМ ПРИБАЙКАЛЬЕ (ЮГ СИБИРСКОГО КРАТОНА) МИНЕРАЛЬНЫЙ СОСТАВ, ВОЗРАСТ, ГЕОХИМИЯ И ПЕТРОГЕНЕЗИС",2016,ru,10.7868/S0869590316030067,3568,50,27,"[section: Методы]
[page: 27]
318 ПЕТРОЛОГИЯ том 24 № 3 2016 САВЕЛЬЕВА и др. ИЗОТОПНОФГЕОХИМИЧЕСКИЕ ИССЛЕДОВАНИЯ Вариации изотопного состава углерода δ13С (PDB) и кислорода δ18О (SMOW) в кальците и жеФ лезистом доломите из карбонатитов составляют соответственно от –3.0 до –4.5‰ и от 11.9 до δ13С (PDB)–δ18О (SMOW) (рис. 12) точки составов карбонатов лоФ жатся в поле изотопных составов карбонатитовых массивов краевых частей Сибирского кратона (Владыкин, 2009). В то же время точки изотопных составов изученных пород смещены относительФ но состава первичных магматических карбонатиФ тов (PIC, (Keller, Hoefs, 1995)) в сторону более выФ соких значений δ13С и δ18О.

В работе (Wilson et al., 2007) показано, что если значения изотопов кисФ лорода, характерные для PIC, отражают кристалФ лизацию карбоната при температурах от 450 °С до более 1110°С, то диапазон значений δ18О SMOW 12–14‰, зафиксированный в изученных образФ цах, соответствует температурам кристаллизации ниже 200 °С, что, возможно, указывает на постФ магматическую перекристаллизацию карбонатов.

С целью диагностики магматического источФ ника карбонатитовых расплавов по шести образФ цам выполнены RbФSr и SmФNd изотопные исслеФ карбонатитов (обр. 126/12 и 127/12) значения εNd(Т) составляют 2.7 и 6.5, а εSr(Т) – 20.7 и 21.1, соответственно (рис. 13). Изотопный состав доФ ломитФанкеритовых карбонатитов варьирует в более широком диапазоне. Два образца (126/14 и 152/12) имеют близкие значения εNd(Т) 3.6 и 3.7 при εSr(Т) 35 и 33. Два образца (184/14 и 118/12) при εNd(Т) 3.2 и –1.7 имеют более обогащенные составы εSr(Т) 217 и 85."
36,"НОВЫЙ КАРБОНАТИТОВЫЙ КОМПЛЕКС В ЗАПАДНОМ ПРИБАЙКАЛЬЕ (ЮГ СИБИРСКОГО КРАТОНА) МИНЕРАЛЬНЫЙ СОСТАВ, ВОЗРАСТ, ГЕОХИМИЯ И ПЕТРОГЕНЕЗИС",2016,ru,10.7868/S0869590316030067,3569,51,27,"[section: Методы]
[page: 27]
Рассматриваемые карбоФ натиты имеют мантийные значения εNd, подобФ ные девонским кимберлитам Сибирского кратоФ на (Carlson et al., 2006), раннетриасовому карбоФ натиту Г ули провинции Сибирских траппов (Когарко и др., 1999) и карбонатитам Восточной Африки (Bell, Tilton, 2001). Смещение εSr(Т) в правую часть диаграммы, поФвидимому , вызвано вторичными изменениями, либо обусловлено примесью ксеногенного материала.

ПЕТРОГЕНЕЗИС И ПАЛЕОГЕОДИНАМИЧЕСКАЯ ИНТЕРПРЕТАЦИЯ Т есная пространственная ассоциация карбоФ натитов с метапикритами, близкий химический Та б л и ц а 8 .Изотопный состав углерода и кислорода в карбонатах из карбонатитов № п/п Номер образца Минерал δ13CPDB±1σ (1) δ18OSMOW ± 1σ (1) δ13CPDB ± 1σ (2) δ18OSMOW ± 1σ (2) Кальцитовые карбонатиты 4 144/12 » –3.7 +12.9 – – ДоломитФанкеритовые карбонатиты 5 108/12 Железистый доломит –3.4 +12.1 – – 7 152/12 » –3.4 +11.9 – – 8 153/12 » –3.3 +12.0 – – 9 225/13 » –3.7 +12.4 – – 10 232/13 » –2.9 +13.1 – – Примечание. Анализы выполнены в ИГМ СО РАН (1) и ИГ Коми НЦ УрО РАН (2)."
36,"НОВЫЙ КАРБОНАТИТОВЫЙ КОМПЛЕКС В ЗАПАДНОМ ПРИБАЙКАЛЬЕ (ЮГ СИБИРСКОГО КРАТОНА) МИНЕРАЛЬНЫЙ СОСТАВ, ВОЗРАСТ, ГЕОХИМИЯ И ПЕТРОГЕНЕЗИС",2016,ru,10.7868/S0869590316030067,3570,52,28,"[section: Методы]
[page: 28]
ПЕТРОЛОГИЯ том 24 № 3 2016 НОВЫЙ КАРБОНАТИТОВЫЙ КОМПЛЕКС В ЗАПАДНОМ ПРИБАЙКАЛЬЕ 319 Карбонатиты окраины Сибирской платформы КарбонаФ Мурунскогомассива дегазация низкотемпературные изменения складчатых областей Ассими ляция или рэлеевское фракциониро вание 12 M NSC PIC δ18O, ‰ SMOW δ18C, ‰ PDB 0 –10 5 10 15 20 25 –8 –6 –4 –2 титы Рис. 12. Соотношение δ13С (PDB) и δ18О (SMOW) в карбонатах из карбонатитов Западного Прибайкалья. 1 – кальцит из кальцитовых карбонатитов; 2 – железисты й доломит из доломитФанкеритовых карбонатитов."
36,"НОВЫЙ КАРБОНАТИТОВЫЙ КОМПЛЕКС В ЗАПАДНОМ ПРИБАЙКАЛЬЕ (ЮГ СИБИРСКОГО КРАТОНА) МИНЕРАЛЬНЫЙ СОСТАВ, ВОЗРАСТ, ГЕОХИМИЯ И ПЕТРОГЕНЕЗИС",2016,ru,10.7868/S0869590316030067,3571,53,28,"[section: Методы]
[page: 28]
Поля: М – верхней мантии (Chazot et al., 1997; Cartigny et al., 1998), PIC – первич ноФмагматических карбонатитов (Keller, Hoefs, 1995), NSC – морских нормальноФосадочных карбонатов (Salomons, 1975). Поля карбонатитов разных геодинаФ мических обстановок показаны по (Владыкин, 2009). Стрелки – тренды изотопной эволюции (Demény et al., 2004). –50 –25 0 50 100 150 200 –20 –15 –5 5 10 15 EMI EMII MORB OIB CB εSr(T) εNd(T) кимберлиты Сибири Гули ВосточноФ Африканские лампроиты и карбонатиты Алданского щита 1 2 Рис. 13. Диаграмма εNd(T)–εSr(T) для карбонатитов Западного Прибайкалья. Карбонатиты: 1 – кальцитовые, 2 – доФ ломитФанкеритовые.

Для сопоставления нанесены поля составов ВосточноФАфриканских карбонатитов (EAC) (Bell, Tilton, 2001), лампроитов и карбонатитов Алданского щита (Mitchell et al., 1994; Davies et al., 2006), девонских кимберФ литов Сибирского кратона (Carlson et al., 2006), раннетриасового карбонатита Г ули (Когарко и др., 1999). Средние соФ ставы континентальных базальтов (CВ), серединноФокеанических хребтов (MORB), океанических островов (OIB) и обогащенной мантии – EMI и EMII взяты из работы (Iwamori, Nakamura 2015)."
36,"НОВЫЙ КАРБОНАТИТОВЫЙ КОМПЛЕКС В ЗАПАДНОМ ПРИБАЙКАЛЬЕ (ЮГ СИБИРСКОГО КРАТОНА) МИНЕРАЛЬНЫЙ СОСТАВ, ВОЗРАСТ, ГЕОХИМИЯ И ПЕТРОГЕНЕЗИС",2016,ru,10.7868/S0869590316030067,3572,54,29,"[section: Методы]
[page: 29]
320 ПЕТРОЛОГИЯ том 24 № 3 2016 САВЕЛЬЕВА и др. состав минералов в этих породах, повышенные отношения K/Na и сходные спектры распределеФ ния РЭ в метапикритах и карбонатитах позволяФ ют отнести новый комплекс к карбонатитам, свяФ занным с КФультраосновными магмами (ВладыФ кин, 2009). Становление комплекса, судя по текстурноФструктурным особенностям карбонаФ титов, происходило в условиях гипабиссальной фации.

Г еохимическое сходство кальцитовых и долоФ митФанкеритовых карбонатитов, их обогащенФ ность кремнеземом, титаном, калием, элементами группы железа, фосфором при умеренных содерФ жаниях Sr и Ва, указывают на то, что исходным для карбонатитов являлся один и тот же феррокарбоФ натитовый расплав, а единые тренды распределеФ ния элементов (рис. 9, 14) позволяют связывать образование карбонатитов разного петрографиФ ческого и химического состава с его фракционФ ной кристаллизацией.

Обычная последовательФ ность кристаллизации карбонатов из расплава следующая: кальцит, кальцит+доломит (КарбоФ наты, 1987), соответственно, кальцитовые карбоФ натиты являются наиболее ранними дифференФ циатами карбонатитовой магмы. Т емпература расплава, судя по составам сосуществующих магФ нетита и ильменита из порфировидных кальцитоФ вых карбонатитов, составляла более 970–1000 °С ратуре метаморфизма даек). Эволюция ферроФ карбонатитового расплава связана, в первую очеФ редь, с фракционированием титаномагнетита, что приводило к росту магнезиальности остаточФ ного расплава, обогащению его Са, в меньшей мере Mg, К и Р (рис. 7, 8)."
36,"НОВЫЙ КАРБОНАТИТОВЫЙ КОМПЛЕКС В ЗАПАДНОМ ПРИБАЙКАЛЬЕ (ЮГ СИБИРСКОГО КРАТОНА) МИНЕРАЛЬНЫЙ СОСТАВ, ВОЗРАСТ, ГЕОХИМИЯ И ПЕТРОГЕНЕЗИС",2016,ru,10.7868/S0869590316030067,3573,55,29,"[section: Методы]
[page: 29]
При снижении темпеФ ратуры кристаллизовались кальцит и апатит, а расплав обогащался Mg и Fe. При обособлении этого расплава от кальцитового кумулата из него кристаллизовались доломитФанкеритовые карбоФ натиты. Обогащенность доломитФанкеритовых карбонатитов типа 2 барием по отношению к Sr и La (рис. 14) указывает на их образование из наиФ более глубоко дифференцированного расплава, остающегося после фракционирования монациФ таФ(Се), что отражается на форме спектров РЗЭ (рис. 10б), или из карбонатитового флюида.

Проявленная на спектрах распределения редФ ких элементов в ультраосновных породах и карФ бонатитах обедненность тяжелыми РЗЭ отражает существенную роль граната в источнике тех и других, пониженные отношения (P/Ce) MN указыФ вают на вероятное присутствие в источнике апаФ тита, а высокие отношения K/Na в метапикритах и карбонатитах отражают присутствие в источниФ ке флогопита. Примесь корового материала в карбонатитовом расплаве не была велика, поФ скольку карбонатиты характеризуются типичныФ ми мантийными значениями εNd(Т).

Высокие соФ держания Nb, Ta, LREE, Ti, Zr в породах указываФ ют на низкую степень частичного плавления вещества мантийного источника и возможное изФ менение субстрата мантийным метасоматозом (Когарко, 2006; Арзамасцев, Митрофанов, 2009). Т есная пространственная ассоциация и геохиФ мическое сходство карбонатитов и метапикритов позволяют предполагать для них в качестве исФ ходного единый силикатноФкарбонатный расФ плав. Вопрос, каким образом произошла диффеФ ренциация этого расплава, остается открытым. 1 2 3 4 5 6 100 10 0.1 0.1 1 100.01 Ba/Sr Ba/La Рис. 14."
36,"НОВЫЙ КАРБОНАТИТОВЫЙ КОМПЛЕКС В ЗАПАДНОМ ПРИБАЙКАЛЬЕ (ЮГ СИБИРСКОГО КРАТОНА) МИНЕРАЛЬНЫЙ СОСТАВ, ВОЗРАСТ, ГЕОХИМИЯ И ПЕТРОГЕНЕЗИС",2016,ru,10.7868/S0869590316030067,3574,56,29,"[section: Методы]
[page: 29]
Соотношения Ba/La–Ba/Sr в породах дайковоФжильного комплекса. 1 – метапикриты; 2 – фоскориты; 3 – кальцитовые карб онатиты; 4 – лампрофироподобный кальцитФфлогопитовый силикокарбонатит; 5, 6 – доломитФанкеритовые карбонатиты: 5 – типа 1, 6 – типа 2."
36,"НОВЫЙ КАРБОНАТИТОВЫЙ КОМПЛЕКС В ЗАПАДНОМ ПРИБАЙКАЛЬЕ (ЮГ СИБИРСКОГО КРАТОНА) МИНЕРАЛЬНЫЙ СОСТАВ, ВОЗРАСТ, ГЕОХИМИЯ И ПЕТРОГЕНЕЗИС",2016,ru,10.7868/S0869590316030067,3575,57,30,"[section: Методы]
[page: 30]
ПЕТРОЛОГИЯ том 24 № 3 2016 НОВЫЙ КАРБОНАТИТОВЫЙ КОМПЛЕКС В ЗАПАДНОМ ПРИБАЙКАЛЬЕ 321 Принципиальная возможность образования кальциокарбонатитового расплава в результате кристаллизационной дифференциации кимберФ литового или карбонатсодержащего пикритового расплава показана в работе (Kjarsgaard, 1998). Из рис. 7з следует, что фракционирование магнезиФ ального оливина и некоторого количества флогоФ пита из карбонатсодержащего щелочного ультраФ основного расплава, близкого к пикритовому , могло привести к образованию силикатноФкарбоФ натного расплава, из которого кристаллизовались лампрофироподобные кальцитФфлогопитовые силикокарбонатиты.

При дальнейшем фракциоФ нировании флогопита может быть получен ферФ рокарбонатитовый расплав (рис. 7з). Однако обособленное от тренда карбонатитов положение точек метапикритов на диаграммах Ba/Sr–Ba и Ba/Sr–Ba/La (рис. 9, 14) не позволяет рассматриФ вать пикритовую магму как исходную для карбоФ натитов. Вероятно, существовал иной, недосыФ щенный кремнеземом и богатый щелочами, углеФ кислотой и другими летучими компонентами, расплав, материнский и для метапикритов, и для карбонатитов. Другим возможным механизмом образования феррокарбонатитового расплава является ликваФ ция.

В пользу этого механизма свидетельствует обнаружение в оливине из оливинФмелилитовых пород калиевоФультраосновного карбонатитовоФ го комплекса вулкана Пиан ди Челли (ЦентральФ ная Италия) силикатноФкарбонатных включений, имеющих состав, близкий к таковому кальцитоФ вых карбонатитов и силикокарбонатитов ЗападФ ного Прибайкалья (мас. %): CaO до 19–32, SiO 2 2008). Это позволяет предполагать, что выплавивФ шийся на глубине исходный расплав при подъеме к земной поверхности при определенных условиФ ях мог претерпеть карбонатноФсиликатное расФ щепление с последующим пространственным обособлением ультраосновной щелочной и ферФ рокарбонатитовой магм."
36,"НОВЫЙ КАРБОНАТИТОВЫЙ КОМПЛЕКС В ЗАПАДНОМ ПРИБАЙКАЛЬЕ (ЮГ СИБИРСКОГО КРАТОНА) МИНЕРАЛЬНЫЙ СОСТАВ, ВОЗРАСТ, ГЕОХИМИЯ И ПЕТРОГЕНЕЗИС",2016,ru,10.7868/S0869590316030067,3576,58,30,"[section: Методы]
[page: 30]
Обогащенность карбоФ натитов SiO 2, TiO2, Fe, Cr, Ni, Cо отражает незаФ вершенность дифференциации материнского расплава, а проявление на контакте с карбонатиФ товыми дайками флогопитизации показывает, что изначально карбонатитовый расплав содерФ жал значительное количество щелочей, в первую очередь калия. В то же время двустадийность щеФ лочного метасоматоза, проявленного на рассматФ риваемой территории, и различие метасоматитов по петрографическому составу позволяют предФ полагать для них разные источники растворов.

МикроклинФгематитовые метасоматиты харакФ терны для малоглубинных карбонатитовых комФ плексов (Карбонатиты, 1969), тогда как образоваФ ние богатых Na рибекитовых метасоматитов, имеющих более широкое площадное распростраФ нение, связано, возможно, с глубинным очагом щелочного силикатного расплава (Бардина, ПоФ пов, 1994). Согласно работе (Г ладкочуб и др., 2012), после завершения становления структуры Сибирского кратона в интервале 1.87–1.84 млрд лет его южная часть на протяжении длительного времени – окоФ ло 1 млрд лет характеризовалась отсутствием масФ штабных магматических и тектонических собыФ тий.

К наиболее ранним проявлениям активизаФ ции (начала рифтогенеза) в южной и югоФ восточной частях кратона относится формироваФ ние базитовых даек и силлов с возрастами от ~1000 млн лет на восточном фланге кратона (СетФ теФДабан, УчуроФМайский район) и до 780– 700 млн лет на южном (Байкальский и ШарыжалФ гайский выступы) и югоФзападном (Енисейский кряж) флангах (Г ладкочуб и др., 2012; Li et al., 2008)."
36,"НОВЫЙ КАРБОНАТИТОВЫЙ КОМПЛЕКС В ЗАПАДНОМ ПРИБАЙКАЛЬЕ (ЮГ СИБИРСКОГО КРАТОНА) МИНЕРАЛЬНЫЙ СОСТАВ, ВОЗРАСТ, ГЕОХИМИЯ И ПЕТРОГЕНЕЗИС",2016,ru,10.7868/S0869590316030067,3577,59,30,"[section: Методы]
[page: 30]
Полученные для карбонатных даек ЗападФ ного Прибайкалья значения возраста необычны для карбонатитов южной окраины Сибирского кратона, датировки для которых попадают в осФ новном в интервал 670–630 млн лет (Врублевский и др., 2003; Рипп и др., 2005; Ярмолюк и др., 2005). Обнаружение в пределах Байкальского выступа кратона карбонатитов с возрастом около 1 млрд лет показывает, что процесс внутриконтинентальФ ного растяжения начался одновременно на воФ сточном и южном (в современных координатах) флангах кратона (рис. 1а)."
36,"НОВЫЙ КАРБОНАТИТОВЫЙ КОМПЛЕКС В ЗАПАДНОМ ПРИБАЙКАЛЬЕ (ЮГ СИБИРСКОГО КРАТОНА) МИНЕРАЛЬНЫЙ СОСТАВ, ВОЗРАСТ, ГЕОХИМИЯ И ПЕТРОГЕНЕЗИС",2016,ru,10.7868/S0869590316030067,3578,60,30,"[section: Методы]
[page: 30]
Особенности карбонаФ титов, свидетельствующие о редуцированном пути дифференциации материнского расплава, отражаФ ют нестабильность тектонической обстановки."
36,"НОВЫЙ КАРБОНАТИТОВЫЙ КОМПЛЕКС В ЗАПАДНОМ ПРИБАЙКАЛЬЕ (ЮГ СИБИРСКОГО КРАТОНА) МИНЕРАЛЬНЫЙ СОСТАВ, ВОЗРАСТ, ГЕОХИМИЯ И ПЕТРОГЕНЕЗИС",2016,ru,10.7868/S0869590316030067,3579,61,30,"[section: Выводы]
[page: 30]
ВЫВОДЫ 1. В пределах Байкальского выступа СибирФ ского кратона (Западное Прибайкалье) выделен новый дайковоФжильный комплекс калиевого тиФ па щелочности с возрастом около 1 млрд лет, включающий кальцитовые и доломитФанкеритоФ вые карбонатиты, силикокарбонатиты, метаФ пикриты и фоскориты. 2. Распределение петрогенных и редких элеФ ментов в кальцитовых и доломитФанкеритовых карбонатитах указывает на их образование из феррокарбонатитового расплава в процессе его фракционной кристаллизации. 3. Сходство состава минералов и геохимии карбонатитов и метапикритов позволяет предпоФ лагать для них в качестве исходного единый силиФ катноФкарбонатный расплав, богатый щелочами и летучими компонентами (P , S, F , Cl), образовавФ"
36,"НОВЫЙ КАРБОНАТИТОВЫЙ КОМПЛЕКС В ЗАПАДНОМ ПРИБАЙКАЛЬЕ (ЮГ СИБИРСКОГО КРАТОНА) МИНЕРАЛЬНЫЙ СОСТАВ, ВОЗРАСТ, ГЕОХИМИЯ И ПЕТРОГЕНЕЗИС",2016,ru,10.7868/S0869590316030067,3580,62,31,"[section: Выводы]
[page: 31]
322 ПЕТРОЛОГИЯ том 24 № 3 2016 САВЕЛЬЕВА и др. шийся при низкой степени частичного плавления карбонатизированного флогопитсодержащего гранатового перидотита. 4. ИзотопноФгеохимическое изучение карбоФ натитов показало, что источником для них являФ лась умеренно деплетированная мантия с изотопФ ным составом, близким к источнику OIB. 5. Возрастные датировки для карбонатитов Западного Прибайкалья показывают, что проФ цесс внутриконтинентального растяжения на юге Сибирского кратона начался по крайней меФ ре 1 млрд лет назад. Работа выполнена при финансовой поддержке и Австралийского Комитета по Науке (грант DP130100257)."
15,"ПОЗДНЕПЕРМСКИЕ И РАННЕТРИАСОВЫЕ МАГМАТИЧЕСКИЕ ИМПУЛЬСЫ В АНГАРО-ТАСЕЕВСКОЙ СИНКЛИНАЛИ, ЮЖНО-СИБИРСКИЕ ТРАППЫ И ИХ ВОЗМОЖНОЕ ВЛИЯНИЕ НА ОКРУЖАЮЩУЮ СРЕДУ",2010,ru,,2685,0,1,"[section: Metadata]
[page: 1]
1298 УДК 551.736+761/552.3 ПОЗДНЕПЕРМСКИЕ И Р АННЕТРИАСОВЫЕ МАГМАТИЧЕСКИЕ ИМПУ ЛЬСЫ В АНГАРО-ТАСЕЕВСКОЙ СИНКЛИНАЛИ, ЮЖНО-СИБИРСКИЕ ТР АППЫ И ИХ ВОЗМОЖНОЕ ВЛИЯНИЕ НА ОКРУЖАЮЩУЮ СРЕДУ М.Т. Патон, А.В. Иванов*, М.Л. Фиорентини, Н. Ж. МакНаугтон**, И. Мудровская, Л.З. Резницкий*, Е.И. Демонтерова* Center for Exploration Targeting, Scool of Earth and Environment, University of Western Australia, 35 Stirling Highway, Crawley 6009, Western Australia, Australia * Институт земной коры, Сибирское отделение Российской академии наук, ул. Лермонтова, 128, 664033, Иркутск, Россия ** John de Laeter Centre, School of Applied Physics, Curtin University of Technology, Kent Street, Bentley 6102 Western Australia, Australia Недавно было высказано предположение о том, что основное влияние сибирского траппового магматизма на окружающую среду вызвано взаимодействием магмы с богатыми органикой сланцами нефтеносными эвапоритами и последующей генерацией и выбросом токсических газов (выброс сибирских газов: модель ВСГ (SGV))."
15,"ПОЗДНЕПЕРМСКИЕ И РАННЕТРИАСОВЫЕ МАГМАТИЧЕСКИЕ ИМПУЛЬСЫ В АНГАРО-ТАСЕЕВСКОЙ СИНКЛИНАЛИ, ЮЖНО-СИБИРСКИЕ ТРАППЫ И ИХ ВОЗМОЖНОЕ ВЛИЯНИЕ НА ОКРУЖАЮЩУЮ СРЕДУ",2010,ru,,2686,1,1,"[section: Metadata]
[page: 1]
богатыми органикой сланцами нефтеносными эвапоритами и последующей генерацией и выбросом токсических газов (выброс сибирских газов: модель ВСГ (SGV)). Частично это предположение подтверждается U-Pb возрастом 252.0 ± 0.4 млн лет одного из долеритовых силлов из юго-восточной части поля cибирских траппов, эта датировка соответствует рубежу пермь—триас и приуроченному к нему известному массовому вымиранию биоты. В этой работе для двух других долеритовых силлов были получены датировки по цирконам U-Pb SHRIMP методом: 254.2 ± 2.3 млн лет и 249.6 ± 1.5 млн лет. Первая датировка согласуется в пределах ошибки с ранее опубликованным возрастом долеритовых силлов, а вторая согласуется с U-Pb датировками, полученными для лав и интрузий северной части площади развития сибирских траппов. Новые датировки соответствуют рубежам Каньшиньянь/Вучиапиньянь и Спатьянь/Смитьянь. Анализ 40Ar/39Ar и U-Pb SHRIMP датировок, ранее опубликованных для юго-восточной части провинции сибирских траппов показывает, что на рубежах Анишьянь/Спатьянь, поздний/средний Анишьянь и Ландиань/Анишьянь соответственно, по-видимому, имели место три другие импульса магматизма."
15,"ПОЗДНЕПЕРМСКИЕ И РАННЕТРИАСОВЫЕ МАГМАТИЧЕСКИЕ ИМПУЛЬСЫ В АНГАРО-ТАСЕЕВСКОЙ СИНКЛИНАЛИ, ЮЖНО-СИБИРСКИЕ ТРАППЫ И ИХ ВОЗМОЖНОЕ ВЛИЯНИЕ НА ОКРУЖАЮЩУЮ СРЕДУ",2010,ru,,2687,2,1,"[section: Metadata]
[page: 1]
то на рубежах Анишьянь/Спатьянь, поздний/средний Анишьянь и Ландиань/Анишьянь соответственно, по-видимому, имели место три другие импульса магматизма. Таким образом, возможно, модель ВСГ применима также к более мелкомасштабным эпизодам исчезновения и возрождения биоты, приуроченным к пермотриасовому вымиранию биологических видов. Сибирские траппы, U-Pb SHRIMP датировка. LATE PERMIAN AND EARLY TRIASSIC MAGMATIC PULSES IN THE ANGARA-TASEEV A SYNCLINE, SOUTHERN SIBERIAN TRAPS AND THEIR POSSIBLE INFLUENCE ON THE ENVIRONMENT M.T. Paton, A.V. Ivanov, M.L. Fiorentini, N.J. McNaughton, I. Mudrovska, L.Z. Reznitskii, and E.I. Demonterova Recently it has been suggested that the major inﬂ uence on the environment from Siberian Traps magmatism was due to the interaction of magma and organic-rich shale and petroleum-bearing evaporites, with the subsequent creation and outburst of toxic gases (Siberian gas venting: SGV model). In part this idea was supported by a U-Pb age of 252.0 ± 0.4 Ma for one of the dolerite sills in the southeastern Siberian Traps: The age corresponds to the Permo-Triassic boundary and its known mass extinctions of biota."
15,"ПОЗДНЕПЕРМСКИЕ И РАННЕТРИАСОВЫЕ МАГМАТИЧЕСКИЕ ИМПУЛЬСЫ В АНГАРО-ТАСЕЕВСКОЙ СИНКЛИНАЛИ, ЮЖНО-СИБИРСКИЕ ТРАППЫ И ИХ ВОЗМОЖНОЕ ВЛИЯНИЕ НА ОКРУЖАЮЩУЮ СРЕДУ",2010,ru,,2688,3,1,"[section: Metadata]
[page: 1]
of the dolerite sills in the southeastern Siberian Traps: The age corresponds to the Permo-Triassic boundary and its known mass extinctions of biota. In this study two other dolerite sills were dated using zircons by the U-Pb SHRIMP method at 254.2 ± 2.3 Ma and 249.6 ± 1.5 Ma. The former age is in agreement within error with the age previously published for the dolerite sills, whereas the latter age is in agreement with U-Pb ages published for lava and intrusions from the northern Siberian Traps. The new ages correspond to the Cahngshingian/Wuchiapingian or Permian/Triassic and Spathian/Smithian boundaries, respectively. Review of 40Ar/39Ar and U-Pb SHRIMP ages previously published for the southeastern Siberian Traps shows that three other pulses of magmatism probably took place at Anisian/Spathian, Late/Middle Anisian, and Landian/Anisian boundaries, respectively. Thus, it is possible that the SVG model can be applied also to lesser biotic extinctions and recoveries in proximity and aftermath to the main Permo-Triassic extinction. Siberian Traps, U-Pb SHRIMP age © М.Т. Патон, А.В. Иванов, М.Л. Фиорентини, Н. Ж. МакНаугтон, И. Мудровская, Л.З. Резницкий, Е.И. Демонтерова, 2010"
15,"ПОЗДНЕПЕРМСКИЕ И РАННЕТРИАСОВЫЕ МАГМАТИЧЕСКИЕ ИМПУЛЬСЫ В АНГАРО-ТАСЕЕВСКОЙ СИНКЛИНАЛИ, ЮЖНО-СИБИРСКИЕ ТРАППЫ И ИХ ВОЗМОЖНОЕ ВЛИЯНИЕ НА ОКРУЖАЮЩУЮ СРЕДУ",2010,ru,,2689,4,2,"[section: Metadata]
[page: 2]
1299"
15,"ПОЗДНЕПЕРМСКИЕ И РАННЕТРИАСОВЫЕ МАГМАТИЧЕСКИЕ ИМПУЛЬСЫ В АНГАРО-ТАСЕЕВСКОЙ СИНКЛИНАЛИ, ЮЖНО-СИБИРСКИЕ ТРАППЫ И ИХ ВОЗМОЖНОЕ ВЛИЯНИЕ НА ОКРУЖАЮЩУЮ СРЕДУ",2010,ru,,2690,5,2,"[section: Введение]
[page: 2]
ВВЕДЕНИЕ Позднепермский биотический кризис был одним из самых заметных в истории Земли, который при вел к вымиранию 90 % морских и 75 % наземных видов [Erwin, 1994]. Главную причину этого кризиса обычно связывают с магматизмом сибирских траппов, опираясь в основном на геохронологические и ли тологические/вулканологические данные [Renne et al., 1995; Courtillot, Renne, 2003; Reichow et al., 20 08 ]. Однако оценки прямого воздействия магматизма на окружающую (и глобальную) среду отсутствуют. Недавно Х. Свенсен с соавторами [2009] высказал предположение о том, что основное загрязнение окружающей среды происходило в ходе магматизма вследствие взаимодействия магмы с богатыми органикой сланцами и нефтеносными эвапоритами и последующей генерацией и выбросом токсических газов (выброс сибирских газов: модель ВСГ). Эти авторы получили по цирконам U-Pb методом датировку 252.0 ± 0.4 млн лет для одного из многочисленных интрузивных силлов, внедрившихся в нефтеносные осадки в пределах Сибирской трапповой провинции [Vasil’ev et al., 2000]."
15,"ПОЗДНЕПЕРМСКИЕ И РАННЕТРИАСОВЫЕ МАГМАТИЧЕСКИЕ ИМПУЛЬСЫ В АНГАРО-ТАСЕЕВСКОЙ СИНКЛИНАЛИ, ЮЖНО-СИБИРСКИЕ ТРАППЫ И ИХ ВОЗМОЖНОЕ ВЛИЯНИЕ НА ОКРУЖАЮЩУЮ СРЕДУ",2010,ru,,2691,6,2,"[section: Введение]
[page: 2]
т для одного из многочисленных интрузивных силлов, внедрившихся в нефтеносные осадки в пределах Сибирской трапповой провинции [Vasil’ev et al., 2000]. Опубликованная [Svensen et al., 2009] датировка перекрывается в пределах ошибки определения с U-Pb возрастом пермотриасовой границы, составляющим 252.6 ± 0.2 млн лет [Mundil et al., 2004]. Однако имеющиеся 40Ar/39Ar датировки интрузивных пород из районов, находящихся на расстоянии более 500 км к юго-западу от района, где Х. Свенсен с коллегами проводили свои исследования (рис. 1) показывают, что часть силлов внедрилась в период раннего и среднего триаса [Ivanov et al., 2005, 2009]. Также было получено несколько триасовых 40Ar/39Ar датировок для интрузивных пород Норильского региона [Dalrymple et al., 1995] и эффузивных пород в районе Челябинска, которые оказались близкими к возрасту Уральских гор [Reichow et al., 2008] (см. врезку на рис. 1). Следовательно, если модель ВСГ действительно играла ключевую роль в вымирании живых организмов, то должна существовать корреляция между более поздними магматическими событиями и характером возрождения биоты в триасовый период. Рис. 1."
15,"ПОЗДНЕПЕРМСКИЕ И РАННЕТРИАСОВЫЕ МАГМАТИЧЕСКИЕ ИМПУЛЬСЫ В АНГАРО-ТАСЕЕВСКОЙ СИНКЛИНАЛИ, ЮЖНО-СИБИРСКИЕ ТРАППЫ И ИХ ВОЗМОЖНОЕ ВЛИЯНИЕ НА ОКРУЖАЮЩУЮ СРЕДУ",2010,ru,,2692,7,2,"[section: Введение]
[page: 2]
организмов, то должна существовать корреляция между более поздними магматическими событиями и характером возрождения биоты в триасовый период. Рис. 1. Упрощенная геологическая карта Ангаро-Тасеевской синклинали в юго-восточной части поля распространения сибирских траппов и места отбора датированных образцов для этого и предыдущего исследований [Malitch, 1999] с упрощением. Номера образцов показаны рядом с местами их отбора. Жирные штриховые линии обозначают границы различных силлов: Tu — Тулунского, Pa — Падунского, Ch — Чуна-Бирюсинского, To — Толстомысовского и U — У сольского. На врезке показан контур области распространения сибирских траппов. На врезке cимволами N и C обозначены соответственно Норильск и Челябинск. 1 — базальтовые трубки, часто с гидротермальными железными рудами, 2 — пермотриасовые (?) и раннесреднетриасовые силлы, 3 — пермотриасовые (?) туфы и эффузивы, 4 — палеозойский и мезозойский чехол кратона, 5 — докембрийский фундамент Сибирского кратона."
15,"ПОЗДНЕПЕРМСКИЕ И РАННЕТРИАСОВЫЕ МАГМАТИЧЕСКИЕ ИМПУЛЬСЫ В АНГАРО-ТАСЕЕВСКОЙ СИНКЛИНАЛИ, ЮЖНО-СИБИРСКИЕ ТРАППЫ И ИХ ВОЗМОЖНОЕ ВЛИЯНИЕ НА ОКРУЖАЮЩУЮ СРЕДУ",2010,ru,,2693,8,3,"[section: Введение]
[page: 3]
1300 Однако существуют две основные, требующие решения, проблемы, связанные с корреляцией Сибирских трапповых интрузий с помощью 40Ar/39Ar датирования. Во-первых, существует небольшое, но заметное несоответствие между 40Ar/39Ar и U-Pb методами датирования вследствие неопределенности величины константы распада изотопа 40K [Min et al., 2000; Renne, 2000; Kwon et al., 2002; Ivanov, 2006]. Поскольку биостратиграфия триасового периода была откалибрована по U-Pb возрастам циркона [Mundil et al., 1996, 2004; Ovtcharova et al., 2006], существует настоятельная необходимость в использовании UPb датирования также и сибирских силлов. Во-вторых, на 40Ar/39Ar датировки могут влиять процессы вторичных изменений [Baksi, 2007a,b]. Это особенно касается интрузивных пород, относительно глубоко внедрившихся в осадочные толщи [Baksi, 2007a,b]. Ввиду недостаточного на текущий момент количества точных U-Pb датировок, в данной статье приводятся результаты U-Pb SHRIMP датирования цирконов из двух долеритовых силлов Ангаро-Тасеевской синклинали, находящейся в южной части поля развития сибирских траппов."
15,"ПОЗДНЕПЕРМСКИЕ И РАННЕТРИАСОВЫЕ МАГМАТИЧЕСКИЕ ИМПУЛЬСЫ В АНГАРО-ТАСЕЕВСКОЙ СИНКЛИНАЛИ, ЮЖНО-СИБИРСКИЕ ТРАППЫ И ИХ ВОЗМОЖНОЕ ВЛИЯНИЕ НА ОКРУЖАЮЩУЮ СРЕДУ",2010,ru,,2694,9,3,"[section: Введение]
[page: 3]
ы U-Pb SHRIMP датирования цирконов из двух долеритовых силлов Ангаро-Тасеевской синклинали, находящейся в южной части поля развития сибирских траппов. Было установлено, что долеритовые силлы внедрялись в разное время в разных частях Ангаро-Тасеевской синклинали и что их внедрение по времени совпало с важными биостратиграфическими границами раннего триаса. ГЕОЛОГИЧЕСКАЯ СИТУ АЦИЯ Сибирские траппы представляют собой очень большую провинцию эффузивных и интрузивных пород и туфов, которая простирается примерно на 3 тыс. км от Уральских гор на западе до восточного края Сибирского кратона на востоке и более чем на 2 тыс. км от Алтайских гор на юге до Северного Ледовитого океана на севере (см. врезку на рис. 1). В общей сложности площадь Сибирской трапповой провинции составляет около 7 км 2, а объем магматических пород — около 4 км3 [Masaitis, 1983; Ivanov, 2007]. Приблизительно половина площади провинции сибирских траппов скрыта под чехлом мезозойских осадочных пород Западно-Сибирского бассейна, а другая половина обнажается в пределах Сибирского кратона."
15,"ПОЗДНЕПЕРМСКИЕ И РАННЕТРИАСОВЫЕ МАГМАТИЧЕСКИЕ ИМПУЛЬСЫ В АНГАРО-ТАСЕЕВСКОЙ СИНКЛИНАЛИ, ЮЖНО-СИБИРСКИЕ ТРАППЫ И ИХ ВОЗМОЖНОЕ ВЛИЯНИЕ НА ОКРУЖАЮЩУЮ СРЕДУ",2010,ru,,2695,10,3,"[section: Введение]
[page: 3]
бирских траппов скрыта под чехлом мезозойских осадочных пород Западно-Сибирского бассейна, а другая половина обнажается в пределах Сибирского кратона. Имеющиеся геохронологические данные показывают, что основной пик магматизма в провинции сибирских траппов пришелся на границу перми и триаса около 251 млн лет по U-Pb датировкам [Kamo et al., 2003; Mundil et al., 2004] или 249 млн лет по 40Ar/39Ar [Reichow et al., 2008]. Однако в литературе также приведены позднепермские и раннесреднетриасовые 40Ar/39Ar датировки [Baksi, Farrar, 1991; Basu et al., 1995; Dalrymple et al., 1995; Ivanov et al., 2005; Walderhaug et al., 2005; Reichow et al., 2008; Ivanov et al., 2009]. Обсуждение надежности этих датировок не входило в задачи данного исследования. Однако следует отметить, что имеющиеся палеомагнитные данные свидетельствуют о том, что общая длительность магматизма сибирских траппов укладывается в интервал от поздней перми до среднего триаса [Kazanskii et al., 2000; Walderhaug et al., 2005; Steiner, 2006]. Подавляющая часть магмы, излившейся в пределах провинции сибирских траппов, имеет базальтовый состав и представлена в основном низкотитанистыми толеитами [Fedorenko et al., 1996]."
15,"ПОЗДНЕПЕРМСКИЕ И РАННЕТРИАСОВЫЕ МАГМАТИЧЕСКИЕ ИМПУЛЬСЫ В АНГАРО-ТАСЕЕВСКОЙ СИНКЛИНАЛИ, ЮЖНО-СИБИРСКИЕ ТРАППЫ И ИХ ВОЗМОЖНОЕ ВЛИЯНИЕ НА ОКРУЖАЮЩУЮ СРЕДУ",2010,ru,,2696,11,3,"[section: Введение]
[page: 3]
вшейся в пределах провинции сибирских траппов, имеет базальтовый состав и представлена в основном низкотитанистыми толеитами [Fedorenko et al., 1996]. Ультраосновные породы, такие как карбонатиты, меймечиты и богатые кремнеземом эффузивные породы, встречаются только на ограниченных по площади участках и составляют небольшую часть от общей массы магматических пород [Federenko, Czamanske, 1997; Medvedev et al., 2003]. Некоторые авторы считают, что граниты и сиениты A-типа, которые распространены главным образом на границах провинции сибирских траппов, также должны включаться в состав провинции [Vernikovsky et al., 2003; Dobretsov et al., 2005]. Площадь исследований охватывает Ангаро-Тасеевскую синклиналь, которая располагается на южном окончании кратонной котловины провинции (см. рис. 1). В пределах синклинали единственными магматическими породами, близкими по геохимическим характеристикам сибирским траппам, являются исключительно долеритовые силлы. Фактически химический состав силлов сходен с составом низкотитанистых толеитов, которые представляют преобладающий тип магматических пород провинции [Ivanov et al., 2009]."
15,"ПОЗДНЕПЕРМСКИЕ И РАННЕТРИАСОВЫЕ МАГМАТИЧЕСКИЕ ИМПУЛЬСЫ В АНГАРО-ТАСЕЕВСКОЙ СИНКЛИНАЛИ, ЮЖНО-СИБИРСКИЕ ТРАППЫ И ИХ ВОЗМОЖНОЕ ВЛИЯНИЕ НА ОКРУЖАЮЩУЮ СРЕДУ",2010,ru,,2697,12,3,"[section: Введение]
[page: 3]
состав силлов сходен с составом низкотитанистых толеитов, которые представляют преобладающий тип магматических пород провинции [Ivanov et al., 2009]. Исторически, со второй половины XIX столетия силлы Ангаро-Тасеевской геосинклинали намного раньше, чем любые другие интрузивные породы провинции, рассматривались как члены формации сибирских траппов [Masaitis, 1962]. Силлы представляют собой конкордантные интрузии протяженностью в сотни километров, внедрившиеся в основном по границам между различными осадочными формациями, хотя локально наблюдаются секущие контакты с вмещающими породами. Мощность силлов варьирует от сотен до нескольких метров. Опираясь на данные геологической съемки и бурения, Г.Д. Феоктистов [1978] разделил все интрузивные тела на шесть главных силлов, а именно, на Тулунский, Падунский, Толстомысовский, Чина-Бирюсинский, Заярский и У сольский силлы (см. рис. 1). Последние два силла не выходят на поверхность и закартированы исключительно на основании данных бурения."
15,"ПОЗДНЕПЕРМСКИЕ И РАННЕТРИАСОВЫЕ МАГМАТИЧЕСКИЕ ИМПУЛЬСЫ В АНГАРО-ТАСЕЕВСКОЙ СИНКЛИНАЛИ, ЮЖНО-СИБИРСКИЕ ТРАППЫ И ИХ ВОЗМОЖНОЕ ВЛИЯНИЕ НА ОКРУЖАЮЩУЮ СРЕДУ",2010,ru,,2698,13,3,"[section: Введение]
[page: 3]
ий, Заярский и У сольский силлы (см. рис. 1). Последние два силла не выходят на поверхность и закартированы исключительно на основании данных бурения. В нашей работе представлены геохронологические сведения по двум образцам, отобранным в рамках более крупного проекта, целью которого являлось установление геохимической структуры Ангаро-Тасеевской синклинали. Образец ST-08-110"
15,"ПОЗДНЕПЕРМСКИЕ И РАННЕТРИАСОВЫЕ МАГМАТИЧЕСКИЕ ИМПУЛЬСЫ В АНГАРО-ТАСЕЕВСКОЙ СИНКЛИНАЛИ, ЮЖНО-СИБИРСКИЕ ТРАППЫ И ИХ ВОЗМОЖНОЕ ВЛИЯНИЕ НА ОКРУЖАЮЩУЮ СРЕДУ",2010,ru,,2699,14,4,"[section: Введение]
[page: 4]
1301 отобран из самой верхней части классического разреза Падунского силла напротив Братской гидроэлектростанции в центральной части Ангаро-Тасеевской синклинали (см. рис. 1). Образец ST-08-116 был отобран в северной части синклинали на левом берегу р. Ангара недалеко от недавно построенной Богучанской гидроэлектростанции (см. рис. 1). В окрестностях этого района туфы более распространены, чем в других частях Ангаро-Тасеевской синклинали. ПЕТРОГР АФИЯ ДАТИРОВАННЫХ ОБР АЗЦОВ Номенклатурным названием ангаро-тасеевских долеритов (основанным на модальном составе) является «оливиновый габбро-норит», в составе которого преобладает плагиоклаз, в меньших количествах присутствуют клинои ортопироксены, а акцессорными фазами являются оливин и слюда. Ближе всего таким составам отвечают породы, распространенные на северо-западе Ангаро-Тасеевской синклинали, к которым принадлежит обр. ST-08-116 (см. рис. 1). Из всех проб обр. ST-08-110, отобранный из Падунского силла в центральной части Ангаро-Тасеевской синклинали (см. рис. 1), показывает наибольшую степень серицитизации."
15,"ПОЗДНЕПЕРМСКИЕ И РАННЕТРИАСОВЫЕ МАГМАТИЧЕСКИЕ ИМПУЛЬСЫ В АНГАРО-ТАСЕЕВСКОЙ СИНКЛИНАЛИ, ЮЖНО-СИБИРСКИЕ ТРАППЫ И ИХ ВОЗМОЖНОЕ ВЛИЯНИЕ НА ОКРУЖАЮЩУЮ СРЕДУ",2010,ru,,2700,15,4,"[section: Введение]
[page: 4]
ST-08-110, отобранный из Падунского силла в центральной части Ангаро-Тасеевской синклинали (см. рис. 1), показывает наибольшую степень серицитизации. Согласно данным спектроскопии с дисперсией длин волн (СДДВ), плагиоклаз этого образца имеет низкое содержание анортита, составляющее около 42—43 %. Пироксен в этом образце имеет нормативный состав 82 % диопсида и 18 % гиперстена. Оливин отсутствует, а кварц и K-Na полевой шпат присутствуют. Преобладающими непрозрачными фазами являются Ti-содержащий ильменит, пирит, халькопирит и магнетит. Анализ СМ-изображения отобранного поблизости образца, выявил наличие акцессорного циркона, бадделеита и цирконолита [Ivanov et al., 2008]. Г.Д. Феоктистов [1961] и Б.М. Владимиров [1962] назвали кварц + полевошпат-содержащие породы пегматит-долеритами. Они образуются в самой верхней части силловых интрузий в результате процесса фракционной кристаллизации. АНАЛИТИЧЕСКАЯ ПРОЦЕДУР А ДАТИРОВАНИЯ Образцы из обнажений долеритовых силлов отбирались в ходе летнего полевого сезона 2008 г."
15,"ПОЗДНЕПЕРМСКИЕ И РАННЕТРИАСОВЫЕ МАГМАТИЧЕСКИЕ ИМПУЛЬСЫ В АНГАРО-ТАСЕЕВСКОЙ СИНКЛИНАЛИ, ЮЖНО-СИБИРСКИЕ ТРАППЫ И ИХ ВОЗМОЖНОЕ ВЛИЯНИЕ НА ОКРУЖАЮЩУЮ СРЕДУ",2010,ru,,2701,16,4,"[section: Введение]
[page: 4]
ционной кристаллизации. АНАЛИТИЧЕСКАЯ ПРОЦЕДУР А ДАТИРОВАНИЯ Образцы из обнажений долеритовых силлов отбирались в ходе летнего полевого сезона 2008 г. Отобранные на геохронологический анализ пробы горных пород, каждая весом свыше 15 кг (что обусловлено сложностью извлечения поддающихся датированию минералов из мафических долеритов [Black et al., 1991]), обрабатывались в Институте земной коры СО Р АН (г. Иркутск, Россия) (обр. ST-08-110) и в Университете Западной Австралии (г. Перт) (обр. ST-08-116). Монолитная пр. ST-08-110 (40 × 40 см) была раздавлена под прессом на более мелкие блоки, которые затем дробились в щековой и валковой дробилке. Полученные мелкие частицы породы и каменная пыль просеивались через 150-микрометровое сито. Эта фракция разделялась по плотности с помощью гидролотка. Далее лейкократовую плотную фракцию разделяли на магнитную и немагнитную фракции с помощью электромагнита. Немагнитная фракция разделялась по плотности в тяжелых жидкостях; вначале использовался бромоформ (CHBr 3, плотность 2.89 г/см3), а затем фракция с плотностью >2.89 г/см 3 разделялась в жидкости Клеричи (раствор муравьиной и малоновой кислот с добавлением таллия, плотность 4.24 г/см 3)."
15,"ПОЗДНЕПЕРМСКИЕ И РАННЕТРИАСОВЫЕ МАГМАТИЧЕСКИЕ ИМПУЛЬСЫ В АНГАРО-ТАСЕЕВСКОЙ СИНКЛИНАЛИ, ЮЖНО-СИБИРСКИЕ ТРАППЫ И ИХ ВОЗМОЖНОЕ ВЛИЯНИЕ НА ОКРУЖАЮЩУЮ СРЕДУ",2010,ru,,2702,17,4,"[section: Введение]
[page: 4]
фракция с плотностью >2.89 г/см 3 разделялась в жидкости Клеричи (раствор муравьиной и малоновой кислот с добавлением таллия, плотность 4.24 г/см 3). Зерна бадделеита и циркона отбирались вручную под бинокулярным микроскопом из фракции, обогащенной бадделеитом-цирконом-апатитом с преобладанием апатита, после промывки тяжелой фракции в чистой воде для удаления пленок тяжелой жидкости с поверхности минеральных зерен. Крупные фрагменты пр. ST-08-116 разрезали на камнерезном станке на мелкие куски (размером ≈10 × 10 см), которые затем дробили в щековой дробилке и измельчителе с корпусом из карбида вольфрама до частиц песчаной размерности. Полученный порошок просеивали через сито с отверстиями 150 мкм. Эту фракцию (≈8 кг) пропускали через ручной магнит для удаления сильномагнитных зерен, а затем — через изодинамический электромагнит Франца при токе 0.5 А и наклоне электродов 10°. После этого немагнитную фракцию разделяли по плотности, при этом использовалась тяжелая жидкость ТБЭ (1.1, 2.2-тетрабромэтан, имеющий плотность 2.97 г/см 3)."
15,"ПОЗДНЕПЕРМСКИЕ И РАННЕТРИАСОВЫЕ МАГМАТИЧЕСКИЕ ИМПУЛЬСЫ В АНГАРО-ТАСЕЕВСКОЙ СИНКЛИНАЛИ, ЮЖНО-СИБИРСКИЕ ТРАППЫ И ИХ ВОЗМОЖНОЕ ВЛИЯНИЕ НА ОКРУЖАЮЩУЮ СРЕДУ",2010,ru,,2703,18,4,"[section: Введение]
[page: 4]
того немагнитную фракцию разделяли по плотности, при этом использовалась тяжелая жидкость ТБЭ (1.1, 2.2-тетрабромэтан, имеющий плотность 2.97 г/см 3). Фракцию с плотностью >2.97 г/см 3 промывали в ацетоне объемом 5 л, высушивали и затем пропускали через электромагнит Франца при токе 1.0 А и наклоне электродов 5°. Погруженные в этанол зерна циркона отбирали под бинокуляром вручную из обогащенной апатитом циркон-апатитовой фракции. Отобранные вручную зерна бадделеита и циркона закреплялись в шашке наряду со стандартами: цирконом BR266, стеклом NBS-610, бадделеитом Phalaborwa и цирконом SDA. После этого шашки диаметром 2.4 см заливали эпоксидной смолой с полной герметизацией зерен. После этого заготовки разрезали на токарном станке на пластинки толщиной около 0.5 см и полировали до выхода зерен на поверхность среза. Затем каждый препарат очищали с помощью ультразвука в изопропиловом спирте, уайт-спирте, 10 % растворе Extran и в конце процедуры — в дистиллированной воде в течение 5 мин. Пос ле высушивания в сушильном шкафу при температуре 50 °С препараты покрывали пленкой золота тол щиной 40 нм."
15,"ПОЗДНЕПЕРМСКИЕ И РАННЕТРИАСОВЫЕ МАГМАТИЧЕСКИЕ ИМПУЛЬСЫ В АНГАРО-ТАСЕЕВСКОЙ СИНКЛИНАЛИ, ЮЖНО-СИБИРСКИЕ ТРАППЫ И ИХ ВОЗМОЖНОЕ ВЛИЯНИЕ НА ОКРУЖАЮЩУЮ СРЕДУ",2010,ru,,2704,19,4,"[section: Введение]
[page: 4]
дистиллированной воде в течение 5 мин. Пос ле высушивания в сушильном шкафу при температуре 50 °С препараты покрывали пленкой золота тол щиной 40 нм. После этого на сканирующем электронном микроскопе модели JEOL6400, установленном в Центре мик-"
15,"ПОЗДНЕПЕРМСКИЕ И РАННЕТРИАСОВЫЕ МАГМАТИЧЕСКИЕ ИМПУЛЬСЫ В АНГАРО-ТАСЕЕВСКОЙ СИНКЛИНАЛИ, ЮЖНО-СИБИРСКИЕ ТРАППЫ И ИХ ВОЗМОЖНОЕ ВЛИЯНИЕ НА ОКРУЖАЮЩУЮ СРЕДУ",2010,ru,,2705,20,5,"[section: Введение]
[page: 5]
1302 роскопических исследований и анализа при Университете Западной Авст ралии, получали изображение препаратов во вторичных и обратнорассеянных электронах. В Центре им. Джона Летера, Технологический университет в г. Куртин, Западная Австралия, на установках SHRIMP B и SHRIMP A были сделаны анализы проб соответственно ST-08-110 и ST-08-116 с использованием чувствительного ионного микрозонда с высокой разрешающей способностью (SHRIMP). На установке SHRIMP B для пр. ST-08-110 было выполнено 32 анализа зерен циркона. Эти зерна имели очень малый размер (рис. 2, а) с диаметром около 10—30 мкм, при этом диаметр пучка лучей во время анализа составлял ~10 мкм. При этом ток пучка составлял 0.5 нA. Для обр. ST-08-116 на установке SHRIMP A было сделано 25 анализов зерен циркона. Этот образец содержал зерна циркона намного большего размера (см. рис. 2, б) с диаметром около 50 мкм. На установке SHRIMP A использовался электронный пучок немного большего диаметра, чем на установке SHRIMP B. При этом ток пучка составлял 1.7 нА."
15,"ПОЗДНЕПЕРМСКИЕ И РАННЕТРИАСОВЫЕ МАГМАТИЧЕСКИЕ ИМПУЛЬСЫ В АНГАРО-ТАСЕЕВСКОЙ СИНКЛИНАЛИ, ЮЖНО-СИБИРСКИЕ ТРАППЫ И ИХ ВОЗМОЖНОЕ ВЛИЯНИЕ НА ОКРУЖАЮЩУЮ СРЕДУ",2010,ru,,2706,21,5,"[section: Введение]
[page: 5]
мкм. На установке SHRIMP A использовался электронный пучок немного большего диаметра, чем на установке SHRIMP B. При этом ток пучка составлял 1.7 нА. Для минимизации возможного загрязнения поверхности зерен, в том числе изотопом обычного свинца ( 204Pb), до выполнения каждого анализа поверхность препарата сканировалась в течение 2 мин пучком кислорода ионного микрозонда. Пучок первичных электронов по возможности фокусировался на ядрах зерен циркона, при этом не допускалось попадания в фокус трещин на их поверхности. Данные фиксировались в ходе выполнения шести сканирований по профилям, как показано в табл. 1. Пучок первичных электронов обычно образовывал на препарате округлое пятно размером 10—20 мкм, которое вполне помещалось между трещинами на зернах циркона, но было недостаточно малым для зерен бадделеита, поскольку их размер в среднем составлял около 10 мкм. РЕЗУ ЛЬТАТЫ Изотопные данные представлены в табл. 2. В работе использовались 238U-206Pb датировки, поскольку они являются чувствительным индикатором радиометрического возраста для относительно молодых цирконов [Aitchison et al., 1992; Ireland, 1992; Okamoto et al., 2004]."
15,"ПОЗДНЕПЕРМСКИЕ И РАННЕТРИАСОВЫЕ МАГМАТИЧЕСКИЕ ИМПУЛЬСЫ В АНГАРО-ТАСЕЕВСКОЙ СИНКЛИНАЛИ, ЮЖНО-СИБИРСКИЕ ТРАППЫ И ИХ ВОЗМОЖНОЕ ВЛИЯНИЕ НА ОКРУЖАЮЩУЮ СРЕДУ",2010,ru,,2707,22,5,"[section: Введение]
[page: 5]
чувствительным индикатором радиометрического возраста для относительно молодых цирконов [Aitchison et al., 1992; Ireland, 1992; Okamoto et al., 2004]. В качестве результирующих возрастов использовались значения взвешенного среднего 238U-206Pb датировок, при этом для отражения качества данных приводятся диаграммы U-Pb конкордий. При рассмотрении 32 анализов, проведенных по обр. ST08-110, было установлено, что для одного анализа была введена большая поправка на обычный Pb, и еще один анализ имел необычно низкие содержания U и Th. Эти данные были исключены из расчета сводного возраста (см. табл. 2). Остальные 30 анализов показали несколько повышенный разброс по сравнению с ожидающимся возрастом для одновозрастной совокупности (т.е. MSWD = 2.7). Хорошо известно, что высокие содержания редких элементов могут исказить относительную степень ионизации атомов Pb и U при проведении анализа на ионном микрозонде: например, обычно наблюдается увеличение кажущегося возраста при содержаниях U в цирконе свыше примерно 2500 г/т [Williams, Hergt, 2000]. Данные для обр. ST-08-110 показывают содержания U > 2500 г/т и слабую корреляцию между возрастом и содержанием U."
15,"ПОЗДНЕПЕРМСКИЕ И РАННЕТРИАСОВЫЕ МАГМАТИЧЕСКИЕ ИМПУЛЬСЫ В АНГАРО-ТАСЕЕВСКОЙ СИНКЛИНАЛИ, ЮЖНО-СИБИРСКИЕ ТРАППЫ И ИХ ВОЗМОЖНОЕ ВЛИЯНИЕ НА ОКРУЖАЮЩУЮ СРЕДУ",2010,ru,,2708,23,5,"[section: Введение]
[page: 5]
но 2500 г/т [Williams, Hergt, 2000]. Данные для обр. ST-08-110 показывают содержания U > 2500 г/т и слабую корреляцию между возрастом и содержанием U. Содержания Th также выше, но соотношения Th—возраст еще не были охарактеризованы. Соответственно, чтобы избежать Рис. 2. Изображения циркона, полученные на ЭСМ JEOL6400 в обратнорассеянных электронах при следующих параметрах: напряжение 15 кВ, ток 5 А и фокусное расстояние 25 мм. На рисунке видно, что зерно циркона из обр. ST-08-110 (а) меньше по размеру и имеет зональность, а также многочисленные трещины, что требует применения для анализа меньшего диаметра пучка электронов. Зерно циркона из обр. ST-08-116 ( б) имеет намного больший размер, но в нем отсутствует явная зональность. Таблица 1. Параметры SHRIMP анализа: соединения и изотопы, анализированные в ходе сканирования образцов ST-08-110 и ST-08-116 с временами подсчета для каждого соединения/изотопа Атомная масса Соединения / Изотопы Время подсчета, с 196 90 16 22Zr O 2.0 204 204Pb 10.0 204.05 Фон 10.0 206 206Pb 40.0 207 207Pb 20.0 208 208Pb 10.0 238 238U 10.0 248 232Th16O 5.0 254 238U16O 5.0"
15,"ПОЗДНЕПЕРМСКИЕ И РАННЕТРИАСОВЫЕ МАГМАТИЧЕСКИЕ ИМПУЛЬСЫ В АНГАРО-ТАСЕЕВСКОЙ СИНКЛИНАЛИ, ЮЖНО-СИБИРСКИЕ ТРАППЫ И ИХ ВОЗМОЖНОЕ ВЛИЯНИЕ НА ОКРУЖАЮЩУЮ СРЕДУ",2010,ru,,2709,24,6,"[section: Введение]
[page: 6]
1303 Таблица 2. Результаты SHRIMP анализов для образцов ST-08-110 и ST-08-116 Номер зерна 207Pb/206Pb ± % 208Pb/206Pb ± % 238U/206Pb ± % 206Pb/238U± % 206Pbс, % U, г/т Tb, г/т 206Pb* Возраст, млн лет (1) 206Pb/238U1 σ Обр. ST-08-110 1 0.0534 1.5 0.76 0.43 4.3 0.73 0.1305 0.44 0.00 4220 10263 147 256 4 2 0.0524 1.4 0.41 0.53 5.0 0.71 0.1292 0.24 0.00 4928 6405 175 261 4 3 0.0520 2.0 0.48 0.70 2.6 0.73 0.1258 0.34 0.00 2550 3892 88 253 4 4 0.0504 3.8 0.18 2.09 0.7 0.76 0.1116 0.50 0.00 763 404 26 247 4 5 0.0528 2.8 0.59 0.89 1.3 0.74 0.1185 0.85 0.30 1327 2430 45 249 4 6 0.0524 1.3 0.42 0.49 5.5 0.69 0.1248 0.39 –0.01 5598 7400 205 269 4 7 0.0552 2.0 0.63 0.62 2.3 0.70 0.1222 0.75 0.28 2369 4708 84 261 4 8 0.0523 2.0 0.81 0.55 2.6 0.72 0.1207 0.34 0.16 2626 6855 89 250 4 9 0.0528 3.3 0.28 1.49 0.9 0.74 0.1165 0.45 0.26 906 800 31 254 4 10 0.0537 1.6 0.68 0.47 3.9 0.70 0.1218 0.25 0.17 3898 8471 136 257 4 11 0.0588 3.9 0.81 1.15 0.6 0.80 0.1204 0.56 2.18 585 1494 19 244 4 12 0.0596 2.7 0.67 0.87 1.3 0.83 0.1082 0.39 0.25 1292 2744 44 248 4 13 0.0520 2.5 0.35 1.02 1.7 1.15 0.1121 0.42 –0.23 1719 1874 59 252 4 14 0.0529 2.1 0.39 0.79 2.2 1.02 0.1227 0.35 0.11 2243 2816 80 261 4 15"
15,"ПОЗДНЕПЕРМСКИЕ И РАННЕТРИАСОВЫЕ МАГМАТИЧЕСКИЕ ИМПУЛЬСЫ В АНГАРО-ТАСЕЕВСКОЙ СИНКЛИНАЛИ, ЮЖНО-СИБИРСКИЕ ТРАППЫ И ИХ ВОЗМОЖНОЕ ВЛИЯНИЕ НА ОКРУЖАЮЩУЮ СРЕДУ",2010,ru,,2710,25,6,"[section: Введение]
[page: 6]
44 248 4 13 0.0520 2.5 0.35 1.02 1.7 1.15 0.1121 0.42 –0.23 1719 1874 59 252 4 14 0.0529 2.1 0.39 0.79 2.2 1.02 0.1227 0.35 0.11 2243 2816 80 261 4 15 0.0572 1.8 0.36 0.74 2.8 0.70 0.1203 0.25 0.83 2863 3275 102 261 4 16 0.0521 2.6 0.19 1.37 1.5 0.73 0.1225 1.04 0.15 1510 957 51 250 4 17 0.0539 3.1 0.68 0.95 1.0 0.84 0.1147 0.53 0.93 1042 2229 35 251 4 18 0.0531 1.7 0.70 0.49 3.6 0.69 0.1142 0.39 0.23 3777 8404 135 262 4 19 0.0603 1.9 0.48 0.71 2.4 0.70 0.1200 0.34 1.02 2382 3582 83 257 4 20 0.0509 1.6 0.19 0.86 3.8 0.70 0.1267 0.27 0.14 3766 2309 134 262 4 21 0.0530 2.2 0.60 0.72 2.0 0.72 0.1198 0.38 0.13 2033 3908 71 258 4 22 0.0547 2.0 0.38 0.78 2.4 1.03 0.1194 0.34 0.34 2454 2995 87 261 4 23 0.0555 2.1 0.69 0.93 3.2 0.70 0.1235 0.29 0.00 3226 7245 118 269 4 24 0.0542 2.2 0.55 0.72 2.1 0.70 0.1170 0.37 0.30 2113 3776 74 259 4 25 0.0530 1.9 0.44 0.70 2.6 0.71 0.1225 0.33 0.16 2614 3682 92 258 4 26 0.0519 1.4 0.57 0.46 4.8 0.71 0.1260 0.76 0.05 4820 8967 175 266 4 27 0.0540 13.1 0.02 15.64 0.2 0.75 0.0511 1.07 0.00 218 6 8 267 4 28 0.0608 3.3 0.40 1.36 0.8 0.76 0.1161 0.82 1.26 797 1001 27 251 4 29 0.0576 1.6 0.88 0.46 3.2 0.68 0.1226 0.23 0.63 3208 9008 114 262 4 30 0.0515 1.6"
15,"ПОЗДНЕПЕРМСКИЕ И РАННЕТРИАСОВЫЕ МАГМАТИЧЕСКИЕ ИМПУЛЬСЫ В АНГАРО-ТАСЕЕВСКОЙ СИНКЛИНАЛИ, ЮЖНО-СИБИРСКИЕ ТРАППЫ И ИХ ВОЗМОЖНОЕ ВЛИЯНИЕ НА ОКРУЖАЮЩУЮ СРЕДУ",2010,ru,,2711,26,6,"[section: Введение]
[page: 6]
8 0.0608 3.3 0.40 1.36 0.8 0.76 0.1161 0.82 1.26 797 1001 27 251 4 29 0.0576 1.6 0.88 0.46 3.2 0.68 0.1226 0.23 0.63 3208 9008 114 262 4 30 0.0515 1.6 0.55 0.53 3.5 0.68 0.1202 0.55 0.00 3620 6689 133 271 4 31 0.0522 2.3 1.02 0.58 2.0 0.71 0. 1111 0.31 0.21 2075 6975 71 252 4 32 0.0572 3.4 0.35 1.43 0.9 0.88 0.0988 0.47 1.19 912 959 31 251 4"
15,"ПОЗДНЕПЕРМСКИЕ И РАННЕТРИАСОВЫЕ МАГМАТИЧЕСКИЕ ИМПУЛЬСЫ В АНГАРО-ТАСЕЕВСКОЙ СИНКЛИНАЛИ, ЮЖНО-СИБИРСКИЕ ТРАППЫ И ИХ ВОЗМОЖНОЕ ВЛИЯНИЕ НА ОКРУЖАЮЩУЮ СРЕДУ",2010,ru,,2712,27,7,"[section: Введение]
[page: 7]
1304 Окончание табл. 2 Номер зерна 207Pb/206Pb ± % 208Pb/206Pb ± % 238U/206Pb ± % 206Pb/238U± % 206Pbс, % U, г/т Tb, г/т 206Pb* Возраст, млн лет (1) 206Pb/238U1 σ Обр. ST-08-116 1 0.05284 1.5 0.300 0.90 0.54 0.35 0.1030 0.45 0.135 519 490 18 249 2 2 0.05145 1.1 0.259 0.73 0.89 0.33 0.1075 0.22 –0.157 846 699 29 252 2 3 0.05146 3.4 0.295 1.11 0.38 0.36 0.0903 0.35 0.306 373 344 13 248 2 4 0.05130 1.7 0.236 1.13 0.42 0.37 0.1056 0.33 0.041 397 299 13 245 2 5 0.05274 1.1 0.182 0.89 1.05 0.32 0.0831 0.27 0.082 1076 610 37 251 2 6 0.05234 0.8 0.305 0.50 1.77 0.74 0.0860 0.16 0.173 1798 1660 63 256 2 7 0.05184 0.9 0.381 0.49 1.43 0.39 0.1037 0.62 0.129 1375 1650 47 251 2 8 0.05321 1.3 0.327 0.81 0.60 0.34 0.1004 0.87 0.155 574 586 20 251 2 9 0.05311 1.0 0.491 0.52 1.07 0.30 0.0855 0.26 0.093 1075 1643 36 249 2 10 0.05179 1.3 0.219 1.09 0.68 0.33 0.0928 0.89 0.086 668 471 22 248 2 11 0.05146 0.8 0.377 0.44 2.19 0.34 0.0962 0.14 –0.056 2172 2475 78 263 2 12 0.05166 1.0 0.685 0.43 1.19 0.40 0.0970 0.42 0.165 1156 2485 39 248 2 13 0.05191 0.8 0.254 0.53 1.86 0.35 0.0924 0.20 0.000 1842 1444 64 254 2 14 0.05571 2.9 0.272 1.95 0.14 0.44 0.0828 0.59 0.430 139 118 5 240 2 15 0.05199 0.7 0.460"
15,"ПОЗДНЕПЕРМСКИЕ И РАННЕТРИАСОВЫЕ МАГМАТИЧЕСКИЕ ИМПУЛЬСЫ В АНГАРО-ТАСЕЕВСКОЙ СИНКЛИНАЛИ, ЮЖНО-СИБИРСКИЕ ТРАППЫ И ИХ ВОЗМОЖНОЕ ВЛИЯНИЕ НА ОКРУЖАЮЩУЮ СРЕДУ",2010,ru,,2713,28,7,"[section: Введение]
[page: 7]
8 0.254 0.53 1.86 0.35 0.0924 0.20 0.000 1842 1444 64 254 2 14 0.05571 2.9 0.272 1.95 0.14 0.44 0.0828 0.59 0.430 139 118 5 240 2 15 0.05199 0.7 0.460 0.37 2.23 0.62 0.0968 0.23 0.050 2189 3154 76 254 2 16 0.05179 1.6 0.234 1.09 0.51 0.35 0.0929 0.31 0.095 498 367 17 248 2 17 0.07249 1.4 0.212 1.21 0.49 0.35 0.0829 0.32 2.338 495 239 16 244 3 18 0.05175 1.0 0.662 0.44 1.37 0.30 0.0706 0.20 0.091 1471 2960 49 245 2 19 0.05219 1.9 0.212 1.35 0.37 0.38 0.0954 0.46 0.259 357 244 12 248 2 20 0.05234 2.3 0.683 0.98 3.25 0.49 0.0178 0.40 0.000 5325 12098 156 217 1 21 0.05222 1.0 0.222 0.71 1.15 0.32 0.0973 0.20 0.049 1117 775 38 250 2 22 0.05032 1.3 0.318 0.78 2.20 0.87 0.0458 0.63 –0.011 2593 2742 74 211 2 23 0.05104 1.3 1.092 0.44 0.82 0.32 0.0837 0.25 0.114 843 2905 29 254 2 24 0.05128 1.8 0.298 1.13 0.39 0.36 0.0851 0.36 0.167 393 361 13 252 2 25 0.05223 1.1 0.195 0.85 1.00 0.31 0.0857 0.22 0.081 1013 626 35 252 2 Примечание. Д анные, набранные курсивом, не исключались при расчете возраста (см. текст). Датировки, набранные жирным шрифтом, использовались при расчете сводного возраста. Pbc и Pb* — обыкновенный и радиогенный свинец соответственно."
15,"ПОЗДНЕПЕРМСКИЕ И РАННЕТРИАСОВЫЕ МАГМАТИЧЕСКИЕ ИМПУЛЬСЫ В АНГАРО-ТАСЕЕВСКОЙ СИНКЛИНАЛИ, ЮЖНО-СИБИРСКИЕ ТРАППЫ И ИХ ВОЗМОЖНОЕ ВЛИЯНИЕ НА ОКРУЖАЮЩУЮ СРЕДУ",2010,ru,,2714,29,7,"[section: Введение]
[page: 7]
кст). Датировки, набранные жирным шрифтом, использовались при расчете сводного возраста. Pbc и Pb* — обыкновенный и радиогенный свинец соответственно. (1) — внесена поправка на обыкновенный свинец по измеренному 204Pb."
15,"ПОЗДНЕПЕРМСКИЕ И РАННЕТРИАСОВЫЕ МАГМАТИЧЕСКИЕ ИМПУЛЬСЫ В АНГАРО-ТАСЕЕВСКОЙ СИНКЛИНАЛИ, ЮЖНО-СИБИРСКИЕ ТРАППЫ И ИХ ВОЗМОЖНОЕ ВЛИЯНИЕ НА ОКРУЖАЮЩУЮ СРЕДУ",2010,ru,,2715,30,8,"[section: Введение]
[page: 8]
1305 завышения расчетных возрастов, вызываемого подобным влиянием матрикса, мы последовательно исключали анализы с высоким содержанием U до тех пор, пока величина MSWD выборки не достигала значения, ожидаемого для одновозрастной выборки. Для 20 анализов с содержанием U <3000 г/т сводный возраст составил 254.2 ± 2.3 млн лет (MSWD = 1.4). Выборка анализов с содержанием U < 2500 г/т дает практически такой же возраст, но с несколько повышенным значением MSWD. Выборка анализов с предельным содержанием U, равным 4000 г/т, дает датировку 256.4 ± 2.6 млн лет (MSWD = 2.5, n = 26), которая демонстрирует тенденцию удревнения кажущихся возрастов и их разброс при включении в выборку анализов с высоким содержанием U. Исходя из этого, было сделано заключение о том, что наи лучшей оценкой возраста цирконов является датировка 254.2 ± 2.3 млн лет. Построенная для обр. ST-08-110 U-Pb конкордия (см. рис. 3, а) показывает, что данные, использованные для определения средневзвешенного 238U-206Pb возраста, являются конкордантными. Полученные для обр. ST-08-116 данные (см. табл. 2) показывают высокое содержание обычного Pb в одном из анализов и три статистических выброса для 25 анализов."
15,"ПОЗДНЕПЕРМСКИЕ И РАННЕТРИАСОВЫЕ МАГМАТИЧЕСКИЕ ИМПУЛЬСЫ В АНГАРО-ТАСЕЕВСКОЙ СИНКЛИНАЛИ, ЮЖНО-СИБИРСКИЕ ТРАППЫ И ИХ ВОЗМОЖНОЕ ВЛИЯНИЕ НА ОКРУЖАЮЩУЮ СРЕДУ",2010,ru,,2716,31,8,"[section: Введение]
[page: 8]
ые для обр. ST-08-116 данные (см. табл. 2) показывают высокое содержание обычного Pb в одном из анализов и три статистических выброса для 25 анализов. Среди выбросов одна удревненная (263 млн лет) и две омоложенных (211 и 217 млн лет) датировки. Вполне вероятно, что удревненный анализ получен по ксенокристаллу. Двум другим аномальным выбросам соответствуют наиболее высокие содержания U в зернах циркона, и их можно объяснить существенными радиационными повреждениями, с которыми связана незначительная потеря Pb. Рассчитанное по остальным 21 анализу значение MSWD равно 3.4, которое является слишком большим для одновозрастной выборки. Учитывая вероятность потери Pb в анализах с высоким содержанием U для этого образца, отбраковка следующего анализа, дающего наименьший возраст, понижает значение MSWD до 2.2 (для n = 20). Однако уже несколько анализов представляют следующий наиболее молодой возраст, и дальнейшая отбраковка становится неоправданной. Более древние датировки в обр. ST-08-116 соответствовали анализам с содержанием U > 3000 г/т."
15,"ПОЗДНЕПЕРМСКИЕ И РАННЕТРИАСОВЫЕ МАГМАТИЧЕСКИЕ ИМПУЛЬСЫ В АНГАРО-ТАСЕЕВСКОЙ СИНКЛИНАЛИ, ЮЖНО-СИБИРСКИЕ ТРАППЫ И ИХ ВОЗМОЖНОЕ ВЛИЯНИЕ НА ОКРУЖАЮЩУЮ СРЕДУ",2010,ru,,2717,32,8,"[section: Введение]
[page: 8]
зраст, и дальнейшая отбраковка становится неоправданной. Более древние датировки в обр. ST-08-116 соответствовали анализам с содержанием U > 3000 г/т. Однако ни в одном из оставшихся 20 анализов содержание U не превышало 2200 г/т, поэтому явно удревненные датировки, полученные по анализам с высоким содержанием U (±Th), нельзя считать фактором, объясняющим сильный разброс, отражаемый значением MSWD. Если датировку 263 млн лет можно объяснить наличием ксенокристалла, то при расчете датировок по другим анализам необходимо учитывать возможность влияния более древних частей некоторых зерен. Отбраковка следующих четырех наиболее «древних» анализов (в диапазоне 254—256 млн лет) понижает значение MSWD до 1.3, которое можно рассматривать как отражающее одновозрастную выборку с соответствующим возрастом 249.6 ± 1.5 млн лет ( n = 16). Цирконы с возрастом 254—256 млн лет, вероятно, отражают популяцию ксенокристаллов, и эти возрасты лишь ненамного превышают возраст внедрения дайки. Датировка 249.6 ± 1.5 млн лет принята в качестве наилучшей оценки возраста формирования силла (обр."
15,"ПОЗДНЕПЕРМСКИЕ И РАННЕТРИАСОВЫЕ МАГМАТИЧЕСКИЕ ИМПУЛЬСЫ В АНГАРО-ТАСЕЕВСКОЙ СИНКЛИНАЛИ, ЮЖНО-СИБИРСКИЕ ТРАППЫ И ИХ ВОЗМОЖНОЕ ВЛИЯНИЕ НА ОКРУЖАЮЩУЮ СРЕДУ",2010,ru,,2718,33,8,"[section: Введение]
[page: 8]
лишь ненамного превышают возраст внедрения дайки. Датировка 249.6 ± 1.5 млн лет принята в качестве наилучшей оценки возраста формирования силла (обр. ST-08-116), хотя следует отметить, что аргументы в пользу отбраковки анализов с потерей Pb и сделанных по ксенокристаллам являются несколько сомнительными. Рис. 3. Результаты U-Pb SHRIMP датирования цирконов из образцов ST-08-110 (а) и ST-08-116 (b). Эллипсы ошибок соответствуют 1σ. Штриховые эллипсы построены для анализов, не учитываемых при расчете сводного возраста (см. текст). 238U-206Pb сводные датировки для образцов ST-08-110 и ST-08-116 составляют соответственно 254.2 ± 2.3 и 249.6 ± 1.5 млн лет."
15,"ПОЗДНЕПЕРМСКИЕ И РАННЕТРИАСОВЫЕ МАГМАТИЧЕСКИЕ ИМПУЛЬСЫ В АНГАРО-ТАСЕЕВСКОЙ СИНКЛИНАЛИ, ЮЖНО-СИБИРСКИЕ ТРАППЫ И ИХ ВОЗМОЖНОЕ ВЛИЯНИЕ НА ОКРУЖАЮЩУЮ СРЕДУ",2010,ru,,2719,34,9,"[section: Введение]
[page: 9]
1306 Построенная для обр. ST-08-116 U-Pb конкордия (см. рис. 3, б) показывает, что данные, использованные для определения средневзвешенного 238U-206Pb возраста, являются конкордантными."
15,"ПОЗДНЕПЕРМСКИЕ И РАННЕТРИАСОВЫЕ МАГМАТИЧЕСКИЕ ИМПУЛЬСЫ В АНГАРО-ТАСЕЕВСКОЙ СИНКЛИНАЛИ, ЮЖНО-СИБИРСКИЕ ТРАППЫ И ИХ ВОЗМОЖНОЕ ВЛИЯНИЕ НА ОКРУЖАЮЩУЮ СРЕДУ",2010,ru,,2720,35,9,"[section: Обсуждение]
[page: 9]
ОБСУЖДЕНИЕ Полученные по образцам ST-08-116 и ST-08-110 две U-Pb датировки 249.6 ± 1.5 и 254.2 ± 2.3 млн лет соответственно не перекрываются в пределах аналитической ошибки (рис. 4) и могут рассматриваться как возрасты двух различных магматических событий с интервалом 4.8 ± 2.7 млн лет. Проба ST-08-110 отобрана на расстоянии ~350 км к юго-юго-востоку от места отбора пр. ST-08-116 (см. рис. 1). По U-Pb дискордии, построенной для разных зерен циркона из двух образцов долеритовых силлов 194/15 и 194/35 из керна скважины, пробуренной вблизи устья р. Непа (см. рис. 1), определена датировка 252.4 ± 1.2 млн лет, а из этой выборки четыре конкордантных зерна циркона дали 238U-206Pb датировку 252.0 ± 0.4 млн лет [Svensen et al., 2009]. Определенная для силла Непа датировка находится между датировками, полученными для образцов ST-08-116 и ST-08-110, хотя и перекрывается в пределах аналитической ошибки с датировкой обр. ST-08-110. Рис. 4. Сравнение новых и ранее опубликованных датировок, полученных для интрузивных пород Ангаро-Тасеевской синклинали. Номера образцов показаны рядом с символами (места отбора образцов см. на рис. 1)."
15,"ПОЗДНЕПЕРМСКИЕ И РАННЕТРИАСОВЫЕ МАГМАТИЧЕСКИЕ ИМПУЛЬСЫ В АНГАРО-ТАСЕЕВСКОЙ СИНКЛИНАЛИ, ЮЖНО-СИБИРСКИЕ ТРАППЫ И ИХ ВОЗМОЖНОЕ ВЛИЯНИЕ НА ОКРУЖАЮЩУЮ СРЕДУ",2010,ru,,2721,36,9,"[section: Обсуждение]
[page: 9]
овок, полученных для интрузивных пород Ангаро-Тасеевской синклинали. Номера образцов показаны рядом с символами (места отбора образцов см. на рис. 1). Образец из работы [Vernikovskaya et al., 2009] отбирался за пределами территории, показанной на рис. 1. Для сравнения также показаны U-Pb датировки, полученные для северной части поля сибирских траппов. Ранее опубликованные 40Ar/39Ar датировки пересчитаны с целью согласования с U-Pb временной шкалой с использованием 40Ar/39Ar датировки 249.5 ± 1.5 млн лет [Renne et al., 1995] и U-Pb датировки 252.6 ± 0.2 млн лет [Mundil et al., 2004], принятых для границы пермь—триас, как обсуждается в работе [Ivanov et al., [2009]."
15,"ПОЗДНЕПЕРМСКИЕ И РАННЕТРИАСОВЫЕ МАГМАТИЧЕСКИЕ ИМПУЛЬСЫ В АНГАРО-ТАСЕЕВСКОЙ СИНКЛИНАЛИ, ЮЖНО-СИБИРСКИЕ ТРАППЫ И ИХ ВОЗМОЖНОЕ ВЛИЯНИЕ НА ОКРУЖАЮЩУЮ СРЕДУ",2010,ru,,2722,37,10,"[section: Обсуждение]
[page: 10]
1307 Однако стоит отметить, что каждая датировка, если ее рассматривать отдельно, совпадает с одной или двумя биостратиграфическими границами поздней перми и раннего триаса. А именно, возраст, полученный для обр. ST-08-110, совпадает с рубежом Каньшиньянь/Вучиапиньянь [Menning et al., 2006] или границей пермь—триас [Mundil et al., 2004], возраст, определенный для образцов 194/15 и 194/35, совпадает с границей пермь—триас [Mundil et al., 2004] и, наконец, возраст обр. ST-08-116 совпадает с рубежом Спатьянь/Смитьян. Конечно, это может быть простым совпадением вследствие относительно больших аналитических ошибок и малой продолжительности отдельных стратиграфических веков. Однако при рассмотрении других имеющихся U-Pb и 40Ar/39Ar датировок интрузивных пород Ангаро-Тасеевской синклинали и прилегающих регионов можно также наблюдать их перекрытие с существующими документированными стратиграфическими границами. Например, имеющаяся U-Pb SHRIMP датировка трахитовых интрузий, расположенных на Енисейском кряже (немного западнее закартированной территории, показанной на рис. 1; см."
15,"ПОЗДНЕПЕРМСКИЕ И РАННЕТРИАСОВЫЕ МАГМАТИЧЕСКИЕ ИМПУЛЬСЫ В АНГАРО-ТАСЕЕВСКОЙ СИНКЛИНАЛИ, ЮЖНО-СИБИРСКИЕ ТРАППЫ И ИХ ВОЗМОЖНОЕ ВЛИЯНИЕ НА ОКРУЖАЮЩУЮ СРЕДУ",2010,ru,,2723,38,10,"[section: Обсуждение]
[page: 10]
я U-Pb SHRIMP датировка трахитовых интрузий, расположенных на Енисейском кряже (немного западнее закартированной территории, показанной на рис. 1; см. [Vernikovskaya et al., 2009], совпадает со стратиграфической границей Ландиань/Анишьянь [Mundil et al., 1996] (см. рис. 4). То же справедливо для 40Ar/39Ar датировок, если в них внести поправки для согласования с U-Pb временной шкалой. Средний 40Ar/39Ar возраст для двух образцов T2 и 9/144y, отобранных, соответственно, из Тулунского и Падунского силлов (см. рис. 1), составляет 240.9 ± 1.8 млн лет [Ivanov et al., 2009] (при этом учтены ошибки, внесенные при стандартной калибровке, однако ошибки определения постоянной распада изотопа 40K не принимались во внимание). Для сравнения этой и U-Pb датировок необходимо повторно рассчитать 40Ar/39Ar возраст, например, с использованием «маркера времени», датированного как U-Pb, так и 40Ar/39Ar методами. Если принять для границы пермь—триас U-Pb возраст 252.6 ± 0.2 млн лет [Mundil et al., 2004] и 40Ar/39Ar возраст 249.5 ± 1.5 млн лет [Renne et al., 1995], то датировка 240.9 ± 1.8 млн лет преобразуется в 243.6 ± 2.3 млн лет."
15,"ПОЗДНЕПЕРМСКИЕ И РАННЕТРИАСОВЫЕ МАГМАТИЧЕСКИЕ ИМПУЛЬСЫ В АНГАРО-ТАСЕЕВСКОЙ СИНКЛИНАЛИ, ЮЖНО-СИБИРСКИЕ ТРАППЫ И ИХ ВОЗМОЖНОЕ ВЛИЯНИЕ НА ОКРУЖАЮЩУЮ СРЕДУ",2010,ru,,2724,39,10,"[section: Обсуждение]
[page: 10]
ndil et al., 2004] и 40Ar/39Ar возраст 249.5 ± 1.5 млн лет [Renne et al., 1995], то датировка 240.9 ± 1.8 млн лет преобразуется в 243.6 ± 2.3 млн лет. Последнее значение можно непосредственно сравнивать с откалиброванной по U-Pb временной шкалой. Аналогично, средняя 40Ar/39Ar датировка 243.9 ± 1.0 млн лет, полученная по образцам 2848 и 2840 из У сольского силла [Ivanov et al., 2005] преобразуется в возраст 246.6 ± 1.8 млн лет. Эта датировка совпадает со стратиграфической границей Анишьянь/Спатьянь (см. рис. 4). Таким образом, существует вероятность того, что каждый отдельный эпизод магматической активности в пределах Ангаро-Тасеевской синклинали инициировал взаимодействие между интрузивной магмой и обогащенными органикой осадками с выбросом токсических газов, которые оказали существенное влияние на окружающую среду в поздней перми и среднем триасе. Примечательно, что каждая приведенная на рис. 4 датировка в пределах Ангаро-Тасеевской синклинали перекрывается только с одной стратиграфической границей, за исключением датировки, полученной для обр. ST-08-110, которая перекрывается с двумя стратиграфическими границами."
15,"ПОЗДНЕПЕРМСКИЕ И РАННЕТРИАСОВЫЕ МАГМАТИЧЕСКИЕ ИМПУЛЬСЫ В АНГАРО-ТАСЕЕВСКОЙ СИНКЛИНАЛИ, ЮЖНО-СИБИРСКИЕ ТРАППЫ И ИХ ВОЗМОЖНОЕ ВЛИЯНИЕ НА ОКРУЖАЮЩУЮ СРЕДУ",2010,ru,,2725,40,10,"[section: Выводы]
[page: 10]
ВЫВОДЫ По образцам долеритовых силлов, отобранных из Ангаро-Тасеевской синклинали, определены U-Pb SHRIMP датировки 254.2 ± 2.3 и 249.6 ± 1.5 млн лет, различающиеся на 4.8 ±2.7 млн лет. Эти датировки отвечают, соответственно, рубежам Каньшиньянь/Вучиапиньянь или пермь—триас и Спатьянь/Смитьянь. Другие опубликованные возрасты интрузивных пород в Ангаро-Тасеевской синклинали и прилегающих регионах также соответствуют одной из стратиграфических границ. Результаты данного исследования подтверждают гипотезу взаимодействия магмы с обогащенными органикой осадками, образования отравляющих газов и влияния этих газов на эволюцию биоты в поздней перми и раннем—среднем триасе. Однако необходимы дополнительные прецизионные U-Pb датировки по циркону и бадделеиту, получаемые методом ID-TIMS. Ионно-микрозондовые SHRIMP анализы были выполнены с использованием приборной базы Западной Австралии в рамках заключенного между правительством Австралии и университетом Западной Австралии соглашения при поддержке Австралийского научного совета. Полевые работы сезона 2008 г. выполнены при финансовой поддержке Сибирского отделения Российской академии наук."
15,"ПОЗДНЕПЕРМСКИЕ И РАННЕТРИАСОВЫЕ МАГМАТИЧЕСКИЕ ИМПУЛЬСЫ В АНГАРО-ТАСЕЕВСКОЙ СИНКЛИНАЛИ, ЮЖНО-СИБИРСКИЕ ТРАППЫ И ИХ ВОЗМОЖНОЕ ВЛИЯНИЕ НА ОКРУЖАЮЩУЮ СРЕДУ",2010,ru,,2726,41,10,"[section: Выводы]
[page: 10]
держке Австралийского научного совета. Полевые работы сезона 2008 г. выполнены при финансовой поддержке Сибирского отделения Российской академии наук. Работа была частично поддержана грантом РФФИ № 08-05-98104. ЛИТЕР АТУР А Aitchison J.C., Ireland T.R., Blake Jr. M.C., Flood P.G. 530 Ma zircon age for ophiolite from the New England orogen: oldest rocks known from eastern Australia // Geology, 1992, v. 20, p. 125—128. Baksi A.K. A quantitative tool for detecting alteration in undisturbed rocks and mineral – I: water, chemical weathering and atmospheric argon / Eds. G.R. Foulger, D.M. Jurdy. Plate, plumes and planetary processes // Geol. Soc. Amer., 2007a, Special Paper 430, p. 285—304. Baksi A.K. A quantitative tool for detecting alteration in undisturbed rocks and mineral – II: application to argon ages related to hotspots / Eds. G.R. Foulger, D.M. Jurdy. Plate, plumes and planetary processes / // Geol. Soc. Amer., 2007b, Special Paper 430, p. 305—333."
15,"ПОЗДНЕПЕРМСКИЕ И РАННЕТРИАСОВЫЕ МАГМАТИЧЕСКИЕ ИМПУЛЬСЫ В АНГАРО-ТАСЕЕВСКОЙ СИНКЛИНАЛИ, ЮЖНО-СИБИРСКИЕ ТРАППЫ И ИХ ВОЗМОЖНОЕ ВЛИЯНИЕ НА ОКРУЖАЮЩУЮ СРЕДУ",2010,ru,,2727,42,11,"[section: Выводы]
[page: 11]
1308 Baksi A.K., Farrar E. 40Ar/39Ar dating of the Siberian Traps, USSR: evaluation of the ages of the two major extinction events relative to episodes of ﬂ ood-basalt volcanism in USS and the Deccan Traps, India // Geology, 1991, v. 19, p. 461—464. Basu A.R., Poreda R.J., Renne P.R., Teichmann F., Vasiliev Yu.R., Sobolev N.V., Turrin B.D. High-3He plume origin and temporal-spatial evolution of the Siberian ﬂ ood basalts // Science, 1995, v. 269, p. 822—825. Black L.P., Kinny P.D., Sheraton J.W. The difﬁ culties of dating maﬁ c dykes: an Antarctic example // Contr. Miner. Petrol., 1991, v. 109, p. 183—194. Courtillot V.E., Renne P.R. On the ages of ﬂ ood basalt events // Compt. Rend. Geosci., 2003, v. 335, p. 113—140. Dalrymple G.B., Czamanske G.K., Fedorenko V.A., Simonov O.N., Lanphere M.A., Likhachev A.P. A reconnaissance 40Ar/39Ar study of ore-bearing and related rocks, Siberian Russia // Geochim. Cosmochim. Acta, 1995, v. 59, p. 2071—2083. Dobretsov N.L., Vladimirov A.G., Kruk N.N. Permo-Triassic magmatism in the Altai-Sayan fold system as a reﬂ ection of the Siberian superplume // Doklady Earth Sci., 2005, v. 400, p. 40—43. Erwin D.H."
15,"ПОЗДНЕПЕРМСКИЕ И РАННЕТРИАСОВЫЕ МАГМАТИЧЕСКИЕ ИМПУЛЬСЫ В АНГАРО-ТАСЕЕВСКОЙ СИНКЛИНАЛИ, ЮЖНО-СИБИРСКИЕ ТРАППЫ И ИХ ВОЗМОЖНОЕ ВЛИЯНИЕ НА ОКРУЖАЮЩУЮ СРЕДУ",2010,ru,,2728,43,11,"[section: Выводы]
[page: 11]
Triassic magmatism in the Altai-Sayan fold system as a reﬂ ection of the Siberian superplume // Doklady Earth Sci., 2005, v. 400, p. 40—43. Erwin D.H. The Permo-Triassic extinction // Nature, 1994, v. 367, p. 231—236. Fedorenko V.A., Czamanske G.K. Results of new ﬁ eld and geochemical studies of the volcanic and intrusive rocks of the Maymecha-Kotuy area, Siberian ﬂ ood-basalt province, Russia // Int. Geol. Rev., 1997, v. 39, p. 479—531. Fedorenko V.A., Lightfoot P.C., Naldrett A.J., Czamanske G.K., Hawkesworth C.J., Wooden J.L., Ebel D.S. Petrogenesis of the ﬂ oodbasalt sequence at Noril’sk, North Central Siberia // Int. Geol. Rev., 1996, v. 38, p. 99—135. Feoktistov G.D. Petrography of traps from water-drain area of the middle current of the Angara River. Transactions of East-Siberian Geological Institute, Irkutsk, 1961, № 7, 158 p (in Russian). Feoktistov G.D. Petrology and conditions for formation of trap sills. Novosibirsk, Nauka, 1978, 168 p. Ireland T.R. Crustal evolution of New Zealand – evidence from age distributions of detrital zircons in Western Province paragneisses and Torlesse greywacke // Geochim. Cosmochim. Acta, 1992, v. 56, p. 911—920. Ivanov A.V."
15,"ПОЗДНЕПЕРМСКИЕ И РАННЕТРИАСОВЫЕ МАГМАТИЧЕСКИЕ ИМПУЛЬСЫ В АНГАРО-ТАСЕЕВСКОЙ СИНКЛИНАЛИ, ЮЖНО-СИБИРСКИЕ ТРАППЫ И ИХ ВОЗМОЖНОЕ ВЛИЯНИЕ НА ОКРУЖАЮЩУЮ СРЕДУ",2010,ru,,2729,44,11,"[section: Выводы]
[page: 11]
ibutions of detrital zircons in Western Province paragneisses and Torlesse greywacke // Geochim. Cosmochim. Acta, 1992, v. 56, p. 911—920. Ivanov A.V. Systematic differences between U-Pb and 40Ar/39Ar dates: reasons and evaluation techniques // Geochem. Int., 2006, v. 44, p. 1041—1047. Ivanov A.V. Evaluation of different models for the origin of the Siberian traps / Eds. G.R. Foulger, D.M. Jurdy. Plate, plumes and pla ne tary processes // Geol. Soc. Amer., 2007, Special Paper 430, p. 669—691. Ivanov A.V., Rasskazov S.V., Feoktistov G.D., He H., Boven A. 40Ar/39Ar dating of Usol’skii sill in the southeastern Siberian Traps large igneous province: evidence for long-lived magmatism // Terra Nova, 2005, v. 17, p. 203—208. Ivanov A.V., Demonterova E.I., Reznitskii L.Z., Karmanov N.S., Fiorentini M.L. Primary magmatic amphibole, mica, rare and potentially new minerals of zirconium in dolerites of Padunsky and Tolstomysovsky sills (Siberian Traps) // Geodynamic evolution of lithosphere of the Central-Asian mobile belt (from ocean to continent) / Ed. E.V. Sklyarov."
15,"ПОЗДНЕПЕРМСКИЕ И РАННЕТРИАСОВЫЕ МАГМАТИЧЕСКИЕ ИМПУЛЬСЫ В АНГАРО-ТАСЕЕВСКОЙ СИНКЛИНАЛИ, ЮЖНО-СИБИРСКИЕ ТРАППЫ И ИХ ВОЗМОЖНОЕ ВЛИЯНИЕ НА ОКРУЖАЮЩУЮ СРЕДУ",2010,ru,,2730,45,11,"[section: Выводы]
[page: 11]
mysovsky sills (Siberian Traps) // Geodynamic evolution of lithosphere of the Central-Asian mobile belt (from ocean to continent) / Ed. E.V. Sklyarov. Proceedings of scientiﬁ c meeting for integration program of Earth Science Di vision of the Siberian Branch of the Russian Academy of Sciences, 2008, issue 6, v. 1, p. 122—124 (in Russian). Ivanov A.V., He H., Yang L., Nikolaeva I.V., Palesskii S.V. 40Ar/39Ar dating of intrusive magmatism in the Angara-Taseevskaya syncline and its implication for duration of magmatism of the Siberian traps // J. Asian Earth Sci., 2009, v. 35, p. 1—12. Kamo S.L., Czamanske G.K., Amelin Yu., Fedorenko V.A., Davis D.W., Troﬁ mov V.R. Rapid eruption of Siberian ﬂ ood-volcanic rocks and evidence for coincidence with the Permian-Triassic boundary and mass extinction at 251 Ma // Earth Planet. Sci. Lett., 2003, v. 214, p. 75—91. Kazanskii A.Yu., Kazanskii Yu.P., Saraev S.V., Moskvin V.I. The Permo-Triassic boundary in volcanosedimentary section of the West-Siberian plate according to paleomagnetic data (from studies of the core from the Tyumenskaya superdeep borehole SD-6) // Geologiya i Geoﬁ zika, 2000, v. 41, p. 327—339."
15,"ПОЗДНЕПЕРМСКИЕ И РАННЕТРИАСОВЫЕ МАГМАТИЧЕСКИЕ ИМПУЛЬСЫ В АНГАРО-ТАСЕЕВСКОЙ СИНКЛИНАЛИ, ЮЖНО-СИБИРСКИЕ ТРАППЫ И ИХ ВОЗМОЖНОЕ ВЛИЯНИЕ НА ОКРУЖАЮЩУЮ СРЕДУ",2010,ru,,2731,46,11,"[section: Выводы]
[page: 11]
rding to paleomagnetic data (from studies of the core from the Tyumenskaya superdeep borehole SD-6) // Geologiya i Geoﬁ zika, 2000, v. 41, p. 327—339. Kwon J., Min K., Bickel P.J., Renne P.R. Statistical methods for jointly estimating the decay constant of 40K and the age of a dating standard // Mathem. Geol., 2002, v. 34, p. 457—474. Malitch N.S. (Editor-in-Chief) Geological map of Siberian Platform and adjoining areas. Scale 1:1500000, VSEGEI, 1999. Masaitis V.L. A.L. Czekanowski — discoverer of the trap magmatic province in the Eastern Siberia // A.L. Czekanowski. Collection of unpublished manuscripts of A.L. Czekanowski and papers about his scientiﬁ c work / Ed. S.V. Obruchev. Irkutsk Book Publisher, Irkutsk, 1962, p. 41—46 (in Russian). Masaitis V.L. Permian and Triassic volcanism of Siberia // Zapiski Vserossiiskogo Mineralogicheskogo Obshestva, 1983, v. 4, p. 412—425 (in Russian)."
15,"ПОЗДНЕПЕРМСКИЕ И РАННЕТРИАСОВЫЕ МАГМАТИЧЕСКИЕ ИМПУЛЬСЫ В АНГАРО-ТАСЕЕВСКОЙ СИНКЛИНАЛИ, ЮЖНО-СИБИРСКИЕ ТРАППЫ И ИХ ВОЗМОЖНОЕ ВЛИЯНИЕ НА ОКРУЖАЮЩУЮ СРЕДУ",2010,ru,,2732,47,12,"[section: Выводы]
[page: 12]
1309 Medvedev A.Ya., Al’mukhamedov A.I., Kirda N.P. Geochemistry of Permo-Triassic volcanic rocks of West Siberia // Geologiya i Geoﬁ zika, 2003, v. 44 (12), p. 86—100. Menning M., Alekseev A.S., Chuvashov B.I., Davydov V.I., Devuyst F.X., Forke H.C., Grunt T.A., Hance L., Heckel P.H., Izokh N.G., Jin Y.G., Jones P.J., Kotlyar G.V., Kozur H.W., Nemirovska T.I., Schneider J.W., Wang X.D., Weddige K., Weyer D., Work D.M. Global time scale and regional stratigraphic reference scales of Central and West Europe, East Europe, Tethys, South China, and North America as used in the Devonian-Carboniferous-Permian Correlation Chart 2003 (DCP 2003) // Palaeogeography, Palaeoclimatology, Palaeoecology, 2006, v. 240, p. 318—372. Min K., Mundil R., Renne P.R., Ludwig K.R. A test for systematic errors in 40Ar/39Ar geochronology through comparison with U/Pb analysis of a 1. 1-Ga rhyolite // Geochim. Cosmochim. Acta, 2000, v. 64, p. 73— 98. Mundil R., Brack P., Meier M., Rieber H., Oberli F. High resolution U-Pb dating of Middle Triassic volcaniclastics: time-scale calibration and veriﬁ cation of tuning parameters for carbonate sedimentation // Earth Planet. Sci. Lett., 1996, v. 141, p. 137—151."
15,"ПОЗДНЕПЕРМСКИЕ И РАННЕТРИАСОВЫЕ МАГМАТИЧЕСКИЕ ИМПУЛЬСЫ В АНГАРО-ТАСЕЕВСКОЙ СИНКЛИНАЛИ, ЮЖНО-СИБИРСКИЕ ТРАППЫ И ИХ ВОЗМОЖНОЕ ВЛИЯНИЕ НА ОКРУЖАЮЩУЮ СРЕДУ",2010,ru,,2733,48,12,"[section: Выводы]
[page: 12]
stics: time-scale calibration and veriﬁ cation of tuning parameters for carbonate sedimentation // Earth Planet. Sci. Lett., 1996, v. 141, p. 137—151. Mundil R., Ludwig K.R., Metcalfe L., Renne P.R. Age and timing of the Permian mass extinctions: U/Pb dating of closed-system zircons // Science, 2004, v. 305, p. 1760—1763. Okamoto K., Shinjoe H., Katayama I., Terada K., Sano Y., Johnson S. SHRIMP U-Pb zircon dating of quartz-bearing eclogite from the Sanbagawa Belt, south-west Japan: implications for metamorphic evolution of subducted protolith // Terra Nova, 2004, v. 16, p. 81—89. Ovtcharova M., Bucher H., Schaltegger U., Galfetti T., Brayard A., Guex J. New early to middle Triassic U–Pb ages from South China: calibration with ammonoid biochronozones and implications for the timing of the biotic recovery // Earth Planet. Sci. Lett., 2006, v. 243, p. 463—475. Reichow M.K., Pringle M.S., Al’mukhamedov A.I., Allen M.B., Andreichev V.L., Buslov M.M., Davies C.E., Fedoseev G.S., Fitton J.G., Inger S., Medvedev A.Y., Mitchell C., Puchkov V.N., Safonova I. Y., Scott R.A., Saunders A.D."
15,"ПОЗДНЕПЕРМСКИЕ И РАННЕТРИАСОВЫЕ МАГМАТИЧЕСКИЕ ИМПУЛЬСЫ В АНГАРО-ТАСЕЕВСКОЙ СИНКЛИНАЛИ, ЮЖНО-СИБИРСКИЕ ТРАППЫ И ИХ ВОЗМОЖНОЕ ВЛИЯНИЕ НА ОКРУЖАЮЩУЮ СРЕДУ",2010,ru,,2734,49,12,"[section: Выводы]
[page: 12]
., Buslov M.M., Davies C.E., Fedoseev G.S., Fitton J.G., Inger S., Medvedev A.Y., Mitchell C., Puchkov V.N., Safonova I. Y., Scott R.A., Saunders A.D. The timing and extent of the eruption of the Siberian Traps large igneous province: Implications for the end-Permian environmental crisis // Earth Planet. Sci. Lett., 2008, v. 277, p. 9—20. Renne P.R. 40Ar/39Ar age of plagioclase from Acapulco meteorite and the problem of systematic errors in cosmochronology // Earth Planet. Sci. Lett., 2000, v. 175, p. 13—26. Renne P.R., Zhang Z., Richards M.A., Black M.T., Basu A.R. Synchrony and causal relations between Permian–Triassic boundary crises and Siberian ﬂ ood volcanism // Science, 1995, v. 269, p. 1413—1416. Steiner M.B. The magnetic polarity time scale across the Permian-Triassic boundary / Eds. S.G. Lucas, G. Cassinis, J.W. Schneider. Non-marine Permian biostratigraphy and biochronology // Geol. Soc., London, 2006, Special Pub. 265, p. 15—38. Svensen H., Planke S., Polozov A.G., Schmidbauer N., Corfu F., Podladchikov Y.Y., Jamtveit B. Si berian gas venting and the end-Permian environmental crisis // Earth Planet. Sci. Lett., 2009, v. 277, p. 490—500."
15,"ПОЗДНЕПЕРМСКИЕ И РАННЕТРИАСОВЫЕ МАГМАТИЧЕСКИЕ ИМПУЛЬСЫ В АНГАРО-ТАСЕЕВСКОЙ СИНКЛИНАЛИ, ЮЖНО-СИБИРСКИЕ ТРАППЫ И ИХ ВОЗМОЖНОЕ ВЛИЯНИЕ НА ОКРУЖАЮЩУЮ СРЕДУ",2010,ru,,2735,50,12,"[section: Выводы]
[page: 12]
, Podladchikov Y.Y., Jamtveit B. Si berian gas venting and the end-Permian environmental crisis // Earth Planet. Sci. Lett., 2009, v. 277, p. 490—500. Vasil’ev Yu.R., Zolotukhin V.V., Feoktistov G.D., Prusskaya S.N. Evaluation of the volumes and gene sis of Permo-Triassic trap magmatism of the Siberian Platform // Geologiya i Geoﬁ zika, 2000, v. 41(12), p. 1696—1705. Vernikovskaya A.E., Matushkin N.Yu., Vernikovsky V.A., Romanova I.V., Berezhnaya N.G., Larionov A.N., Travina A.V. Phanerozoic continental intraplate magmatism at South Enisei Kryazh: ﬁ rst geochemical and geochronological data // Geodynamic evolution of lithosphere of the Central-Asian mobile belt (from ocean to continent) / Ed. E.V. Sklyarov. Proceedings of scientiﬁ c meeting for integration program of Earth Science Division of the Siberian Branch of the Russian Academy of Sciences, 2009, № 7, v. 1, p. 53—55 (in Russian). Vernikovsky V.A., Pease V.L., Vernikovskaya A.E., Romanov A.P., Gee D.G., Travin A.V. First report of early Triassic A-type granite and syenite intrusions from Taimyr: Product of the northern Eurasian superplume? // Lithos, 2003, v. 66, p. 23—36. Vladimirov B.M."
15,"ПОЗДНЕПЕРМСКИЕ И РАННЕТРИАСОВЫЕ МАГМАТИЧЕСКИЕ ИМПУЛЬСЫ В АНГАРО-ТАСЕЕВСКОЙ СИНКЛИНАЛИ, ЮЖНО-СИБИРСКИЕ ТРАППЫ И ИХ ВОЗМОЖНОЕ ВЛИЯНИЕ НА ОКРУЖАЮЩУЮ СРЕДУ",2010,ru,,2736,51,12,"[section: Выводы]
[page: 12]
ssic A-type granite and syenite intrusions from Taimyr: Product of the northern Eurasian superplume? // Lithos, 2003, v. 66, p. 23—36. Vladimirov B.M. Petrography of Padunsky and Margudolsky trap intrusions. Transactions of EastSiberian Geological Institute, Irkutsk, 1962, № 10, p. 151 (in Russian). Walderhaug H.J., Eide E.A., Scott R.A., Inger S., Golionko E.G. Paleomagnetism and 40Ar/39Ar geochronology from the South Taimyr igneous complex, Arctic Russia: a Middle–Late Triassic magmatic pulse after Siberian ﬂ ood-basalt volcanism // Geophys. J. Int., 2005, v. 163, p. 501—517. Williams I.S., Hergt J.M. U–Pb dating of Tasmanian dolerite: a cautionary tale of SHRIMP analysis of high-U zircon / Eds. J.D. Woodhead, J.M. Hergt, W.P. Noble // New frontiers in isotope geoscience, Lorne,"
15,"ПОЗДНЕПЕРМСКИЕ И РАННЕТРИАСОВЫЕ МАГМАТИЧЕСКИЕ ИМПУЛЬСЫ В АНГАРО-ТАСЕЕВСКОЙ СИНКЛИНАЛИ, ЮЖНО-СИБИРСКИЕ ТРАППЫ И ИХ ВОЗМОЖНОЕ ВЛИЯНИЕ НА ОКРУЖАЮЩУЮ СРЕДУ",2010,ru,,2737,52,12,"[section: Abstract]
[page: 12]
Abstract and proceedings, Beyond, 2000. Поступила в редакцию 22 марта 2010 г."
24,ФАНЕРОЗОЙСКИЙ БАЗИТОВЫЙ МАГМАТИЗМ ЮЖНОГО ФЛАНГА СИБИРСКОГО КРАТОНА И ЕГО ГЕОДИНАМИЧЕСКАЯ ИНТЕРПРЕТАЦИЯ,2010,ru,10.7868/S0002333713050037,3061,0,1,"[section: Metadata]
[page: 1]
1222 УДК 551.24: 550.4 (235.223) ФАНЕРОЗОЙСКИЙ БАЗИТОВЫЙ МАГМАТИЗМ ЮЖНОГО ФЛАНГА СИБИРСКОГО КР АТОНА И ЕГО ГЕОДИНАМИЧЕСКАЯ ИНТЕРПРЕТАЦИЯ Д.П. Гладкочуб, Т.В. Донская, А.В. Иванов, Р. Эрнст*, А.М. Мазукабзов, С.А. Писаревский**, Н.А. Уховa Институт земной коры СО РАН, 664033, Иркутск, ул. Лермонтова, 128, Россия * University of Ottawa, Tabaret Hall 75 Laurier Ave. E. Ottawa, Ontario, K1N 6N5, Canada ** University of Edinburgh, Grant Institute, The King’s Buildings, West Mains Road, Edinburgh EH9 3JW, Scotland Для южного фланга Сибирского кратона обосновано выделение трех основных этапов фанерозойского базитового магматизма."
24,ФАНЕРОЗОЙСКИЙ БАЗИТОВЫЙ МАГМАТИЗМ ЮЖНОГО ФЛАНГА СИБИРСКОГО КРАТОНА И ЕГО ГЕОДИНАМИЧЕСКАЯ ИНТЕРПРЕТАЦИЯ,2010,ru,10.7868/S0002333713050037,3062,1,1,"[section: Metadata]
[page: 1]
У становлено, что первое событие фиксируется дайками долеритов с возрастом около 500 млн лет, внедрение которых происходило на фоне аккреционно-коллизионых событий, связанных с начальными этапами становления Центрально-Азиатского складчатого пояса (ЦАСП), когда в южном фланге Сибирского кратона, выступающем в качестве индентора, возникали области рассеянного растяжения, способствующие внедрению базитовых расплавов в верхние горизонты коры. Позднепалеозойский этап базитового магматизма фиксируется дайками с возрастом около 275 млн лет.

Подобные дайки в совокупности с несколько более древними (290 млн лет) вулканическими образованиями Забайкальского сегмента ЦАСП маркируют процессы растяжения, имевшие место в тылу активной окраины Сибирского континента на фоне субдукции под нее коры Монголо-Охотского океана. Трапповый магматизм раннего мезозоя на юге Сибирского кратона проявлен многочисленными базитовыми интрузиями Ангаро-Тасеевской синеклизы с возрастами 240—250 млн лет. Образование траппов происходило при взаимодействии вещества нижнемантийного плюма с материалом слэба Монголо-Охотского океана.

Более молодые возрасты траппов по сравнению с вышеупомянутыми базитами позднего палеозоя (290— 275 млн лет), отражают прогрессирующее продвижение слэба под южной окраиной Сибирского кратона (в северо-западном направлении в современных координатах), прекратившееся, по-видимому, после дости жения слэбом области распространения вещества Сибирского суперплюма."
24,ФАНЕРОЗОЙСКИЙ БАЗИТОВЫЙ МАГМАТИЗМ ЮЖНОГО ФЛАНГА СИБИРСКОГО КРАТОНА И ЕГО ГЕОДИНАМИЧЕСКАЯ ИНТЕРПРЕТАЦИЯ,2010,ru,10.7868/S0002333713050037,3063,2,1,"[section: Metadata]
[page: 1]
Сделано предположение о том, что отсутствие последующих магматических событий на юге Сибирского кратона обусловлено тем, что после раннемезозойской активизации произошла окончательная консолидация литосферы рассматриваемого фрагмента кратона, препятствующая развитию в его пределах условий растяжения, благоприятных для внедрения базитовых интрузий. Долерит, трапп, дайка, SHRIMP-II, палеозой, мезозой, Сибирский кратон, Палеоазиатский океан PHANEROZOIC MAFIC MAGMATISM IN THE SOUTHERN SIBERIAN CRATON: GEODYNAMIC IMPLICATIONS D.P. Gladkochub, T.V. Donskaya, A.V. Ivanov, R. Ernst, A.M. Mazukabzov, S.A. Pisarevsky, and N.A.

Ukhova The Phanerozoic history of maﬁ c magmatism in the southern Siberian craton included three major events. The earliest event (~500 Ma) recorded in dolerite dikes occurred during accretion and collision at the early stage of the Central Asian orogen. Injection of maﬁ c melts into the upper crust was possible in zones of diffuse extension within the southern Siberian craton, which acted as an indenter.

The Late Paleozoic event (~275 Ma) produced dikes that intruded in a setting of subduction-related extension at the back of the active continental margin of Siberia during the closure of the Mongolia–Okhotsk ocean, as well as slightly older volcanics (290 Ma) in the Transbaikalian segment of the Central Asian orogen. Early Mesozoic magmatism in the southern Siberian craton resulted in numerous 240–250 Ma maﬁ c intrusions in the Angara–Taseeva basin. The intrusions (Siberian traps) appeared as the subducting slab of the Mongolia–Okhotsk ocean interacted with a lower mantle plume."
24,ФАНЕРОЗОЙСКИЙ БАЗИТОВЫЙ МАГМАТИЗМ ЮЖНОГО ФЛАНГА СИБИРСКОГО КРАТОНА И ЕГО ГЕОДИНАМИЧЕСКАЯ ИНТЕРПРЕТАЦИЯ,2010,ru,10.7868/S0002333713050037,3064,3,1,"[section: Metadata]
[page: 1]
The post-Late Paleozoic ages of ﬂ ood basalts (290–275 Ma) correspond to progressive northwestward (in present coordinates) motion of the slab beneath the southern craton margin, which likely ceased after the slab had reached the zone of the Siberian superplume. Since its consolidation after the Early Mesozoic activity, the crust in the area has no longer experienced extension favorable for the intrusion of basaltic magma. Dolerite, trap, dike, SHRIMP-II, Paleozoic, Mesozoic, Siberian craton, Paleoasian ocean © Д.П. Гладкочуб, Т.В. Донская, А.В. Иванов, Р. Эрнст, А.М. Мазукабзов, С.А. Писаревский, Н.А. Ухова, 2010"
24,ФАНЕРОЗОЙСКИЙ БАЗИТОВЫЙ МАГМАТИЗМ ЮЖНОГО ФЛАНГА СИБИРСКОГО КРАТОНА И ЕГО ГЕОДИНАМИЧЕСКАЯ ИНТЕРПРЕТАЦИЯ,2010,ru,10.7868/S0002333713050037,3066,5,2,"[section: Введение]
[page: 2]
ВВЕДЕНИЕ Древние кратоны представляют собой уникальные геологические объекты, запечатлевшие в своей структуре свидетельства многомиллиардной истории эндогенных и экзогенных процессов. Тектономагматические события, ответственные за формирование современного облика этих кратонов отражают как историю становления и развития собственно этих участков консолидированной континентальной коры, так и отголоски процессов, происходивших далеко за пределами кратонов, но оказавшими на кратон определенное и порой значительное воздействие.

Надежными свидетельствами подобных процессов являются интрузивные и эффузивные комплексы, изучение которых позволяет проследить историю эндогенной активности в пределах тех или иных территорий. По характеру условий становления магматические образования древних кратонов могут быть условно разделены на две принципиальные группы: комплексы-индикаторы режимов сжатия, и комплексы-индикаторы условий растяжения.

С обстановками сжатия, сопровождающими фазы орогенеза, в которые вовлекались кратоны (или отдельные слагающие их блоки), связаны интрузивные образования, сформировавшиеся на стадии становления структуры древних кратонов (как правило, имеющие раннедокембрийский возраст), а также магматические комплексы, образовавшиеся в результате аккреционно-коллизионных процессов, протекавших вдоль периферии уже сформировавшихся кратонов.

К последним могут быть отнесены как продукты андийского типа магматизма («надсубдукционные»), так и магматические образования, сформировавшиеся на стадии амальгамации разрозненных кратонов в континенты и суперконтиненты («аккреционно-коллизионные»). Возрастной диапазон подобных комплексов чрезвычайно широк и охватывает как поздний докембрий, так и фанерозой. Обстановки растяжения фиксируются на площади кратонов разнообразными авлакогенами и рифтами, заложение которых сопровождается возникновением магматических и эффузивных образований рифтогенной природы."
24,ФАНЕРОЗОЙСКИЙ БАЗИТОВЫЙ МАГМАТИЗМ ЮЖНОГО ФЛАНГА СИБИРСКОГО КРАТОНА И ЕГО ГЕОДИНАМИЧЕСКАЯ ИНТЕРПРЕТАЦИЯ,2010,ru,10.7868/S0002333713050037,3067,6,2,"[section: Введение]
[page: 2]
Присутствующие во внутренних частях древних кратонов комплексы (в том числе, имеющие «плюмовую» природу) отражают процессы внутриконтинентального растяжения. Комплексы-индикаторы рифтогенных процессов, проявленные в краевых областях кратонов отражают масштабные процессы растяжения, обусловленные распадом суперконтинентов и открытием новых океанических бассейнов. Вышеприведенный обзор показывает, каким образом корректная интерпретация геодинамической природы магматических образований может быть использована для расшифровки этапов становления и эволюции древних кратонов.

Переходя к рассмотрению магматической активности, проявившейся на площади Сибирского кратона в палеозое—мезозое, следует кратко остановиться на характеристике предшествующих пиков базитового магматизма и их возможных причинах.

Синтез всех доступных геохронологических данных позволил установить, что в истории протерозойского базитового магматизма Сибири могут быть выделены три основных импульса [Gladkochub et al., 2010], каждому из которых отвечает определенный этап геодинамической эволюции кратона и Земли в целом: 1) поздний палеопротерозой — внедрение базитов (главным образом юг и север кратона) происходило на фоне постколлизионного растяжения, сменившего предшествующую коллизионно-аккреционную стадию, в ходе которой кратон был образован за счет амальгамации разрозненных террейнов и супертеррейнов в единую общую структуру; 2) мезопротерозой — рассеянное внутриплитное растяжение в основном на севере кратона, вызванное, возможно, воздействием мантийного плюма; 3) неопротерозой — базитовый магматизм в пределах южной и юго-восточной частей кратона развивался на фоне распада суперконтинента Родиния и раскрытия Палеоазиатского океана."
24,ФАНЕРОЗОЙСКИЙ БАЗИТОВЫЙ МАГМАТИЗМ ЮЖНОГО ФЛАНГА СИБИРСКОГО КРАТОНА И ЕГО ГЕОДИНАМИЧЕСКАЯ ИНТЕРПРЕТАЦИЯ,2010,ru,10.7868/S0002333713050037,3068,7,2,"[section: Введение]
[page: 2]
Таким образом, можно заметить, что, согласно ряду опубликованных реконструкций (обзор в [Li et al., 2008]), к началу фанерозоя Сибирский кратон полностью отделился от Родинии и начал независимое развитие, взаимодействуя лишь с периокеаническими комплексами Уральского и Палеоазиатского океанов [Добрецов, Буслов, 2007]. Именно это обстоятельство предопределило специфику базитового магматизма, проявившегося на площади Сибирского кратона в раннем палеозое, и во многом обусловило стиль его магматической активности в фанерозое.

Необходимо заметить, что предметом рассмотрения данной статьи являются лишь те базитовые комплексы, которые располагаются непосредственно на площади кратона, исключая базиты, развитые в прилегающих к кратону областях Центрально-Азиатского складчатого пояса. При всей очевидной важности последних, их формирование происходило за пределами кратона, в связи с чем эти образования не являются прямыми индикаторами тектонических перестроек, протекавших собственно в Сибирском кратоне.

Однако отдельные подобные образования будут рассмотрены в качестве возможных коррелянтов с базитами кратона для оценки масштабности процессов, вызывавших всплески базитового магматизма на площади кратона."
24,ФАНЕРОЗОЙСКИЙ БАЗИТОВЫЙ МАГМАТИЗМ ЮЖНОГО ФЛАНГА СИБИРСКОГО КРАТОНА И ЕГО ГЕОДИНАМИЧЕСКАЯ ИНТЕРПРЕТАЦИЯ,2010,ru,10.7868/S0002333713050037,3069,8,3,"[section: Введение]
[page: 3]
1224 БАЗИТОВЫЕ КОМПЛЕКСЫ Р АННЕГО ПАЛЕОЗОЯ НА ЮГЕ СИБИРСКОГО КР АТОНА В ходе многолетних исследований базитовых дайковых роев, развитых в пределах южного фланга Сибирского кратона (см. обзор в [Гладкочуб и др., 2007]), среди подавляющего большинства неопротерозойских габбро-диабазов преимущественно толеитовой специфики (более 90 %) была выявлена группа тел, кардинально отличающихся по своему химическому составу от этих хорошо изученных базитов. Следует заметить, что вплоть до настоящего времени все вышеупомянутые разновидности базитов традиционно рассматриваются в составе единого нерсинского интрузивного комплекса.

Дайки, отличающиеся по составу от базитов нерсинского комплекса, были обнаружены, в частности, в пределах Бирюсинского и Голоустенского выступов фундамента кратона, а также в Урикско-Ийской зоне (рис. 1). В Бирюсинском выступе рассматриваемые дайки интрудируют палеопротерозойские гранитоиды, а в Голоустенском выступе дайки встречаются среди гнейсов и гранитогнейсов комплекса основания. В Урикско-Ийской зоне подобные дайки развиты в поле распространения ерминской и таргазойской свит архея [Скляров и др., 1998; Гладкочуб и др., 2001].

Для целей петролого-геохимического изучения было отобрано и проанализировано более 50 образцов базитов из 18 даек. На всех рассматриваемых участках вышеупомянутые дайки сложены долеритами и габбро-долеритами, имеют субмеридиональное простирание, крутые углы падения и мощность от 1.5 до 50 м. Центральные части мощных даек сложены среднезернистыми разностями. Минеральный состав долеритов и габбро-долеритов достаточно однороден. Основными минералами базитов являются плагиоклаз (An 50—56) и клинопироксен. В качестве второстепенных минералов присутствуют ортопироксен, вторичный амфибол и биотит."
24,ФАНЕРОЗОЙСКИЙ БАЗИТОВЫЙ МАГМАТИЗМ ЮЖНОГО ФЛАНГА СИБИРСКОГО КРАТОНА И ЕГО ГЕОДИНАМИЧЕСКАЯ ИНТЕРПРЕТАЦИЯ,2010,ru,10.7868/S0002333713050037,3070,9,3,"[section: Введение]
[page: 3]
Среди акцессориев отмечены апатит, сфен, циркон и Fe-Ti оксиды. Изотопное датирование долеритов было выполнено авторами в Университете Кетина (Западная Австралия). У становлено (SHRIMP-II по цирконам), что возраст подобных даек, развитых в Бирюсинском выступе составляет 511 ± 5 млн лет [Gladkochub et al., 2006]. Дайки габбро-долеритов, представленные в пределах Голоустенского выступа имеют возраст 494 ± 5 млн лет. В обоих случаях в проанализированных образцах присутствуют захваченные палеопротерозойские цирконы, отражающие возраст вмещающих для даек пород метаморфической рамы и докембрийских (~1850 млн лет) гранитоидов.

По химическому составу раннепалеозойские базиты отвечают базальтам повышенной щелочности (K [Winchester, Floyd, 1977] (рис. 2) точки составов долеритов располагаются в полях субщелочных базальтов и андезитов/базальтов. Породы существенно обогащены TiO 2, P2O5, Y , Th, РЗЭ и обеднены Cr, Ni. Большинство базитов в значительной степени дифференцированны (Mg# < 50) (см. таблицу). Изученные базиты имеют отчетливые отрицательные аномалии в области Nb-Ta и Ti на мультиэлементных спектрах (рис. 3), свидетельствующие в пользу коровой контаминации исходных расплавов материалом континентальной коры."
24,ФАНЕРОЗОЙСКИЙ БАЗИТОВЫЙ МАГМАТИЗМ ЮЖНОГО ФЛАНГА СИБИРСКОГО КРАТОНА И ЕГО ГЕОДИНАМИЧЕСКАЯ ИНТЕРПРЕТАЦИЯ,2010,ru,10.7868/S0002333713050037,3071,10,3,"[section: Введение]
[page: 3]
Данное пред положение подтверждается отрицательным значением ε Nd(T), Рис. 1.

Схема основных тектонических струк тур Южной Сибири (модифицировано по [Добрецов, Буслов, 2007]). 1 — Сибирский кратон; 2 — структуры Палеоазиат ского океана; 3 — микроконтиненты: Ар — Арзыбейский; Бр — Баргузинский; ТМ — Тувино-Монгольский; ХМ — Хамардабанский; 4 — метаморфические террейны Прибайкальского коллизионного пояса; 5 — граница Сибирского кратона; 6—8 — изученные объекты: 6 — раннепалеозойские базитовые комплексы: БР — Бирюса; ГЛ — Голоустная; УР — Урик; 7 — раннепалеозойские базитовые комплексы: б — бугульдейский, ю — южно-байкальский; 8 — раннемезозойские траппы: области расположения Толстомысовского (Т), У сольского (У) силлов.

Детали геологического строения участков работ см. в [Гладкочуб и др., 2001; Ivanov et al., 2005, 2009; Gladkochub et al., 2006; Pisarevsky et al., 2006; Гладкочуб и др., 2008; Гладкочуб и др., 2010]. На врезке — расположение рассматриваемой территории в структуре Северной Евразии."
24,ФАНЕРОЗОЙСКИЙ БАЗИТОВЫЙ МАГМАТИЗМ ЮЖНОГО ФЛАНГА СИБИРСКОГО КРАТОНА И ЕГО ГЕОДИНАМИЧЕСКАЯ ИНТЕРПРЕТАЦИЯ,2010,ru,10.7868/S0002333713050037,3072,11,4,"[section: Введение]
[page: 4]
1225 рассчитанным для обр. 03201 (Бирюса), равным –12.4 ( 143Nd/144Nd = 0.511787). Для базитов участка Голоустная наличие процессов коровой контаминации может быть подтверждено присутствием на контакте дайки с вмещающими гнейсами зоны гибридных пород мощностью до 1.5 м. Низкие значения индикаторного геохимического отношения Nb PM/ThPM = 0.10—0.71, повышенные значения Th PM/LaPM = 0.74—1.63, а так же присутствие отрицательной аномалии по Ti на мультиэлементных спектрах, свидетельствуют в пользу контаминированности первичных расплавов веществом континентальной коры (пояснения см. в [Тур кина, Ножкин, 2008])."
24,ФАНЕРОЗОЙСКИЙ БАЗИТОВЫЙ МАГМАТИЗМ ЮЖНОГО ФЛАНГА СИБИРСКОГО КРАТОНА И ЕГО ГЕОДИНАМИЧЕСКАЯ ИНТЕРПРЕТАЦИЯ,2010,ru,10.7868/S0002333713050037,3073,12,4,"[section: Введение]
[page: 4]
По комплексу геохимических признаков (обзор критериев см. в [Интерпретация…, 2001]) базиты ранне палеозойских даек отвечают типичным образованиям областей внутриплитного растяжения (WPB). БАЗИТОВЫЕ КОМПЛЕКСЫ ПОЗДНЕГО ПАЛЕОЗОЯ НА ЮГЕ СИБИРСКОГО КР АТОНА Южно-байкальский дайковый рой. Многочисленные дайки базитового состава развиты в пределах береговых обнажений, протягивающихся вдоль южного окончания оз. Байкал (район Кругобайкальской железной дороги) (см. рис. 1).

Дайки интрудируют архейские и палеопротерозойские метаморфические и магматические образования (гнейсы, мигматиты, гранитоиды) комплекса основания Сибирского кратона [ Poller et al., 2005] (схему геологического строения района см. в [Pisarevsky et al., 2006]) . Дайки имеют субширотное простирание, крутые углы падения (75°—90°) и мощность, варьирующую от десятков сантиметров до первых метров. Структура пород порфировая, основной массы — диабазовая. Дайковые тела сложены щелочными порфиритами. Фенокристаллы представлены оливином, плагиоклазом, ромбическим пироксеном. В основной массе отмечаются также моноклинный пироксен, биотит, титаномагнетит.

Центральные части мощных (более 1 м) даек сложены среднезернистыми разностями. По мере удаления от центра к краям зернистость уменьшается вплоть до появления криптозернистых образований вблизи контактов базитов с породами вмещающей рамы. Для целей петролого-гео химического изучения было отобрано и проанализировано более 30 образцов базитов из восьми даек. Изотопное датирование (U-Pb SHRIMP-II, Университет Кетина, Западная Австралия) образца порфирита (№ 6077), отобранного из дайки, принадлежащей рассматриваемому рою, показало присутствие в породе двух основных групп циркоРис. 2."
24,ФАНЕРОЗОЙСКИЙ БАЗИТОВЫЙ МАГМАТИЗМ ЮЖНОГО ФЛАНГА СИБИРСКОГО КРАТОНА И ЕГО ГЕОДИНАМИЧЕСКАЯ ИНТЕРПРЕТАЦИЯ,2010,ru,10.7868/S0002333713050037,3074,13,4,"[section: Введение]
[page: 4]
Диаграмма Nb/Y—Zr/TiO2 [Win chester, Floyd, 1976] для изученных фанерозойских базитов южного фланга Сибирского кра тона. 1 — раннепалеозойские (~500 млн лет) базиты; 2, 3 — позднепалеозойские (~275 млн лет) базиты: 2 — южнобайкальский рой; 3 — базиты Бугульдейского участка; 4, 5 — раннемезозойские траппы: 4 — У сольский силл; 5 — Толстомысовский силл. Рис. 3.

Мультиэлементные спектры для раннепалеозойских базитов южного фланга Сибирского кратона, нормализованные к составу примитивной мантии [Sun, McDonough, 1989]. 1 — поле составов долеритов Бирюсинского выступа; 2 — поле составов долеритов Голоустенского выступа; 3 — представительный состав долерита Урикского грабена; 4 — состав OIB [Sun, McDonough, 1989]."
24,ФАНЕРОЗОЙСКИЙ БАЗИТОВЫЙ МАГМАТИЗМ ЮЖНОГО ФЛАНГА СИБИРСКОГО КРАТОНА И ЕГО ГЕОДИНАМИЧЕСКАЯ ИНТЕРПРЕТАЦИЯ,2010,ru,10.7868/S0002333713050037,3075,14,5,"[section: Введение]
[page: 5]
1226 Химические составы представительных разновидностей фанерозойских базитов юга Сибирского кратона Компонент Ранний палеозой Поздний палеозой Долериты Бирюсинского выступа Долериты Голоустенского выступа Урик Долериты южно-байкальского дайкового роя Fe2O3 Не опр. Не Не опр. Не Fe2O3* 16.06 16.49 16.72 15.30 Не опр. 17.63 16.72 Не опр. Не опр. Не опр. Не опр. Не 17.94 Не Не опр. Не опр. Не Не опр. Не опр. Не опр. Na H2O– Не CO2 »» »» 0.11 » » Не опр. Не опр. Не опр. Не опр. Не » Не Cr 32 31 40 52"
24,ФАНЕРОЗОЙСКИЙ БАЗИТОВЫЙ МАГМАТИЗМ ЮЖНОГО ФЛАНГА СИБИРСКОГО КРАТОНА И ЕГО ГЕОДИНАМИЧЕСКАЯ ИНТЕРПРЕТАЦИЯ,2010,ru,10.7868/S0002333713050037,3076,15,6,"[section: Введение]
[page: 6]
1227 (La/Yb) (Nb/ La) PM (Th/ La)PM Th)PM"
24,ФАНЕРОЗОЙСКИЙ БАЗИТОВЫЙ МАГМАТИЗМ ЮЖНОГО ФЛАНГА СИБИРСКОГО КРАТОНА И ЕГО ГЕОДИНАМИЧЕСКАЯ ИНТЕРПРЕТАЦИЯ,2010,ru,10.7868/S0002333713050037,3077,16,7,"[section: Введение]
[page: 7]
1228 Компонент Поздний палеозой Ранний мезозой Базиты Бугульдейского участка Траппы У сольского силла Траппы Толстомысовского силла Fe2O3 3.60 4.83 Не опр. Не опр. Не опр. 6.65 5.53 Не опр. Не опр. Не опр. Не опр. Не Fe2O3* Не Не опр. 11.20 10.16 10.66 Не 10.74 11.36 9.90 6.97 9.56 Не Не опр. Не Не опр. Не опр. Не опр. Не опр. Не H2O– Не обн. Не обн. Не опр. Не опр. Не опр. Не 0.18 Не опр. Не CO2 » » » » » 0.06 0.11 » » » » » » » » » » » » » » » » » 59 55"
24,ФАНЕРОЗОЙСКИЙ БАЗИТОВЫЙ МАГМАТИЗМ ЮЖНОГО ФЛАНГА СИБИРСКОГО КРАТОНА И ЕГО ГЕОДИНАМИЧЕСКАЯ ИНТЕРПРЕТАЦИЯ,2010,ru,10.7868/S0002333713050037,3078,17,8,"[section: Введение]
[page: 8]
1229 (La/ Yb) n (Nb/ La) PM (Th/ La)PM Th)PM Примечание. Mg# = Mg⋅100/(Mg + Fe2+), где Mg = MgO/40.31, Fe2+ = (Fe2О3 * х0.8998х0.85)/71.85. n — значения нормализованы по составу хондрита, PM — значения нормализованы по составу примитивной мантии [Sun, McDonough, 1989]. Оксиды приведены в мас.%, элементы — в г/т. Не опр. — элемент не определялся, Не обн. — элемент не обнаружен."
24,ФАНЕРОЗОЙСКИЙ БАЗИТОВЫЙ МАГМАТИЗМ ЮЖНОГО ФЛАНГА СИБИРСКОГО КРАТОНА И ЕГО ГЕОДИНАМИЧЕСКАЯ ИНТЕРПРЕТАЦИЯ,2010,ru,10.7868/S0002333713050037,3079,18,9,"[section: Введение]
[page: 9]
1230 нов — захваченных и собственно магматических, отра жающих время кристаллизации базитового расплава [Pisarevsky et al., 2006]. Группа захваченных цирконов включает в себя кристаллы, имеющие конкордантные архейские (2449 ± 4, 2460 ± 10 и 2487 ± 4 млн лет) и палеопротерозойские (1861 ± 11, 1863 ± 12 и 1865 ± 7 млн лет) возрасты. Первые отражают возраст вмещающей метаморфической рамы, вторые — возраст постколлизионного гранитоидного магматизма, имеющего широкое распространение в рассматриваемом регионе [Донская и др., 2003; Poller et al., 2005].

Кластер молодых цирконов имеет 206Pb/238U возраст 275 ± 4 млн лет, который мы интерпретируем как возраст кристаллизации базитового расплава, произошедшей во время внедрения дайки. Палеомагнитные данные подтверждают эту интерпретацию — дайки несут стабильную первичную (подтверждено тестом контакта) намагниченность, характерную для раннепермского суперхрона Киама [Pisarevsky et al., 2006]. Для долеритов даек характерны содержания SiO 2 = 43.9—46.5 мас.%, повышенные содержания щелочей (Na2O + K2O = до 6.0 мас.%), TiО 2 (1.6—3.9 мас.%) и P 2O5 (0.3—0.7 мас.%) (см. таблицу).

На диаграмме в координатах Zr/TiO2—Nb/Y [Winchester, Floyd, 1977] (см. рис. 2) точки составов долеритов располагаются в полях субщелочных и щелочных базальтов. Проанализированные породы представляют собой как практически недифференцированные, так и умеренно и сильно дифференцированные разности, значения Mg# варьируются от 37 до 75. Для изученных пород отмечаются хорошо выраженные отрицательные корреляции между индексом дифференцированности и содержаниями TiO 2, P 2O5, La, отсутствие корреляций между Mg# и SiO2, Nb, Th, Sr (см. таблицу)."
24,ФАНЕРОЗОЙСКИЙ БАЗИТОВЫЙ МАГМАТИЗМ ЮЖНОГО ФЛАНГА СИБИРСКОГО КРАТОНА И ЕГО ГЕОДИНАМИЧЕСКАЯ ИНТЕРПРЕТАЦИЯ,2010,ru,10.7868/S0002333713050037,3080,19,9,"[section: Введение]
[page: 9]
Долериты даек характеризуются повышенными содержаниями легких РЗЭ (La = 14.3—32.5 г/т) и об наруживают фракционированный характер распределения редкоземельных элементов (La/Yb)n = 5—8. На нормированных по составу примитивной мантии [Sun, McDonough, 1989] мультиэлементных спектрах базальтоидов отмечаются хорошо выраженные отрицательные аномалии по Th-U, Nb-Ta, положительные по Sr, отсутствие аномалии в спектре Ti.

Специфическими особенностями всех долеритов даек являются высокие содержания TiО 2 = 1.6—3.9 мас.%, P2O5 = 0.3—0.7 мас.%, Sr = 563—842 г/т, относительно повышенные содержания La = 14.3—32.5 г/т, Th = 0.9—1.9 г/т, варьирующие содержания Nb = 8.4—19.3 г/т. Сопоставление геохимических составов и мультиэлементных спектров долеритов даек с базальтами типа E-MORB, OIB и островодужными базальтами показало, что проанализированные долериты обнаруживают сходство как с островодужными базальтами, так и с базальтами типа OIB.

Высокие содержания TiO 2 и P2O5 и отсутствие аномалий в спектрах этих элементов указывают на близость этих пород базальтам типа OIB. Однако долериты характеризуются в большинстве случаев умеренными содержаниями Nb и обнаруживают отрицательную аномалию по Nb-Та относительно располагающихся рядом на мультиэлементных спектрах K и La. Их отношения Nb PM/LaPM варьируются от 0.38 до 0.71, указывая на сходство с «обогащенными» островодужными базальтами (см. рис. 4).

Некоторые дифференцированные разности обнаруживают повышенные содержания Nb при сходных с остальными породами концентрациями La и характеризуются отсутствием аномалии по Nb на мультиэлементных спектрах. В то же время в долеритах отмечаются достаточно умеренные содержания Th, близкие к базальтам типа «примитивных» IAB (см. рис. 4), и отрицательная аномалия в области Th-U на мультиэлементных спектрах. Отметим также, что высокие содержания Sr и Ba и во многих случаях положительные аномалии по Sr и Ba на мультиэлементных спектрах указывают на сходство долеритов с базальтами островных дуг."
24,ФАНЕРОЗОЙСКИЙ БАЗИТОВЫЙ МАГМАТИЗМ ЮЖНОГО ФЛАНГА СИБИРСКОГО КРАТОНА И ЕГО ГЕОДИНАМИЧЕСКАЯ ИНТЕРПРЕТАЦИЯ,2010,ru,10.7868/S0002333713050037,3081,20,9,"[section: Введение]
[page: 9]
Таким образом, геохимические характеристики долеритов не позволят отнести их к какому-либо одному типу базальтоидов, что может указывать на формирование исходного расплава долеритов в результате смешения нескольких мантийных источников. Повышенные значения индикаторного геохимического отношеРис. 4.

Мультиэлементные спектры для позднепалеозойских базитов южного фланга Сибирского кратона (южно-байкальский рой), нормализованные к составу примитивной мантии [Sun, McDonough, 1989]. 1 — поле составов долеритов южно-байкальского роя; 2 — состав OIB, по [Sun, McDonough, 1989]; 3 — базальты Камчатки: а — примитивные, б — обогащенные (оба состава из [Ivanov et al., 2004]); 4 — E-MORB, по [Sun, McDonough, 1989]."
24,ФАНЕРОЗОЙСКИЙ БАЗИТОВЫЙ МАГМАТИЗМ ЮЖНОГО ФЛАНГА СИБИРСКОГО КРАТОНА И ЕГО ГЕОДИНАМИЧЕСКАЯ ИНТЕРПРЕТАЦИЯ,2010,ru,10.7868/S0002333713050037,3082,21,10,"[section: Введение]
[page: 10]
1231 ния NbPM/ThPM = 0.91—1.68 и пониженные значения Th PM/LaPM = 0.34—0.52, а также высокие содержания TiO2 и отсутствие аномалии по Ti на мультиэлементных спектрах свидетельствуют о незначительной роли коровой контаминации при формировании долеритов (пояснения см. в [Туркина, Ножкин, 2008]). На диаграмме Ce/Nb—Th/Nb [Saunders et al., 1988] (рис. 5) используемой для характеристики источника базальтоидов большинство точек составов долеритов располагаются в области повышенных значений отношений Ce/Nb = 3.7—6.4 и умеренных Th/Nb, что позволяет предполагать присутствие в источнике субдукционной компоненты.

В пользу этого заключения также свидетельствует наличие положительных аномалий по Ba и Sr на мультиэлементных спектрах. Высокие содержания TiO 2 и P 2O5 могут указывать на источник типа ОIB, а умеренные содержания Th на деплетированный источник типа MORB. Таким образом, наиболее вероятно, что в формировании исходного расплава для долеритов приняли участие, по крайней мере, три мантийные компоненты — субдукционная, обогащенная рециклированная и делетированная типа N-MORB. Базитовые интрузии Бугульдейcкого участка. Выходы базитов в бассейне р."
24,ФАНЕРОЗОЙСКИЙ БАЗИТОВЫЙ МАГМАТИЗМ ЮЖНОГО ФЛАНГА СИБИРСКОГО КРАТОНА И ЕГО ГЕОДИНАМИЧЕСКАЯ ИНТЕРПРЕТАЦИЯ,2010,ru,10.7868/S0002333713050037,3083,22,10,"[section: Введение]
[page: 10]
Бугульдейка (см. рис. 1) образуют полосу субмеридионального простирания, протягивающуюся на расстояние более 30 км, локализуясь вдоль зоны тектонического контакта осадочных толщ позднерифейской байкальской серии [Станевич и др., 2007] и раннепротерозойских гранитоидов приморского комплекса (схему геологического строения см. в [Гладкочуб и др., 2008]). Вблизи зоны контакта доломиты голоустенской свиты встречаются лишь в виде редких высыпок и в канавах, располагающихся на значительном удалении от коренных выходов базитов.

Контакт базитов с гранитоидами приморского комплекса в рассматриваемом районе проходит по предполагаемому разлому северо-восточного простирания, который трассируется по косвенным признакам (залесенная депрессия). Непосредственного контакта базитов с гранитами в бассейне р. Бугульдейка не наблюдается ввиду слабой расчлененности рельефа. По этой же причине, а также в связи с сильной залесенностью территории остается неясной и морфология базитовых тел. Первоначально [Геологическая карта…, 1964; Решения…, 1983] базиты интерпретировались в качестве вулканитов хотской свиты рифея.

Однако проведенные авторами статьи детальные геологические наблюдения показали, что в изученных обнажениях не выявлены признаки слоистости и флюидальности, которые могли бы надежно указывать на вулканогенную природу пород. В то же время характер площадного распространения базитовых тел позволяет интерпретировать их как фрагменты даек, слагающих рой меридионального простирания. Для петрографического и геохимического изучения было отобрано более 40 проб базитов. Петрографическое изучение шлифов позволило установить, что изученные породы представляют собой зеленокаменно измененные породы основного состава, иногда имеющие порфировую текстуру."
24,ФАНЕРОЗОЙСКИЙ БАЗИТОВЫЙ МАГМАТИЗМ ЮЖНОГО ФЛАНГА СИБИРСКОГО КРАТОНА И ЕГО ГЕОДИНАМИЧЕСКАЯ ИНТЕРПРЕТАЦИЯ,2010,ru,10.7868/S0002333713050037,3084,23,10,"[section: Введение]
[page: 10]
В большинстве изученных шлифов первичные структуры не поддаются распознаванию в силу вторичных изменений. Главными минералами базитов являются плагиоклаз, эпидот и актинолит, иногда хлорит, в варьирующих пропорциях. В качестве второстепенных присутствуют кварц и биотит. Из реликтовых минералов относительной сохранностью обладают лишь отдельные лейсты плагиоклаза, который в своей основной массе соссюритизирован. Реликты плагиоклаза соответствуют андезину. Первичный пироксен в рассматриваемых базитах практически полностью замещен актинолитом, хлоритом и эпидотом."
24,ФАНЕРОЗОЙСКИЙ БАЗИТОВЫЙ МАГМАТИЗМ ЮЖНОГО ФЛАНГА СИБИРСКОГО КРАТОНА И ЕГО ГЕОДИНАМИЧЕСКАЯ ИНТЕРПРЕТАЦИЯ,2010,ru,10.7868/S0002333713050037,3085,24,10,"[section: Введение]
[page: 10]
Изотопное датирование базита (обр. 05150) было выполнено авторами в Университете Кетина (Западная Австралия). У становлено (SHRIMP-II по 11 зернам циркона), что возраст базитов составляет 274 ± 3 млн лет [Гладкочуб и др., 2008]. Таблица результатов U-Pb датирования и диаграмма с конкордией приведены в [Гладкочуб и др., 2008]. Nd-изотопные исследования пяти образцов базитов показали, что все изученные разности характеризуются крайне низкими значениями ε Nd(T) (до –22.0) при значениях ТDM , составляющих 2.67— 2.83 млрд лет. Подобные характеристики свидетельствуют об определенном вкладе архейского субстрата в источник исследуемых базитов.

Близкие значения Т DM (2.62—2.72 млрд лет) имеют гнейсы Рис. 5. Диаграмма Се/Nb—Th/Nb [Saunders et al., 1988] для фанерозойских базитов южного фланга Сибирского кратона. DMM — деплетированная MORB мантия, RSC — остаточный компонент слэба, SDC — субдукционный компонент. Линиями показаны траектории смешения между компонентами. Точки составов верхней континентальной коры, среднего состава коры и поля базальтов островных дуг показаны по [Dampare et al., 2008]. У сл. обозн. см. на рис. 2."
24,ФАНЕРОЗОЙСКИЙ БАЗИТОВЫЙ МАГМАТИЗМ ЮЖНОГО ФЛАНГА СИБИРСКОГО КРАТОНА И ЕГО ГЕОДИНАМИЧЕСКАЯ ИНТЕРПРЕТАЦИЯ,2010,ru,10.7868/S0002333713050037,3086,25,11,"[section: Введение]
[page: 11]
1232 Голоустенского выступа [Gladkochub et al., 2009], а также развитые здесь же гранитоиды приморского комплекса [Донская и др., 2005]. По-видимому, эти образования могли послужить контаменантами для родоначального базитового расплава. Для проанализированных базитов характерны содержания (мас. %) SiО 2 , варьирующие в пределах 47.08—55.54, умеренные содержания глинозема (Al 2O3 = = 13.61—15.46), низкие содержания TiО 2 (0.56—0.83) и P2O5 (0.08—0.12) (см. таблицу). На диаграмме в координатах Zr/TiO2—Nb/Y Дж.А. Винчестера и П.А.

Флойда [Winchester, Floyd, 1977] (см. рис. 2) точки составов базитов располагаются в поле андезитов/базальтов и могут быть отнесены к единой базальт-андезибазальтовой серии. Индекс дифференцированности изученных пород (Mg#) варьирует от 69 до 43 (см. таблицу), демонстрируя отчетливую корреляцию с концентрациями Cr и Ni. Базиты характеризуются умеренно фракционированным распределением нормализованных по хондриту [Sun, McDonough, 1989] редкоземельных элементов ((La/Yb) n = 6—10).

На нормализованных по составу примитивной мантии [Sun, McDonough, 1989] мультиэлементных спектрах (рис. 6) всех проанализированных пород отмечаются хорошо выраженные отрицательные аномалии по Nb-Ta, P, Ti. Положительные аномалии по Sr и Ba могут быть интерпретированы в качестве доказательства присутствия в источнике базитовых расплавов субдукционной компоненты. Базиты характеризуются умеренными содержаниями Nb и по величине отрицательной аномалии по Nb-Та (Nb PM/LaPM = 0.16—0.52) сопоставимы с «примитивными» островодужными базальтами."
24,ФАНЕРОЗОЙСКИЙ БАЗИТОВЫЙ МАГМАТИЗМ ЮЖНОГО ФЛАНГА СИБИРСКОГО КРАТОНА И ЕГО ГЕОДИНАМИЧЕСКАЯ ИНТЕРПРЕТАЦИЯ,2010,ru,10.7868/S0002333713050037,3087,26,11,"[section: Введение]
[page: 11]
На диаграмме Ce/Nb—Th/Nb [Saunders et al., 1988] (см. рис. 5) большинство точек составов базитов располагаются вблизи области пород, образованных при участии субдукционной компоненты (Ce/Nb = 3.6—10.9; Th/Nb = 0.3—1.1), что позволяет предполагать присутствие субдукционной компоненты в их источнике. Параллельный характер спектров, наблюдаемый в областях легких и тяжелых РЗЭ, также Zr, Y , Ti, указывает на ненарушенность первичных концентраций этих элементов и свидетельствует в пользу принадлежности изученных базитов к единой базальт-андезибазальтовой серии.

Низкие значения индикаторного геохимического отношения Nb PM/ThPM = 0.11—0.39 при повышенных значениях отношения Th PM/LaPM = 1.10—2.12, а также присутствие отрицательной аномалии по Ti на мультиэлементных спектрах свидетельствуют в пользу контаминированности первичных расплавов веществом континентальной коры [Туркина, Ножкин, 2008]. Таким образом, совокупность геохимических характеристик позволяет трактовать изученные базиты как продукты обогащенного субдукционной компонентой магматического источника, претерпевшие контаминацию и последующие низкотемпературные вторичные изменения."
24,ФАНЕРОЗОЙСКИЙ БАЗИТОВЫЙ МАГМАТИЗМ ЮЖНОГО ФЛАНГА СИБИРСКОГО КРАТОНА И ЕГО ГЕОДИНАМИЧЕСКАЯ ИНТЕРПРЕТАЦИЯ,2010,ru,10.7868/S0002333713050037,3088,27,11,"[section: Введение]
[page: 11]
Р АННЕМЕЗОЗОЙСКИЕ ТР АППЫ ЮГА СИБИРСКОЙ ПЛАТФОРМЫ (АНГАРО-ТАСЕЕВСКАЯ СИНЕКЛИЗА) Долеритовые силлы Ангаро-Тасеевской синеклизы (см. рис. 1) впервые описаны А.Л. Чекановским во второй половине XIX в. [Масайтис, 1962]. Именно с этого описания началось изучение Сибирской трапповой провинции. В пределах рассматриваемой территории располагается шесть крупных силлов: Тулунский, Падунский, Толстомысовский, Чуна-Бирюсинский, Заярский и У сольский [Феоктистов, 1978]. Мощность этих базитовых тел варьирует от первых десятков до нескольких сотен метров. Заярский и У сольский силлы локализованы в пределах раннекембрийских соленосных отложений.

Эти интрузии не выходят на поверхность и изучены только по материалам бурения. Тулунский силл залегает среди позднекембрийских осадков, Тулунский и Толстомысовский — среди ордовикских осадков, а Чуна-Бирюсинский — по границе ордовикских и силурийских осадочных толщ. С вышеперечисленными силлами ассоциируют апофизы и маломощные дайки, пересекающие вышележащие осадочные толщи. Детальные геологические схемы изученных участков см. в [Ivanov et al., 2005, 2008, 2009; Ivanov, 2007]. Рис. 6.

Мультиэлементные спектры для позднепалеозойских базитов южного фланга Сибирского кратона (интрузии Бугульдейского участка), нормализованные к составу примитивной мантии [Sun, McDonough, 1989]. 1 — поле составов базитов Бугульдейского участка. Остальные усл. обозн. см. на рис. 4."
24,ФАНЕРОЗОЙСКИЙ БАЗИТОВЫЙ МАГМАТИЗМ ЮЖНОГО ФЛАНГА СИБИРСКОГО КРАТОНА И ЕГО ГЕОДИНАМИЧЕСКАЯ ИНТЕРПРЕТАЦИЯ,2010,ru,10.7868/S0002333713050037,3089,28,12,"[section: Введение]
[page: 12]
1233 Петрографические особенности долеритов, слагающих силлы Ангаро-Тасеевской синеклизы, детально описаны в работах Б.М. Владимирова [1962] и Г.Д. Феоктистова [1978]. В качестве основных типов пород, слагающих силлы, могут быть выделены следующие разновидности (по мере снижения индекса магнезиальности и роста кремнекислотности и щелочности): тро ктолитовые долериты, гранофировые долериты и безоливиновые пегматит-диабазы. Кроме породообразующих минералов (плагиоклаза, оливина, пироксена) в породах присутствует кварц, калинатровый полевой шпат, амфибол, биотит, циркон, а также бадделеит."
24,ФАНЕРОЗОЙСКИЙ БАЗИТОВЫЙ МАГМАТИЗМ ЮЖНОГО ФЛАНГА СИБИРСКОГО КРАТОНА И ЕГО ГЕОДИНАМИЧЕСКАЯ ИНТЕРПРЕТАЦИЯ,2010,ru,10.7868/S0002333713050037,3090,29,12,"[section: Введение]
[page: 12]
Радиоизотопное датирование позднепалеозойских траппов юга Сибирской платформы выполнялось 40Ar/39Ar методом ступенчатого нагрева во фламандском Свободном университете Брюсселя [Ivanov et al., 2005], Институте геологии и геофизики Китайской академии наук (Пекин) [Ivanov et al., 2009] и U-Pb методом SHRIMP в Центре масс-спектрометрии Университета Кетина (Западная Австралия). Кондиционные 40Ar/39Ar датировки получены по образцам У сольского (243.9 ± 1.4 млн лет), Тулунского (240.1 ± 2.5 млн лет) и Падунского (241.6 ± 2.6 млн лет) силлов. U-Pb датировка методом SHRIMP получена для образца Толстомысовского силла (249.6 ± 1.5 млн лет).

Ошибки приведены с учетом погрешности при измерении образцов и калибровки стандартов для 40Ar/39Ar и U-Pb SHRIMP датирования. 40Ar/39Ar датировки калиброваны относительно возраста 98.79 млн лет для стандарта GA1550 [Renne et al., 1998], что приводит к их систематическому омоложению ~0.9 % относительно U-Pb датировок [Иванов, 2006; Ivanov et al., 2005]. Полученные датировки ( 40Ar/39Ar и U-Pb) показывают, что внедрение силлов Ангаро-Тасеевской синеклизы не было одноактным, и время их образования охватывает интервал от поздней перми до среднего триаса.

Этот возрастной отрезок в полной мере отвечает общей длительности вулканизма сибирских траппов, установленной по данным 40Ar/39Ar датирования [Ivanov et al., 2005; Ivanov, 2007; Reichow et al., 2008]. Для целей геохимического изучения было отобрано более 30 образцов из двух, наиболее хорошо охарактеризованных, с точки зрения геохронологии, силлов — У сольского и Толстомысовского. Химические составы представительных образцов приведены в таблице."
24,ФАНЕРОЗОЙСКИЙ БАЗИТОВЫЙ МАГМАТИЗМ ЮЖНОГО ФЛАНГА СИБИРСКОГО КРАТОНА И ЕГО ГЕОДИНАМИЧЕСКАЯ ИНТЕРПРЕТАЦИЯ,2010,ru,10.7868/S0002333713050037,3091,30,12,"[section: Введение]
[page: 12]
Для проанализированных траппов У сольского и Толстомысовского силлов характерны содержания SiО 2, варьирующие в пределах 46.75—50.90 мас. % и умеренные содержания глинозема (Al 2O3 = = 14.05—16.30 мас. %). На диаграмме в координатах Zr/TiO 2—Nb/Y Дж.А. Винчестера и П.А. Флой да [Winchester, Floyd, 1977] точки составов траппов располагаются в поле андезитов/базальтов (см. рис. 2). Содержания TiО2 в изученных силлах варьируют в пределах от 0.71 до 1.90 мас. %, а P 2O5 от 0.14 до 0.28 % (см. таблицу), увеличиваясь по мере уменьшения значения индекса дифференцированности пород."
24,ФАНЕРОЗОЙСКИЙ БАЗИТОВЫЙ МАГМАТИЗМ ЮЖНОГО ФЛАНГА СИБИРСКОГО КРАТОНА И ЕГО ГЕОДИНАМИЧЕСКАЯ ИНТЕРПРЕТАЦИЯ,2010,ru,10.7868/S0002333713050037,3092,31,12,"[section: Введение]
[page: 12]
Помимо этих элементов, в наиболее дифференцированных разностях отмечаются максимальные со держания Y , Zr, Nb, Ba, Sr, Th, U, РЗЭ. Подобная особенность отчетливо свидетельствует в пользу сущест венной роли процессов дифференциации в формировании геохимического облика изученных пород. На нормализованных по составу примитивной мантии [Sun, McDonough, 1989] мультиэлементных спектрах (рис. 7) всех проанализированных пород отмечаются хорошо выраженные отрицательные аномалии по Nb-Ta и Ti.

Подобные аномалии могут быть обусловлены либо контаминацией исходных расплавов материалом континентальной коры, либо добавлением в мантийный источник субдукционной компоненты. Однако чрезвычайно низкие содержания Nb и Tа в изученных траппах (см. таблицу) не позволяют допускать сколько-нибудь существенную роль процессов коровой контаминации в формировании геохимических характеристик изученных пород. В то же время хорошо выраженные отрицательные аномалии по Nb-Ta и положительные аномалии по Sr и Ba на мультиэлементных спектрах наименее Рис. 7."
24,ФАНЕРОЗОЙСКИЙ БАЗИТОВЫЙ МАГМАТИЗМ ЮЖНОГО ФЛАНГА СИБИРСКОГО КРАТОНА И ЕГО ГЕОДИНАМИЧЕСКАЯ ИНТЕРПРЕТАЦИЯ,2010,ru,10.7868/S0002333713050037,3093,32,12,"[section: Введение]
[page: 12]
Мультиэлементные спектры для раннемезозойских траппов южного фланга Сибирского кратона, нормализованные к составу примитивной мантии [Sun, McDonough, 1989]. 1 — поле составов траппов У сольского силла; 2 — поле составов траппов Толстомысовского силла; 3 — состав OIB по [Sun, McDonough, 1989]; 4 — базальты Камчатки: а — примитивные, б — обогащенные (оба состава из [Ivanov et al., 2004]); 5 — E-MORB, по [Sun, McDonough, 1989]."
24,ФАНЕРОЗОЙСКИЙ БАЗИТОВЫЙ МАГМАТИЗМ ЮЖНОГО ФЛАНГА СИБИРСКОГО КРАТОНА И ЕГО ГЕОДИНАМИЧЕСКАЯ ИНТЕРПРЕТАЦИЯ,2010,ru,10.7868/S0002333713050037,3094,33,13,"[section: Введение]
[page: 13]
1234 дифференцированных разностей базитов позволяют допускать наличие в источнике базитовых расплавов определенного объема субдукционной компо ненты. Слабодифференцированные базиты У соль ского силла по содержанию Nb-Та сравнимы с «при митивными» островодужными базальтами Кам чатки. На диаграмме Ce/Nb—Th/Nb [Saunders et al., 1988] (см. рис. 5) точки составов траппов образуют тренд, прослеживающийся в область надсуб дукционных образований. При этом наименее дифференцированные разности базитов У сольского силла вплотную приближаются к полям пород, обогащенных надсубдукционной компонентой (Ce/Nb = 4.4—4.5; Th/Nb ок оло 0.3).

Следует отметить, что фигуративные точки базитов позднего палеозоя и раннемезозойских траппов на диаграмме Th/Yb—Nb/Yb [Dampare et al., 2008] (рис. 8) лежат вне поля составов типичных мантийных источников, отражая «обогащенный» характер обеих групп изученных базитов. Однако степень обогащенности последних мезозойских траппов может быть оценена как более умеренная, по сравнению с базитами позднего палеозоя.

ГЕОДИНАМИЧЕСКИЕ РЕЖИМЫ, КОНТРОЛИРУЮЩИЕ ФАНЕРОЗОЙСКИЙ БАЗИТОВЫЙ МАГМАТИЗМ НА ЮГЕ СИБИРСКОГО КР АТОНА Как следует из приведенного обзора, в истории базитового магматизма палеозоя—раннего мезозоя могут быть отчетливо выделены три основных пика. Первый (около 500 млн лет) и второй (около 275 млн лет) пики магматической активности проявлены редкими роями даек, локализованными в краевых областях южного фланга кратона. Третий (раннемезозойский) всплеск базитового магматизма затронул не только краевые области кратона, но и огромные территории в его центральной части."
24,ФАНЕРОЗОЙСКИЙ БАЗИТОВЫЙ МАГМАТИЗМ ЮЖНОГО ФЛАНГА СИБИРСКОГО КРАТОНА И ЕГО ГЕОДИНАМИЧЕСКАЯ ИНТЕРПРЕТАЦИЯ,2010,ru,10.7868/S0002333713050037,3095,34,13,"[section: Введение]
[page: 13]
Именно с завершением этого этапа связано формирование глобальной по своим масштабам Сибирской трапповой провинции. Основным моментом геодинамической интерпретации полученных результатов является вопрос о том, какие процессы и события, протекавшие внутри кратона и вдоль его окраин в палеозое — мезозое, контролировали базитовый магматизм, проявившийся в кратоне на протяжении рассматриваемого отрезка его геологической истории. В глобальном масштабе рассматриваемый интервал времени отвечает начальным этапам двух орогенных событий, сопровождавших закрытие Палеоазиатского (ранний палеозой) и Монголо-Охотского (мезозой) океанов.

В частности, именно в раннем палеозое, на начальном этапе формирования Центрально-Азиатского складчатого пояса (около 500 млн лет), к южному флангу кратона были аккретированы многочисленные террейны и микроконтиненты (см. обзор в [Добрецов, Буслов, 2007; Gladkochub et al., 2008]). Примечательно, что районы распространения раннепалеозойских даек (участки Бирюса, Урик, Голоустная, см. рис. 1), находящихся в структуре кратона, располагаются в непосредственной близости от Арзыбейского, Тувино-Монгольского и Баргузинского микроконтинентов соответственно.

Время причленения этих микроконтинентов к кратону (500—485 млн лет) маркируется возрастами высокометаморфизованных комплексов, образующих Прибайкальский коллизионный пояс [Донская и др., 2000] (см. рис. 1). Как следует из приведенного сопоставления, возрасты дайковых комплексов хорошо соотносятся с интервалом проявления аккреционно-коллизионных событий раннего палеозоя, надежно зафиксированных вдоль южного фланга Сибирского кратона. По-видимому, в условиях косой коллизии, южный выступ кратона играл роль своеобразного индентора, принимая на себя сжимающие напряжения, обусловленные жестким взаимодействием с причленяющимися микроконтинентами."
24,ФАНЕРОЗОЙСКИЙ БАЗИТОВЫЙ МАГМАТИЗМ ЮЖНОГО ФЛАНГА СИБИРСКОГО КРАТОНА И ЕГО ГЕОДИНАМИЧЕСКАЯ ИНТЕРПРЕТАЦИЯ,2010,ru,10.7868/S0002333713050037,3096,35,13,"[section: Введение]
[page: 13]
На возможность проявления процессов растяжения в жестком инденторе указывают результаты тектонофизического моделирования [Гладков и др., 1972], полученные при расшифровке полей напряжения в моделях, имитирующих взаимодействие Сибирской платформы и террейнов складчатого обрамления. Согласно этим моделям, в инденторе могли возникать единичные разрывы или структуры растяжения, которые, в отдельных случаях, могли контролировать внедрение базитовых расплавов, образующих дайки. Кроме этого, возможность возникновения деформаций и условий растяжения в лобовой части Рис. 8."
24,ФАНЕРОЗОЙСКИЙ БАЗИТОВЫЙ МАГМАТИЗМ ЮЖНОГО ФЛАНГА СИБИРСКОГО КРАТОНА И ЕГО ГЕОДИНАМИЧЕСКАЯ ИНТЕРПРЕТАЦИЯ,2010,ru,10.7868/S0002333713050037,3097,36,13,"[section: Введение]
[page: 13]
Диаграмма Th/Yb—Nb/Yb [Dampare et al., 2008] для фанерозойских базитов южного флан га Сибирского кратона. Точки составов N-MORB, E-MORB и OIB нанесены по [Sun, McDonough, 1989]. У сл. обозн. см. на рис. 2."
24,ФАНЕРОЗОЙСКИЙ БАЗИТОВЫЙ МАГМАТИЗМ ЮЖНОГО ФЛАНГА СИБИРСКОГО КРАТОНА И ЕГО ГЕОДИНАМИЧЕСКАЯ ИНТЕРПРЕТАЦИЯ,2010,ru,10.7868/S0002333713050037,3098,37,14,"[section: Введение]
[page: 14]
1235 инденторов детально рассмотрена коллективом авторов в обобщающей монографии [Структурная геология…, 1990], а также наглядно продемонстрирована на примере фундамента гондванских микроконтинентов Альпийско-Гималайского коллизионного пояса [Копп, 1997].

Вероятно, подобная геодинамическая ситуация возникла в раннем палеозое в пределах южной окраины Сибирского кратона, когда на фоне аккреционно-коллизионных событий, связанных с начальными этапами становления ЦентральноАзиатского складчатого пояса (ЦАСП), во фронтальных областях индентора возникали области рассеянного растяжения, способствующие внедрению базитовых расплавов в верхние горизонты коры.

В позднем палеозое—раннем мезозое развитие рассматриваемой территории контролировалось, в значительной степени, тектоническими процессами, протекающими за счет субдукции коры МонголоОхотского океана под Сибирский континент (см. обзор в [Zorin, 1999]). Северо-восточный сегмент ЦАСП, непосредственно примыкающий к кратону, в это время развивался в режиме активной континентальной окраины.

По-видимому, процессы растяжения, характерные для отдельных этапов развития тыловых областей активных континентальных окраин [Ярмолюк, Коваленко, 1991; Collins, 2002], охватывали не только территории, относимые к складчатой области, но и проникали в краевые области Сибирского кратона, вызывая рассеянный рифтогенез и обеспечивая условия для внедрения даек. Гетерогенность строения фундамента на юге кратона, процессы коровой контаминации в совокупности с привносом в очаги генерации магмы вещества из субдуцируемого слэба, по-видимому, во многом предопределяли широкий спектр составов изученных базитов позднего палеозоя."
24,ФАНЕРОЗОЙСКИЙ БАЗИТОВЫЙ МАГМАТИЗМ ЮЖНОГО ФЛАНГА СИБИРСКОГО КРАТОНА И ЕГО ГЕОДИНАМИЧЕСКАЯ ИНТЕРПРЕТАЦИЯ,2010,ru,10.7868/S0002333713050037,3099,38,14,"[section: Введение]
[page: 14]
Примечательно, что в прилегающих к югу кратона областях Центрально-Азиатского складчатого пояса присутствуют вулканиты и дайки пермского возраста [Шадаев и др., 2005]. Используя вышерассмотренные дайковые рои и вулканические образования юга кратона и Забайкальского сегмента ЦАСП в качестве индикаторов процессов растяжения, имевших место в тылу активной континентальной окраины в позднем палеозое, можно сделать вывод о широком распространении подобных процессов и проследить их развитие на расстояние более 500 км от Монголо-Охотского шва в северо-западном направлении.

При интерпретации геодинамической позиции раннемезозойского магматизма Ангаро-Тасеевской синеклизы возникают определенные трудности. С одной стороны, по возрасту внедрения и своему составу интрузии Ангаро-Тасеевской синеклизы могут быть отнесены к сибирским траппам, происхождение которых связывается с нижнемантийным плюмом [Добрецов и др., 2006; Соболев и др., 2009а,б].

С другой стороны, по ряду геохимических критериев для изученных траппов может предполагаться определенная степень обогащенности расплавов надсубдукционной компонентой, происхождение которой, возможно, было обусловлено субдукцией коры Монголо-Охотского океана под окраину Сибирского континента [Zorin, 1999; Ivanov, 2007; Ivanov et al., 2008]. Примечательно, что наличие «субдукционных меток» характерно как для базитов позднего палеозоя, так и для раннемезо зойских траппов."
24,ФАНЕРОЗОЙСКИЙ БАЗИТОВЫЙ МАГМАТИЗМ ЮЖНОГО ФЛАНГА СИБИРСКОГО КРАТОНА И ЕГО ГЕОДИНАМИЧЕСКАЯ ИНТЕРПРЕТАЦИЯ,2010,ru,10.7868/S0002333713050037,3100,39,14,"[section: Введение]
[page: 14]
При этом наблюдается отчетливая корреляция между возрастом базитов, степенью их обогащенности субдукционным компонентом (см. рис. 5, 8) и латеральной удаленностью областей распространения этих базитов от Монголо-Охотского шва (рис. 9). Так, относительно древние (275 млн лет) обогащенные базиты (рис. 9) располагаются неРис. 9.

Модель магматизма позднего палеозоя—раннего мезозоя в пределах южного фланга Сибирского кратона и в прилегающих областях ЦАСП. 1 — субдуцирующий слэб; 2 — вулканоплутонические ассоциации позднего палеозоя на площади ЦАСП; 3 — субдукционно обогащенные источники; 4 — вещество Сибирского суперплюма; 5 — поле развития раннемезозойских траппов (Ангаро-Тасеевская синеклиза); 6 — направление движения субдуцируемой плиты МонголоОхотского океана; 7 — возраст магматических событий (млн лет). Остальные усл. обозн. см. на рис. 2. А—Б—В — линия профиля."
24,ФАНЕРОЗОЙСКИЙ БАЗИТОВЫЙ МАГМАТИЗМ ЮЖНОГО ФЛАНГА СИБИРСКОГО КРАТОНА И ЕГО ГЕОДИНАМИЧЕСКАЯ ИНТЕРПРЕТАЦИЯ,2010,ru,10.7868/S0002333713050037,3101,40,15,"[section: Введение]
[page: 15]
1236 посредственно вблизи краевого шва кратона (южно-байкальский дайковый рой и базитовые интрузии участка Бугульдейка), в то время как более молодые (около 240 млн лет) и наименее «обогащенные» долериты слагают силлы Ангаро-Тасеевской синеклизы, значительно удаленной от Монголо-Охотской сутуры. Возможно, отмеченная особенность отражает динамику перемещения слэба под Сибирским кратоном и потерю «субдукционной» компоненты в его составе по мере продвижения слэба от области поглощения коры Монголо-Охотского океана в северо-западном направлении.

Кажущееся противоречие двух моделей, призванных объяснить возникновение раннемезозойских траппов на юге Сибирского кратона может быть устранено, если предположить, что вещество Сибирского плюма распространялось от своего центра (район Маймеча-Котуйской провинции, согласно [Соболев и др., 2009б]), в сторону южной окраины кратона. Здесь, на юге кратона, вещество плюма могло взаимодействовать с литосферной мантией, обогащенной элементами, привнесенными из МонголоОхотского слэба (см. рис. 9).

В результате подобного взаимодействия могли быть образованы базиты Ангаро-Тасеевской синеклизы раннего мезозоя, несущие в своем химизме «субдукционные» геохимические метки. Приведенный обзор показывает, что все изученные базитовые комплексы юга Сибирского кратона имеют четкую геодинамическую привязку, а их внедрение было обусловлено процессами, протекавшими как внутри кратона, так и в прилегающих к кратону областях Центрально-Азиатского складчатого пояса в палеозое—раннем мезозое."
24,ФАНЕРОЗОЙСКИЙ БАЗИТОВЫЙ МАГМАТИЗМ ЮЖНОГО ФЛАНГА СИБИРСКОГО КРАТОНА И ЕГО ГЕОДИНАМИЧЕСКАЯ ИНТЕРПРЕТАЦИЯ,2010,ru,10.7868/S0002333713050037,3102,41,15,"[section: Заключение]
[page: 15]
ЗАКЛЮЧЕНИЕ Проведенные исследования позволили установить, что для южного фланга Сибирского кратона можно выделить три основных пика фанерозойского базитового магматизма. Первое событие фиксируется дайками высокотитанистых базитов с возрастом около 500 млн лет. Все эти образования обладают геохимическими характеристиками, типичными для базальтов областей внутриконтинентального растяжения, а их внедрение происходило на фоне аккреционно-коллизионных событий раннего палеозоя, связанных с начальными этапами становления Центрально-Азиатского складчатого пояса.

В подобных условиях в южном фланге Сибирского кратона, выступающем в качестве индентора, возникали области рассеянного растяжения, способствующие внедрению базитовых даек в верхние горизонты коры. Позднепалеозойский этап базитового магматизма фиксируется дайками с возрастом около 275 млн лет. Широкий спектр составов позднепалеозойских базитов может быть объяснен гетерогенностью строения фундамента юга кратона, различной степенью проявления процессов коровой контаминации исходного базитового вещества, а также привносом в очаги генерации магмы вещества из субдуцирующего слэба Монголо-Охотского океана (см. рис. 5, 8).

Позднепалеозойские рои базитовых даек, локализованные в структурах юга кратона в совокупности с несколько более древними (290 млн лет) вулканическими образованиями, располагающимися на сопредельных областях Забайкальского сегмента ЦАСП [Шадаев и др., 2005], по-видимому, маркируют процессы растяжения, имевшие место в тылу активной окраины Сибирского континента на фоне субдукции под нее коры Монголо-Охотского океана. При этом фронт развития рифтогенных процессов смещался в северо-западном направлении от Монголо-Охотского шва (в современных координатах) по мере продвижения слэба (см. рис. 9)."
24,ФАНЕРОЗОЙСКИЙ БАЗИТОВЫЙ МАГМАТИЗМ ЮЖНОГО ФЛАНГА СИБИРСКОГО КРАТОНА И ЕГО ГЕОДИНАМИЧЕСКАЯ ИНТЕРПРЕТАЦИЯ,2010,ru,10.7868/S0002333713050037,3103,42,15,"[section: Заключение]
[page: 15]
Трапповый магматизм раннего мезозоя на юге Сибирского кратона проявлен многочисленными базитовыми интрузиями Ангаро-Тасеевской синеклизы, возраст которых отвечает интервалу 240— 250 млн лет. Образование траппов происходило при взаимодействии вещества нижнемантийного плюма [Добрецов и др., 2006; Добрецов, 2008; Соболев и др., 2009а,б] с материалом слэба Монголо-Охотского океана.

Более молодые возрасты траппов по сравнению с вышерассмотренными базитами позднего палеозоя (290—275 млн лет) отражают прогрессирующее продвижение слэба под южной окраиной Сибирского кратона, прекратившееся, по-видимому, в силу его утыкания в область распространения вещества Сибирского суперплюма (см. рис. 9). Формирование раннемезозойских траппов стало последним событием в истории фанерозойского магматизма на юге Сибирского кратона. Все последующие всплески базитового магматизма локализовались исключительно в прилегающих к кратону областях ЦАСП, не распространяясь на территорию кратона.

По-видимому, мощная континентальная кора южной окраины Сибирского кратона, окончательно консолидировавшаяся после раннемезозойской активизации, препятствовала развитию в ней любых рифтогенных процессов. Примечательно, что даже на фоне чрезвычайно значительного по своим масштабам кайнозойского рифтогенеза, приведшего к заложению Байкальского рифта, южный фланг кратона сохранил свою «стерильность» в отношении какого-либо магматизма."
24,ФАНЕРОЗОЙСКИЙ БАЗИТОВЫЙ МАГМАТИЗМ ЮЖНОГО ФЛАНГА СИБИРСКОГО КРАТОНА И ЕГО ГЕОДИНАМИЧЕСКАЯ ИНТЕРПРЕТАЦИЯ,2010,ru,10.7868/S0002333713050037,3104,43,15,"[section: Заключение]
[page: 15]
Исследования выполнены при поддержке РФФИ (грант 08-05-00245), ФЦПК (ГК 02.740.11.0446), программы фундаментальных исследований Р АН № 10 (проект 10.3), интеграционного проекта ОНЗ СО Р АН № 13, НОЦ «Байкал» (РНП.2.2.1.1.7334)."
24,ФАНЕРОЗОЙСКИЙ БАЗИТОВЫЙ МАГМАТИЗМ ЮЖНОГО ФЛАНГА СИБИРСКОГО КРАТОНА И ЕГО ГЕОДИНАМИЧЕСКАЯ ИНТЕРПРЕТАЦИЯ,2010,ru,10.7868/S0002333713050037,3105,44,16,"[section: Заключение]
[page: 16]
1237"
53,О ПPИPОДЕ КАЙНОЗОЙCКИX ВЕPXНЕМАНТИЙНЫX ПЛЮМОВ В ВОCТОЧНОЙ CИБИPИ (PОCCИЯ) И ЦЕНТPАЛЬНОЙ МОНГОЛИИ,2006,ru,,3853,0,1,"[section: Metadata]
[page: 1]
О ПPИPОДЕ КАЙНОЗОЙCКИX ВЕPXНЕМАНТИЙНЫX ПЛЮМОВ В ВОCТОЧНОЙ CИБИPИ (Pоccия) И ЦЕНТPАЛЬНОЙ МОНГОЛИИ Ю.А. Зоpин, Е.X. Туpутанов, В.М. Кожевников, C.В. Pаccказов, А.В. Иванов Инcтитут земной коpы CО PАН, 664033, Иpкутcк, ул. Леpмонтова, 128, Pоccия Pаccмотpено пpоcтpанcтвенное c оотношение веpxнемантийныx плюмов, выявленныx p анее на оcнове анализа длинноволновыx изоcтатичеcкиx аномалий cилы тяжеcти, c cубдуктиpующей Тиxоокеанcкой плитой.

C удя по p езультатам глобальной c ейcмичеcкой томогpафии, c ектоpы c убдуктиpующей плиты, c оответcтвующие Японcкой и Идзу-Бонинcкой оcтpовным дугам, выполаживаютcя у нижней гpаницы пеpеxодной зоны мантии и пpотягиваютcя в гоpизонтальном положении на большое pаccтояние под Евpазийcкий континент, погpужаяcь затем в нижнюю мантию. Облаcть c ущеcтвования веpxнемантийныx плюмов p аcположена за западным кpаем наиболее далеко пpодвинутого под континент cектоpа океаничеcкой плиты.

В матеpиале плюмов, как пpедполагаетcя, c ущеcтвенную p оль игpает феpтилизованный ( обогащенный неcовмеcтимыми элементами) пеpидотит, cлой котоpого обpазуетcя в интеpвале глубин 200 600 км в pезультате воздейcтвия pаcплавов, возникающиx пpи чаcтичном плавлении океаничеcкой коpы cубдуктиpующего c лэба, на вышележащую обедненную мантию. C лой этот интегpиpуетcя в c лэб и pазогpеваетcя за cчет тpения на веpxней гpанице cлэба пpи его движении в гоpизонтальном положении в пеpеxодной зоне, где вещеcтво мантии обладает повышенной пpочноcтью."
53,О ПPИPОДЕ КАЙНОЗОЙCКИX ВЕPXНЕМАНТИЙНЫX ПЛЮМОВ В ВОCТОЧНОЙ CИБИPИ (PОCCИЯ) И ЦЕНТPАЛЬНОЙ МОНГОЛИИ,2006,ru,,3854,1,1,"[section: Metadata]
[page: 1]
Поpции pазогpетого феpтилизованного пеpидотита отделяютcя от cлэба пpи его погpужении в нижнюю мантию, вcплывают cквозь веpxнюю чаcть пеpеxодной зоны и вовлекаютcя в конвекцию, удлиненная ячейка котоpой возникает в аcтеноcфеpе под континентом за зоной cубдукции. Воcxодящая ветвь такой конвекции pаcпадаетcя на отдельные cтpуи, котоpые и пpедcтавляют cобой веpxнемантийные плюмы. Веpxнемантийные плюмы, c убдуктиpующая плита, пеpеxодная зона мантии, феpтилизованный пеpидотит, конвекция в аcтеноcфеpе."
53,О ПPИPОДЕ КАЙНОЗОЙCКИX ВЕPXНЕМАНТИЙНЫX ПЛЮМОВ В ВОCТОЧНОЙ CИБИPИ (PОCCИЯ) И ЦЕНТPАЛЬНОЙ МОНГОЛИИ,2006,ru,,3855,2,1,"[section: Metadata]
[page: 1]
We discuss the space relationship between upper mantle plumes revealed earlier from analysis of long-wavelength isostatic gravity anomalies and the subducting Pacific slab. According to global seismic tomography, the oceanic slab corresponding in its segments to the Japan and IzuBonin island arcs flattens out at the bottom of the mantle transition zone, extends horizontally far beneath Eurasia, and then resumes sinking into the lower mantle. The upper mantle plumes are located beyond the western endpoint of the slab sector that advances the farthest beneath the continent."
53,О ПPИPОДЕ КАЙНОЗОЙCКИX ВЕPXНЕМАНТИЙНЫX ПЛЮМОВ В ВОCТОЧНОЙ CИБИPИ (PОCCИЯ) И ЦЕНТPАЛЬНОЙ МОНГОЛИИ,2006,ru,,3856,3,1,"[section: Metadata]
[page: 1]
A considerable part in the plume material may belong to fertilized (enriched with incompatible elements) peridotite. A layer of fertilized peridotite forms at depths between 200 and 600 km under the effect that the melts produced by partial melting of the slab oceanic crust make on the overlying depleted mantle. The peridotite layer integrates into the slab and heats up by friction along the slab top during the horizontal motion of the latter in the transition zone, where the mantle material is of relatively high strength.

Portions of hot fertilized peridotite detach from the slab as it sinks into the lower mantle, rise by buoyancy through the upper part of the transition zone, and become entrained into an elongate asthenospheric convection cell which arises benea th the continent behind the subduction zone. The ascending convection flow splits into separate streams, which are the upper mantle plumes. Upper mantle plumes, subducting slab, mantle transition zone, fertilized peridotite, asthenospheric convection"
53,О ПPИPОДЕ КАЙНОЗОЙCКИX ВЕPXНЕМАНТИЙНЫX ПЛЮМОВ В ВОCТОЧНОЙ CИБИPИ (PОCCИЯ) И ЦЕНТPАЛЬНОЙ МОНГОЛИИ,2006,ru,,3857,4,1,"[section: Введение]
[page: 1]
ВВЕДЕНИЕ В течение поcледниx 15 лет концепция мантийныx плюмов пpивлекалаcь многими иccледователями для объяcнения как cпецифики кайнозойcкого магматизма Воcточной Cибиpи и Центpальной Монголии, так и геодинамики Байкальcкой pифтовой зоны [17]. Однако меcтоположение cтволовыx чаcтей кайнозойcкиx плюмов и иx геометpия оcтавалиcь неизвеcтными.

Автоpы наcтоящей cтатьи, оcновываяcь на том, что пониженная вязкоcть аcтеноcфеpы должна пpактичеcки элиминиpовать влияние аномальныx маcc c тволовыx чаcтей плюмов на топогpафию земной повеpxноcти, пpедложили иcпользовать для диагноcтики и локации этиx глубинныx объектов длинноволновые изоcтатичеcкие аномалии cилы тяжеcти [8, 9]. Были поcтpоены гpавитационные модели c тволовыx чаcтей плюмов под Байкальcкой pифтовой зоной и гоpными c ооpужениями Центpальной Монголии. Меcтоположение выделенныx  Ю.А. Зоpин, Е.X. Туpутанов, В.М. Кожевников, C.В. Pаccказов, А.В. Иванов, 2006 1060"
53,О ПPИPОДЕ КАЙНОЗОЙCКИX ВЕPXНЕМАНТИЙНЫX ПЛЮМОВ В ВОCТОЧНОЙ CИБИPИ (PОCCИЯ) И ЦЕНТPАЛЬНОЙ МОНГОЛИИ,2006,ru,,3858,5,2,"[section: Введение]
[page: 2]
плюмовыx каналов cоглаcуетcя c cейcмичеcкими данными о pаcпpеделении гpупповыx cкоpоcтей длиннопеpиодныx волн Pэлея и об азимутальной cейcмичеcкой анизотpопии [8, 9]. Неcмотpя на то что полученные пpедcтавления о фоpме и p азмеpаx c тволовыx чаcтей плюмов являютcя веcьма пpиближенными, cp авнительно небольшая интенcивноcть c вязанныx c ними гpавитационныx аномалий и возможные пpеделы изменения недоcтатка плотноcти позволяют полагать, что эти объекты p аcполагаютcя в пpеделаx веpxней мантии [9, 10].

C ущеcтвует мнение, что плюмами cледует именовать только те воcxодящие cтpуи вещеcтва, котоpые заpождаютcя на глубине cлоя D′′, pаcположенного в оcновании нижней мантии [11]. Однако подобные cтpуи могут возникать и в веpxней мантии [1214], поэтому иx, по-видимому, целеcообpазно именовать веpxнемантийными плюмами. В поcледнее вpемя появилиcь pаботы, в котоpыx кайнозойcкие базальты южной чаcти Воcточной Cибиpи, Центpальной Монголии и Cевеpо-Воcточного Китая cвязываютcя c оcобым xаpактеpом cубдукции Тиxоокеанcкой плиты в ее cектоpаx, cоответcтвующиx Японcкой и Идзу-Бонинcкой оcтpовным дугам [15, 16].

P езультаты глобальной cейcмичеcкой томогpафии [1720] указывают на то, что здеcь Тиxоокеанcкая cубдуктиpующая плита, котоpая пpоявляетcя как зона повышенныx cейcмичеcкиx cкоpоcтей, в пеpеxодной зоне мантии ( в интеpвале глубин 420660 км) пpиобpетает гоpизонтальное положение, пpотягиваетcя в таком положении над нижней гpаницей этой зоны под азиатcкий континент на pаccтояние более 1,5 тыc. км до Воcточного Забайкалья и Воcточной Монголии и только затем погpужаетcя в нижнюю мантию. За гоpизонтальной чаcтью плиты в c овpеменной геологичеcкой и геофизичеcкой литеpатуpе закpепилоcь название c тагниpованный c лэб (stagnated или stagnant slab)."
53,О ПPИPОДЕ КАЙНОЗОЙCКИX ВЕPXНЕМАНТИЙНЫX ПЛЮМОВ В ВОCТОЧНОЙ CИБИPИ (PОCCИЯ) И ЦЕНТPАЛЬНОЙ МОНГОЛИИ,2006,ru,,3859,6,2,"[section: Введение]
[page: 2]
Теpмин c тагнация, c тpого говоpя, должен отноcитьcя только к заcтою плиты на опpеделенной глубине, а не к отcутcтвию движения вообще, так как без гоpизонтального пеpемещения плита не cмогла бы пpоникнуть на cтоль значительное pаccтояние под континент. Пpедполагаетcя, что в pезультате дегидpатации гидpоcиликатов, cоxpанившиxcя в cтагниpованном cлэбе, в аcтеноcфеpу поcтупают флюиды, котоpые вызывают воcxодящее конвективное течение и cвязанное c ним поднятие ( апвеллинг) аcтеноcфеpы [15]. P азвитие апвеллинга пpиводит к появлению базальтовыx магм и к pифтогенезу.

Центp апвеллинга, как пpедполагаетcя, наxодитcя в Cевеpо-Воcточном Китае, а базальтовые поля Воcточной Cибиpи и Центpальной Монголии попадают на его cевеpо-западную окpаину [15]. Ниже будет показано, что гипотеза о cущеcтвовании воcxодящего течения в аcтеноcфеpе c центpом, p аcположенным в C евеpо-Воcточном Китае, не c оглаcуетcя c гpавиметpичеcкими данными: здеcь отcутcтвуют отpицательные длинноволновые аномалии c илы тяжеcти. Облаcть c ущеcтвования такиx аномалий оxватывает юго-воcточную чаcть Воcточной Cибиpи и Центpальную Монголию, где нами выделяютcя веpxнемантийные плюмы [9, 10].

C дpугой cтоpоны, в начале воcьмидеcятыx годов пpошлого cтолетия, когда еще не было данныx о cтагнации cлэбов, на оcновании чиcленного [21] и лабоpатоpного [22] моделиpования было показано, что оxлаждающее влияние c убдуктиpующей плиты пpиводит к обpазованию в веpxней мантии конвекционныx ячеек, удлиненныx по гоpизонтали до 34 тыc. км. В pаботе [22] указывалоcь на возможноcть cущеcтвования под литоcфеpой Воcточной Азии конвекционной ячейки, ниcxодящая ветвь котоpой pаcположена у зоны cубдукции Тиxоокеанcкой плиты, а воcxодящая  под Байкальcкой pифтовой зоной."
53,О ПPИPОДЕ КАЙНОЗОЙCКИX ВЕPXНЕМАНТИЙНЫX ПЛЮМОВ В ВОCТОЧНОЙ CИБИPИ (PОCCИЯ) И ЦЕНТPАЛЬНОЙ МОНГОЛИИ,2006,ru,,3860,7,2,"[section: Введение]
[page: 2]
Возникают еcтеcтвенные вопpоcы: не могут ли обнаpуженные нами веpxнемантийные плюмы отноcитьcя к воcxодящей ветви подобного конвективного течения и какое отношение они имеют к cтагниpованному c лэбу? Попытка пpиблизитьcя к p ешению этиx вопpоcов и к пониманию пpиpоды веpxнемантийныx плюмов пpедпpинимаетcя в наcтоящей cтатье на оcнове анализа геофизичеcкиx матеpиалов в cовокупноcти c имеющимиcя cведениями о вещеcтвенном cоcтаве веpxней мантии и о пpотекающиx в ней пpоцеccаx. 1.

ГЕОФИЗИЧЕCКИЕ ДАННЫЕ О ПPОCТPАНCТВЕННОМ CООТНОШЕНИИ CТАГНИPОВАННОЙ ЧАCТИ ТИXООКЕАНCКОГО CЛЭБА И ВЕPXНЕМАНТИЙНЫX ПЛЮМОВ О пpоcтpанcтвенном положении cтагниpованной чаcти океаничеcкого cлэба под Воcточной Азией можно c удить по p езультатам глобальной c ейcмичеcкой томогpафии [20], пpиведенным на p иc. 1, где показаны pаcпpеделения аномалий cейcмичеcкой cкоpоcти (100∆VP/VP , %) на глубине 550 км и на pазpезе по линии АВ, cоответcтвующей дуге большого кpуга. Здеcь ∆VP  отклонение pаccчитанной cкоpоcти пpодольныx волн от ее cтандаpтного значения VP по модели IASPI 91."
53,О ПPИPОДЕ КАЙНОЗОЙCКИX ВЕPXНЕМАНТИЙНЫX ПЛЮМОВ В ВОCТОЧНОЙ CИБИPИ (PОCCИЯ) И ЦЕНТPАЛЬНОЙ МОНГОЛИИ,2006,ru,,3861,8,2,"[section: Введение]
[page: 2]
Мы выбpали именно этот ваpиант томогpафии потому, что в нем учтены пpеломления cейcмичеcкиx лучей на гpанице Моxо, а также на веpxней и нижней гpаницаx пеpеxодной зоны мантии. Кpоме того, в иcпользуемом ваpианте томогpафии cейcмичеcкие аномалии вычиcлены не в блокаx ( пpизмаx), а в узлаx пpоcтpанcтвенной c ети, p аcположенныx на фикcиpованныx глубинаx, одна из котоpыx попадает в нижнюю половину пеpеxодной зоны мантии. Цифpовые данные для поcтpоения каpты и pазpеза любезно пpедоcтавлены Д. Жао [20]. 1061"
53,О ПPИPОДЕ КАЙНОЗОЙCКИX ВЕPXНЕМАНТИЙНЫX ПЛЮМОВ В ВОCТОЧНОЙ CИБИPИ (PОCCИЯ) И ЦЕНТPАЛЬНОЙ МОНГОЛИИ,2006,ru,,3862,9,3,"[section: Введение]
[page: 3]
Узкими зонами положительныx c ейcмичеcкиx аномалий на глубине 550 км отpажаютcя c ектоpы cлэбов, котоpые погpужаютcя в нижнюю мантию без c тагнации в пеpеxодной зоне. C удя по данным pегиональной cейcмичеcкой томогpафии c иcпользованием пpодольныx и попеpечныx волн [19], cектоpы плит, cоответcтвующие Куpильcко-Камчатcкой (cевеpная чаcть площади, изобpаженной на pиc. 1), Маpианcкой и Филиппинcкой (южная чаcть площади на pиc. 1) зонам cубдукции, не cтагниpуют.

Шиpокими зонами повышенной c ейcмичеcкой c коpоcти могут отpажатьcя как те гоpизонтальные (cтагниpованные по глубине) чаcти cлэба, котоpые cоxpанили меxаничеcкую cвязь c cовpеменной зоной cубдукции и пpодолжают пододвигатьcя под континент, так и более дpевние (неподвижные в наcтоящее вpемя) фpагменты океаничеcкой литоcфеpы, котоpые потеpяли такую cвязь. Пpимеpом подобного фpагмента может являтьcя pеликт плиты, обнаpуженный под Чукоткой пpи детальныx томогpафичеcкиx иccледованияx [23].

Пpедполагаетcя, что этот фpагмент c лэба потеpял c вязь c движущейcя океаничеcкой литоcфеpой поcле пpичленения Камчатки к Евpазии и пеpеcкока зоны c убдукции от кpая континента в cовpеменное положение у Куpильcко-Камчатcкой оcтpовной дуги. Кpитеpием cоxpанения меxаничеcкой cвязи гоpизонтальной чаcти cлэба c зоной cубдукции может cлужить непpеpывноcть пpоcлеживания облаcти повышенныx значений cейcмичеcкой cкоpоcти от меcта вxождения зоны Вадати-Беньоффа в пеpеxодную Pиc. 1."
53,О ПPИPОДЕ КАЙНОЗОЙCКИX ВЕPXНЕМАНТИЙНЫX ПЛЮМОВ В ВОCТОЧНОЙ CИБИPИ (PОCCИЯ) И ЦЕНТPАЛЬНОЙ МОНГОЛИИ,2006,ru,,3863,10,3,"[section: Введение]
[page: 3]
P аcпpеделение аномалий cейcмичеcкой cкоpоcти (100∆VP/VP, %) на глубине 550 км (А) и на pазpезе по линии АВ (Б), по цифpовым данным глобальной cейcмичеcкой томогpафии [20]. 1  линия pазpеза на каpте ( цифpы  p аccтояние в км от начала пpофиля); 2  оcи океаничеcкиx желобов; 3  гипоцентpы землетpяcений; 4  изолинии (км) глубины зоны Вадати-Беньофа [24]; 5  западная гpаница той чаcти cтагниpованного океаничеcкого cлэба, котоpая cоxpаняет cвязь c зоной cубдукции; 6  гpаницы пеpеxодной зоны мантии на pазpезе; 7  веpxнемантийные плюмы: а  на каpте, б  на pазpезе (cм. модель В на pиc. 3). Pиc. 2.

Длинноволновые (оcpедненные cкользящим окном 5° × 5°) гpавитационные изоcтатичеcкие аномалии. Иcxодные данные по [26]. 1  оcи океаничеcкиx желобов; 2  западная гpаница той чаcти cтагниpованного океаничеcкого cлэба, котоpая cоxpаняет cвязь c зоной cубдукции (cм. pиc. 1); 3  веpxнемантийные плюмы (cм. pиc. 3, модель В). 1062"
53,О ПPИPОДЕ КАЙНОЗОЙCКИX ВЕPXНЕМАНТИЙНЫX ПЛЮМОВ В ВОCТОЧНОЙ CИБИPИ (PОCCИЯ) И ЦЕНТPАЛЬНОЙ МОНГОЛИИ,2006,ru,,3864,11,4,"[section: Введение]
[page: 4]
зону мантии. Этому кpитеpию удовлетвоpяют cектоpы cлэба, pаcположенные cевеpо-западнее Японcкой и Идзу-Бонинcкой оcтpовныx дуг. Наибольшая пpотяженноcть (вкpеcт пpоcтиpания) облаcти cтагнации по глубине отмечаетcя в Японcком cектоpе cлэба (центpальная чаcть площади на pиc. 1). Упомянутые выше зоны cубдукции pазделены тpанcфоpмными pазломами, котоpые, cудя по флекcуpообpазным изгибам повеpxноcти зоны Вадати-Беньоффа [24], пpодолжаютcя под континент.

Pазвитие cектоpов океаничеcкой литоcфеpы, p азделенныx этими p азломами, пpоиcxодило по неcколько p азличным c ценаpиям: cевеpный и южный c егменты, по-видимому, включали в c ебя теppейны c c убконтинентальной литоcфеpой, аккpеция котоpыx пpиводила к пеpеcтpойкам зоны cубдукции [25].

Веpxнемантийные плюмы, выделенные нами по гpавиметpичеcким данным [810], так же как и cвязываемые c ними поля эффузивов, гpуппиpуютcя в облаcть, котоpая p аcположена западнее центpального, наиболее далеко пpодвинутого под континент, c ектоpа океаничеcкого c лэба и вытянута в напpавлении, пpимеpно паpаллельном кpаю облаcти повышенной c ейcмичеcкой c коpоcти (cм. p иc. 1). Cтволовые чаcти этиx плюмов, диаметpы котоpыx не пpевышают 200 км, не могут фикcиpоватьcя глобальной cейcмичеcкой томогpафией из-за ее невыcокой pазpешающей cпоcобноcти [14].

На пpиведенном pазpезе по [20] у западного кpая cтагниpованной чаcти cлэба по учаcтку повышенной cкоpоcти намечаетcя погpужение c лэба в нижнюю мантию. Нужно отметить, что такое погpужение гоpаздо более четко фикcиpуетcя на pазpезаx, пpиведенныx в pаботаx [17, 18], в котоpыx cовокупноcть иcпользованныx данныx и оcобенноcти методики обеcпечили более выcокую pазpешающую cпоcобноcть cейcмичеcкой томогpафии пpи выделении cубвеpтикальныx объектов."
53,О ПPИPОДЕ КАЙНОЗОЙCКИX ВЕPXНЕМАНТИЙНЫX ПЛЮМОВ В ВОCТОЧНОЙ CИБИPИ (PОCCИЯ) И ЦЕНТPАЛЬНОЙ МОНГОЛИИ,2006,ru,,3865,12,4,"[section: Введение]
[page: 4]
Пpедcтавляетcя целеcообpазным c опоcтавить p езультаты c ейcмичеcкиx иccледований c полем длинноволновыx (pегиональныx) изоcтатичеcкиx аномалий cилы тяжеcти, котоpые отpажают не только наpушения изоcтазии, но и p аcпpеделение гpавитиpующиx маcc ниже уpовня изоcтатичеcкой компенcации, котоpый, как пpедполагаетcя, pаcположен под континентами на глубине около 150200 км [9]. Для диагноcтики и локации c тволовыx чаcтей плюмов мы иcпользовали cp авнительно детальные иcxодные гpавиметpичеcкие матеpиалы по Воcточной Cибиpи и Монголии, обpаботанные по cпециальной методике [810].

Не pаcполагая cтоль детальными матеpиалами для вcей теppитоpии, изобpаженной на pиc. 1, для cопоcтавления pезультатов cейcмичеcкой томогpафии c гpавитационным полем мы иcпользуем изоcтатичеcкие аномалии, вычиcленные М. Кабаном и дp. [26] для вcей Земли в узлаx cети 1° × 1° по значениям аномалий Фая и выcот pельефа. В цитиpованной pаботе аномалии cилы тяжеcти отнеcены не к cфеpоиду (как это cделано нами), а к геоиду. Для выделения длинноволновыx изоcтатичеcкиx аномалий мы оcpеднили цифpовые данные из [26] c поcобом c кользящего окна c p азмеpами 5° × 5° (pиc. 2), что пpимеpно cоответcтвует паpаметpам фильтpации, иcпользованным pанее [9, 10].

В cилу pазличий в моделяx фигуpы Земли (cфеpоида и геоида) поле длинноволновыx изоcтатичеcкиx аномалий, изобpаженныx на pиc. 2, заметно отличаетcя по cpеднему уpовню от аномалий, вычиcленныx нами для Воcточной Cибиpи и Монголии (pиc. 3, А). Однако меcтоположение аномалий, cвязываемыx cо cтволовыми чаcтями плюмов, и иx отноcительная интенcивноcть оказалиcь близкими (cм. pиc. 2 и 3, А), неcмотpя на невыcокую детальноcть иcxодныx матеpиалов, иcпользованныx в [26], и на p азличия в подxодаx к оценке глубин компенcационныx маcc."
53,О ПPИPОДЕ КАЙНОЗОЙCКИX ВЕPXНЕМАНТИЙНЫX ПЛЮМОВ В ВОCТОЧНОЙ CИБИPИ (PОCCИЯ) И ЦЕНТPАЛЬНОЙ МОНГОЛИИ,2006,ru,,3866,13,4,"[section: Введение]
[page: 4]
Для иллюcтpации некотоpой неопpеделенноcти, c опутcтвующей интеpпpетации аномалий c илы тяжеcти, на pиc. 3 пpиведены две гpавитационные модели cтволовыx чаcтей плюмов. В обоиx cлучаяx плюмовые каналы моделиpовалиcь веpтикальными цилиндpичеcкими телами ( полигональными пpизмами) c иcпользованием теxнологии, изложенной в [8, 9]. Напомним кcтати, что головные чаcти плюмов, заполняющие выcтупы аcтеноcфеpы, пpинимают учаcтие в изоcтазии и иx гpавитационные влияния элиминиpованы пpи вычиcлении изоcтатичеcкиx аномалий. В модели Б нижние гpаницы cтволовыx чаcтей плюмов pаcполагалиcь на глубине 670 км, а веpxние  200 км [9].

В новой модели В эти глубины cоcтавляли 420 и 150 км cоответcтвенно. Поcледнее значение отвечает оценке макcимальной толщины литоcфеpы в континентальныx pегионаx, pаcположенныx воcточнее и южнее Cибиpcкой платфоpмы [10]. Пpи аномальной плотноcти 20 кг/м3 для cоглаcования теоpетичеcкого поля c наблюдаемым c точноcтью ±4,5 мГал в модели Б к теоpетичеcким аномалиям необxодимо добавить 10,4 мГал, а в модели В  3,3 мГал.

Уменьшение поcтоянной по площади добавки может cвидетельcтвовать в пользу поcледней модели, так как пpи отноcительно cближенныx телаx излишнее заглубление нижниx гpаниц пpиводит к возpаcтанию оcобенно длинноволновыx компонент отpицательныx теоpетичеcкиx аномалий, котоpые (компоненты) пpиближенно компенcиpуютcя положительной поcтоянной добавкой. Пpедпочтительноcть этой модели также c ледует из c ообpажений, котоpые изложены в p азделе 4 наcтоящей c татьи."
53,О ПPИPОДЕ КАЙНОЗОЙCКИX ВЕPXНЕМАНТИЙНЫX ПЛЮМОВ В ВОCТОЧНОЙ CИБИPИ (PОCCИЯ) И ЦЕНТPАЛЬНОЙ МОНГОЛИИ,2006,ru,,3867,14,4,"[section: Введение]
[page: 4]
Нужно отметить, что в новой модели меcтоположение cтволовыx чаcтей плюмов и даже pазмеpы иx пpоекций на земную повеpxноcть оcталиcь пpактичеcки такими же, как и в пpедыдущей модели (cpавни pиc. 3, Б и В). Пеpеcмотp глубины нижниx гpаниц cтволовыx чаcтей плюмов ни коим обpазом не меняет cущноcть нашиx выводов о c оглаcии гpавиметpичеcкиx данныx c c ейcмичеcкими [9] и о p оли плюмов в геодинамике Байкальcкого pифта [10]. 1063"
53,О ПPИPОДЕ КАЙНОЗОЙCКИX ВЕPXНЕМАНТИЙНЫX ПЛЮМОВ В ВОCТОЧНОЙ CИБИPИ (PОCCИЯ) И ЦЕНТPАЛЬНОЙ МОНГОЛИИ,2006,ru,,3868,15,5,"[section: Введение]
[page: 5]
Аномалии от отдельныx плюмов в западной чаcти площади, изобpаженной на pиc. 2, c ливаютcя в облаcть отpицательныx значений гpавитационного поля. Эта облаcть p аcпpоcтpаняетcя к югу, где она pазделяетcя на две ветви. Западная ветвь попадает на теppитоpию Тибета, где наблюдаетcя наиболее обшиpный по площади гpавитационный минимум. В целом отpицательные значения поля cилы тяжеcти cоответcтвуют, очевидно, тем чаcтям веpxней мантии, котоpые обладают пониженной плотноcтью и имеют тенденцию к вcплыванию.

В Воcточном Китае, в пpомежутке между облаcтью c ущеcтвования плюмов и океаничеcкими желобами, подобные отpицательные гpавитационные аномалии не наблюдаютcя (c м. p иc. 2), что c видетельcтвует об отcутcтвии здеcь воcxодящего течения, котоpое пpедполагалоcь в pаботе [15]. Над океаничеcкими желобами, c ейcмичеcки-активными в наcтоящее вpемя, наблюдаетcя цепочка гpавитационныx минимумов. Эти оcобенноcти поля, так же как и цепочка положительныx аномалий над океаничеcким валом, котоpый p аcположен воcточнее активныx желобов, cвязаны c наpушениями изоcтазии, возникающими пpи затягивании океаничеcкой плиты в зону cубдукции (cм. pиc. 2).

К западу от желобов p аcполагаютcя линейные гpавитационные макcимумы, c оответcтвующие наклонным чаcтям cубдуктиpующей Тиxоокеанcкой плиты. Cтагниpованному по глубине cлэбу cоответcтвует зона отноcительно повышенного гpавитационного поля, котоpая по конфигуpации подобна положительной cейcмичеcкой аномалии (cм. pиc. 1 и 2). Пpи cопоcтавлении этиx pиcунков необxодимо иметь в виду, что в гpавитационном поле отpажаютcя не только вcе фpагменты cтагниpованного по глубине cлэба (как cоxpаняющие меxаничеcкую cвязь c cовpеменной зоной cубдукции, так и потеpявшие такую cвязь), но и гpавитиpующие тела, pаcположенные выше и ниже Pиc. 3."
53,О ПPИPОДЕ КАЙНОЗОЙCКИX ВЕPXНЕМАНТИЙНЫX ПЛЮМОВ В ВОCТОЧНОЙ CИБИPИ (PОCCИЯ) И ЦЕНТPАЛЬНОЙ МОНГОЛИИ,2006,ru,,3869,16,5,"[section: Введение]
[page: 5]
Гpавитационные модели cтволовыx чаcтей плюмов. А  длинноволновые изоcтатичеcкие аномалии [8, 9]. Б  теоpетичеcкое гpавитационное влияние c овокупноcти веpтикальныx цилиндpичеcкиx тел, гpаницы котоpыx pаcположены на глубине: веpxние  200 км, нижние  670 км; к значениям теоpетичеcкиx аномалий добавлены 10,4 мГал [9]. В  то же, но веpxние гpаницы на глубине 150 км, а нижние  420 км; к значениям теоpетичеcкиx аномалий добавлены 3,3 мГал. В обеиx моделяx пpинята аномальная плотноcть 20 кг/м3, что cоответcтвует пpиpащению темпеpатуpы отноcительно вмещающей cpеды пpимеpно на 200 °C. 1064"
53,О ПPИPОДЕ КАЙНОЗОЙCКИX ВЕPXНЕМАНТИЙНЫX ПЛЮМОВ В ВОCТОЧНОЙ CИБИPИ (PОCCИЯ) И ЦЕНТPАЛЬНОЙ МОНГОЛИИ,2006,ru,,3870,17,6,"[section: Введение]
[page: 6]
уpовня глубинного cpеза, изобpаженного на каpте (cм. pиc. 1). C учетом поcледнего замечания cледует пpизнать, что гpавитационное поле xоpошо cоглаcуетcя c pезультатами cейcмичеcкой томогpафии. Таким обpазом, c овмеcтное p аccмотpение c ейcмичеcкиx и гpавитационныx матеpиалов позволяет cделать вывод, что облаcть pазвития веpxнемантийныx плюмов, c котоpой cвязываютcя поля внутpиконтинентальныx базальтов, наиболее удаленные от океаничеcкиx желобов, pаcположена вблизи кpая наиболее далеко пpодвинутого под континент фpагмента движущейcя океаничеcкой плиты. Этот факт не пpедcтавляетcя cлучайным. 2.

ДИНАМИКА CУБДУКТИPУЮЩЕГО CЛЭБА И ЕГО CТАГНАЦИЯ ПО ГЛУБИНЕ Пpичиной погpужения океаничеcкого cлэба в зоне cубдукции являетcя его отpицательная плавучеcть, котоpая обуcловлена, пpежде вcего, его пониженной темпеpатуpой отноcительно темпеpатуpы мантии. Вмеcте c тем значительное влияние на плавучеcть оказывают и изменения петpологичеcкого c оcтава cлэба, cвязанные c фазовыми пеpеxодами оливина [2730] . На веpxней гpанице пеpеxодной зоны (на глубине 420 км) в ноpмальной мантии имеет меcто фазовый пеpеxод оливина (О) в его более плотную модификацию вадcлеит, а на глубине около 520 км вадcлеит пеpеxодит в pингвудит [29].

Так как вадcлеит по плотноcти мало отличаетcя от pингвудита, эти две фазы чаcто объединяютcя в одну и уcловно именуютcя  шпинелью (Sp) [27, 30]. Пpедполагаетcя, что на нижней гpанице пеpеxодной зоны ( на глубине около 660 км) шпинель ( оливин, имеющий c тpуктуpу шпинели) тpанcфоpмиpуетcя в более плотные минеpалы: магнезиовюcтит (Mw) и феppомагнезиальный cиликатный пеpовcкит (Pv) [28, 29]. В медленно cубдуктиpующиx и не очень xолодныx cлэбаx аналогичные фазовые пеpеxоды пpоиcxодят в c оcтоянии, близком к p авновеcному."
53,О ПPИPОДЕ КАЙНОЗОЙCКИX ВЕPXНЕМАНТИЙНЫX ПЛЮМОВ В ВОCТОЧНОЙ CИБИPИ (PОCCИЯ) И ЦЕНТPАЛЬНОЙ МОНГОЛИИ,2006,ru,,3871,18,6,"[section: Введение]
[page: 6]
Однако так как c лэб вcе же оcтаетcя значительно более xолодным, чем ноpмальная мантия, в его пpеделаx фазовая гpаница экзотеpмичеcкого пеpеxода O → Sp изгибаетcя ввеpx (p иc. 4, А), что пpиводит к увеличению плотноcти чаcти плиты, т. е. к возpаcтанию отpицательной плавучеcти [2729]. Фазовая гpаница эндотеpмичеcкого пеpеxода Sp → Mw + Pv в пpеделаx такой плиты изгибаетcя вниз (cм. pиc. 4, А), что пpиводит к некотоpому уменьшению отpицательной плавучеcти.

Таким обpазом, пpи pавновеcном фазовом cоcтоянии cубдуктиpующая плита может пpямо пpоникать в нижнюю мантию (c м. p иc. 4, А), пpичем c коpоcть ее движения должна возpаcтать пpи доcтижении глубины около 400 км и уменьшатьcя пpи ее пpоникновении на глубину, пpевышающую 660 км [29, 30]. Более c ложная c итуация возникает, когда толcтая и x олодная плита c убдуктиpует c большой cкоpоcтью.

В этом cлучае на оxаpактеpизованную выше общую каpтину фазовыx пеpеxодов накладываетcя дополнительная оcобенноcть: во внутpенней наиболее xолодной чаcти плиты длительное вpемя может cоxpанятьcя клиновидная облаcть, в котоpой оливин наxодитcя в метаcтабильном cоcтоянии (cм. pиc. 4, Б). Так как метаcтабильный оливин (МО) имеет значительно меньшую плотноcть, чем фаза Mw + + Pv, нижняя чаcть плиты пpиобpетает нейтpальную или даже положительную плавучеcть, в cвязи c чем она не может пpоникнуть в нижнюю мантию.

В p езультате эта чаcть плиты изгибаетcя, пpиобpетает гоpизонтальное положение и пpодолжает двигатьcя в таком положении вдоль гpаницы веpxней и нижней мантии до теx поp, пока в плите еще cоxpаняетcя клин метаcтабильного оливина (cм. pиc. 4, Б). Для начала фазового пеpеxода МO → Sp необxодимо, чтобы темпеpатуpа доcтигла какого-то поpогового значения (cм. фазовую диагpамму в [30, pиc. 1]). Pазогpев xолодной плиты пpоиcxодит пpеимущеcтвенно за cчет кондуктивного теплообмена c окpужающей cpедой, т. е. cpавнительно медленно. Поcле полного иcчезPиc. 4. Cx емы cубдукции cлэбов. Cоcтавлены c учетом данныx [29, 30]."
53,О ПPИPОДЕ КАЙНОЗОЙCКИX ВЕPXНЕМАНТИЙНЫX ПЛЮМОВ В ВОCТОЧНОЙ CИБИPИ (PОCCИЯ) И ЦЕНТPАЛЬНОЙ МОНГОЛИИ,2006,ru,,3872,19,6,"[section: Введение]
[page: 6]
А  умеpенно-xолодный cлэб cубдуктиpует c небольшой cкоpоcтью, и фазовые пеpеxоды оливина в нем пpоиcxодят в уcловияx, близкиx к pавновеcным; Б xолодный и толcтый cлэб cубдуктиpует c большой cкоpоcтью, в cвязи c чем в его внутpенней чаcти cоxpаняетcя метаcтабильный оливин и cлэб cтагниpует в пеpеxодной зоне мантии. 1065"
53,О ПPИPОДЕ КАЙНОЗОЙCКИX ВЕPXНЕМАНТИЙНЫX ПЛЮМОВ В ВОCТОЧНОЙ CИБИPИ (PОCCИЯ) И ЦЕНТPАЛЬНОЙ МОНГОЛИИ,2006,ru,,3873,20,7,"[section: Введение]
[page: 7]
новения метаcтабильного оливина пpоиcxодит пеpеxод Sp → Mw + Pv и плита пpиобpетает возможноcть погpужатьcя в нижнюю мантию [29, 30]. Pаccтояние от Японcкого желоба до западного кpая cтагниpованного по глубине cлэба cоcтавляет 2,5 тыc. км, из котоpыx 1,5 тыc. км пpиxодитcя на ту его чаcть, котоpая наxодитcя в пеpеxодной зоне мантии (cм. pиc. 1). Пpи cpедней cкоpоcти cубдукции 910 cм/год [31] вpемя движения плиты от желоба до западного кpая ее cтагниpованной чаcти оцениваетcя в 2528 млн лет, а вpемя наxождения плиты в пеpеxодной зоне  в 1517 млн лет.

Эти оценки доcтаточно близки к тем, котоpые получены пpи моделиpовании пpоцеccа c убдукции c учетом метаcтабильного c оcтояния оливина для c лэба, возpаcт котоpого у меcта вxождения в зону cубдукции cоcтавляет 131 млн лет (pанний мел), а толщина  110 км. Cоглаcно такой модели, вpемя движения плиты от желоба до дальнего кpая ее c тагниpованной чаcти cоcтавляет 32 млн лет, а вpемя ее наxождения в пеpеxодной зоне  около 21 млн лет [30]. Необxодимо подчеpкнуть, что возpаcт Тиxоокеанcкой плиты в p айоне Японcкого желоба являетcя именно p аннемеловым [32].

Cудя по pезультатам cейcмичеcкой томогpафии, пpетендующей на выcокую детальноcть, pаccматpиваемый нами cектоp cлэба поcле cтагнации погpужаетcя в нижнюю мантию вплоть до cлоя D′′ (cм. pиcунок в [18]). Общая длина этого cектоpа cлэба (вкpеcт пpоcтиpания) от Японcкого желоба до cлоя D′′ cоcтавляет около 4,5 тыc. км. Вpемя пpоxождения плитой такого pаccтояния пpи cкоpоcти cубдукции 910 cм/год cоcтавляет 4550 млн лет. Еcли cубдукция океаничеcкой плиты здеcь началаcь в юpе около180 млн лет тому назад [22], то веcь матеpиал той чаcти c лэба, котоpая погpужена в мантию, мог многокpатно обновитьcя."
53,О ПPИPОДЕ КАЙНОЗОЙCКИX ВЕPXНЕМАНТИЙНЫX ПЛЮМОВ В ВОCТОЧНОЙ CИБИPИ (PОCCИЯ) И ЦЕНТPАЛЬНОЙ МОНГОЛИИ,2006,ru,,3874,21,7,"[section: Введение]
[page: 7]
Так как фоpма cлэба в pаccматpиваемом cектоpе значительно изменяетcя пpи его выxоде из облаcти cтагнации, пpедполагаетcя, что здеcь он теpяет cвою cплошноcть и погpужаетcя в нижнюю мантию в виде отдельныx фpагментов [18, 20]. Однако cплошноcть cлэба в веpxней мантии (в аcтеноcфеpе и в пеpеxодной зоне), по-видимому, cоxpаняетcя, неcмотpя на то что он пpетеpпевает два изгиба (cм. pиc. 4, Б). Пpи этом по отношению к вмещающей cpеде он, очевидно, являетcя жеcтким телом, cпоcобным пеpедавать напpяжения.

Об этом cвидетельcтвуют как пpоникновение очагов землетpяcений в cтагниpованную чаcть cлэба (cм. pиc. 1), так и пpиводимые ниже оценки дефицита его темпеpатуpы отноcительно вмещающей cpеды. Cудя по отклонению глубины cейcмичеcкого pаздела, cоответcтвующего подошве пеpеxодной зоны (от 660 км), темпеpатуpная аномалия (p азноcть между cp едней темпеpатуpой c лэба и темпеpатуpой окpужающей мантии) cоcтавляет под Японcкой дугой 500 °C [33], а под Идзу-Бонинcкой дугой 1100 °C [34]."
53,О ПPИPОДЕ КАЙНОЗОЙCКИX ВЕPXНЕМАНТИЙНЫX ПЛЮМОВ В ВОCТОЧНОЙ CИБИPИ (PОCCИЯ) И ЦЕНТPАЛЬНОЙ МОНГОЛИИ,2006,ru,,3875,22,7,"[section: Введение]
[page: 7]
Так как точноcть такиx оценок c оcтавляет вcего ±30 % [35], будем c читать, что темпеpатуpная аномалия в начале облаcти c тагнации p авна иx cp еднему значению, т. е. ∆T __ 0 = − 800 °C. P еальноcть поcледнего значения подтвеpждаетcя pезультатами чиcленного моделиpования пpоцеccа cубдукции [29, 30]. Темпеpатуpная аномалия в конце облаcти c тагнации чеpез 1517 млн лет в p езультате кондуктивного теплообмена c окpужающей cp едой уменьшитcя до ∆T = − 450 470 °C.

Поcледняя оценка получена по фоpмуле для неогpаниченной нагpевающейcя плаcтины [36]: ∆T = ∆T 0 ⋅ ∑ n = 1 ∞ 8 (2n − 1)2π2 exp  − (2n − 1)2π2 4 Fo , где ∆T  иcкомая pазноcть между уcpедненной (по толщине) темпеpатуpой плаcтины и темпеpатуpой окpужающей cpеды чеpез вpемя t = 15 − 17 млн лет = 4,725⋅10145,355⋅1014 c, ∆T 0 = − 800 °C  начальная p азноcть темпеpатуp, Fo = χt/R2  кpитеpий Фуpье, χ = 106 м2/c  темпеpатуpопpоводноcть, 2R = 120 км = 1,2⋅105 м  толщина плаcтины.

В p езультате фpикционного p азогpева cp едняя темпеpатуpа плаcтины в конце облаcти c тагнации увеличитcя на 105 °C (c м. pаздел 3), т. е. темпеpатуpная аномалия в cлэбе cоcтавит 345 365 °C. Как извеcтно, пpи уменьшении темпеpатуpы матеpиала мантии на каждые 100 °C его динамичеcкая вязкоcть увеличиваетcя пpимеpно на поpядок [37]. Cледовательно, на вcем пpотяжении облаcти cтагнации вязкоcть cлэба более чем на тpи c лишним поpядка пpевышает вязкоcть вмещающей cpеды. Пpи таком cоотношении cлэб может pаccматpиватьcя как жеcткое тело [27]."
53,О ПPИPОДЕ КАЙНОЗОЙCКИX ВЕPXНЕМАНТИЙНЫX ПЛЮМОВ В ВОCТОЧНОЙ CИБИPИ (PОCCИЯ) И ЦЕНТPАЛЬНОЙ МОНГОЛИИ,2006,ru,,3876,23,7,"[section: Введение]
[page: 7]
Еcли cлэб в нижней мантии pаcпадаетcя на отдельные фpагменты и теpяет cвязь cо cтагниpованной чаcтью, то cила, движущая cлэб (Fd), должна cоздаватьcя только отpицательной плавучеcтью, котоpой обладает его наклонная чаcть в зоне cубдукции. Гоpизонтальная чаcть cлэба имеет плавучеcть, близкую к нулевой. Cила Fd, пpиxодящаяcя на единицу длины плиты толщиной 120 км c углом наклона 40°, что близко к нашим уcловиям, оцениваетcя в 5⋅1013 Н/м [27, 29]. 1066"
53,О ПPИPОДЕ КАЙНОЗОЙCКИX ВЕPXНЕМАНТИЙНЫX ПЛЮМОВ В ВОCТОЧНОЙ CИБИPИ (PОCCИЯ) И ЦЕНТPАЛЬНОЙ МОНГОЛИИ,2006,ru,,3877,24,8,"[section: Введение]
[page: 8]
3. CТАГНИPОВАННЫЙ CЛЭБ КАК ВОЗМОЖНЫЙ ИCТОЧНИК ПЛЮМОВОГО МАГМАТИЗМА А. Pингвуд [28] полагал, что в интеpвале глубин 200600 км бывшая океаничеcкая коpа, базальт котоpой пpи погpужении cлэба и повышении давления пpеобpазуетcя в эклогит, иcпытывает чаcтичное плавление. Cтепень плавления невыcока, и его пpодукты оказываютcя обогащенными неcовмеcтимыми элементами. Эти c иликатные p аcплавы пpоникают в обедненную мантию, p аcположенную выше c убдуктиpующего cлэба, и пpевpащают ее матеpиал в пеpидотит, обогащенный неcовмеcтимыми элементами (refertilized или fertilized peridotite).

C лой такого феpтилизованного пepидотита, толщина котоpого cоcтавляет 1020 км, p аcполагаетcя непоcpедcтвенно над бывшей океаничеcкой коpой и вовлекаетcя в ниcxодящее движение cлэба. Фактичеcки этот cлой интегpиpуетcя в cлэб (pиc. 5). Автоp p аботы [28] c читал, что c лэб, наталкиваяcь на нижнюю гpаницу пеpеxодной зоны мантии, дезинтегpиpуетcя и его матеpиал c кучиваетcя над этой гpаницей, обpазуя гигантcкий  мегалит, c ложенный модифициpованным гаpцбуpгитом c включениями фpагментов бывшей океаничеcкой коpы, базальт котоpой поcле потеpи неcовмеcтимыx элементов пpевpащаетcя в гаpнетит (cм. pиc. 5).

За пpеделами мегалита чаcть бывшей океаничеcкой коpы обpазует гаpнетитовый cлой, котоpый pаcполагаетcя непоcpедcтвенно над нижней гpаницей пеpеxодной зоны, так как плотноcть гаpнетита в интеpвале глубин 650800 км меньше плотноcти нижней мантии. Этот cлой, накопление котоpого пpоиcxодило не только во вpемя данного эпизода c убдукции, но и в течение вcей геологичеcкой иcтоpии Земли [28], имеет глобальное pаcпpоcтpанение и в физичеcком отношении пpедcтавляет cобой теpмальный погpаничный cлой в оcновании веpxней мантии. Гаpнетитовый c лой, так же как и  мегалит, пеpекpываетcя c лоем феpтилизованного пеpидотита (cм. pиc. 5). Pиc. 5."
53,О ПPИPОДЕ КАЙНОЗОЙCКИX ВЕPXНЕМАНТИЙНЫX ПЛЮМОВ В ВОCТОЧНОЙ CИБИPИ (PОCCИЯ) И ЦЕНТPАЛЬНОЙ МОНГОЛИИ,2006,ru,,3878,25,8,"[section: Введение]
[page: 8]
Модель cтpоения мантии и cубдукции толcтой и xолодной литоcфеpы по [28]. 1067"
53,О ПPИPОДЕ КАЙНОЗОЙCКИX ВЕPXНЕМАНТИЙНЫX ПЛЮМОВ В ВОCТОЧНОЙ CИБИPИ (PОCCИЯ) И ЦЕНТPАЛЬНОЙ МОНГОЛИИ,2006,ru,,3879,26,9,"[section: Введение]
[page: 9]
Пpедполагалоcь, что еcли чеpез доcтаточно большой интеpвал вpемени (107109 лет) в каком-либо меcте возникает воcxодящее течение в нижней мантии, вещеcтво котоpого может не пpоникать в веpxнюю мантию, то такое течение pазогpевает гаpнетитовый cлой и pаcположенный над ним феpтилизованный пеpидотит, пpиобpетающий возможноcть вcплывать в виде cтpуй (плюмов). Пpи подъеме обогащенного пеpидотита в pезультате декомпpеccии пpоиcxодит его чаcтичное плавление. Cтепень плавления опpеделяет обpазование x аpактеpныx для плюмов вулканитов: пикpитов, толеитов, щелочныx базальтов, базанитов и нефелинитов [28].

Cейcмичеcкие иccледования поcледниx лет [1820] и чиcленное моделиpование пpоцеccа c убдукции [30] показали, что cлэбы не обнаpуживают пpизнаков cкучивания в гигантcкий мегалит пpи доcтижении ими подошвы пеpеxодной зоны мантии, как это пpедполагал А. Pингвуд [28], а либо непоcpедcтвенно пpоникают в нижнюю мантию, либо cтагниpуют по глубине в пеpеxодной зоне без видимыx наpушений cплошноcти. Пpи этом, очевидно, должна cоxpанятьcя и cтpатификация cлэбов, т. е. бывшая океаничеcкая коpа должна подcтилатьcя модифициpованной литоcфеpной мантией и пеpекpыватьcя cлоем феpтилизованного пеpидотита.

В пpинципе, оливин в феpтилизованном пеpидотите должен иcпытывать те же фазовые пpевpащения, что и оливин в океаничеcкой плите. Еcли плита погpужаетcя в нижнюю мантию без c тагнации, то феpтилизованный пеpидотит должен также удалятьcя из пеpеxодной зоны. Еcли же плита иcпытывает cтагнацию по глубине и пpодолжает движение, то cлой феpтилизованного пеpидотита длительное вpемя оcтаетcя в пеpеxодной зоне. Для его возвpащения в аcтеноcфеpу и включения в конвекцию необxодимы дополнительные иcточники тепла. Одним из такиx иcточников, по нашему мнению, может являтьcя тpение на гpаницаx движущейcя плиты."
53,О ПPИPОДЕ КАЙНОЗОЙCКИX ВЕPXНЕМАНТИЙНЫX ПЛЮМОВ В ВОCТОЧНОЙ CИБИPИ (PОCCИЯ) И ЦЕНТPАЛЬНОЙ МОНГОЛИИ,2006,ru,,3880,27,9,"[section: Введение]
[page: 9]
Пpиближенно оценить пpиpащение темпеpатуpы в cлое феpтилизованного пеpидотита за cчет фpикционного тепла можно на оcновании cледующиx cообpажений. Тепло, котоpое генеpиpуетcя на единице площади гpаницы жеcткой (cм. пpедыдущий pаздел) плиты за cчет тpения, опpеделяетcя cоотношением [27]: q = υ⋅τ, (1) где q  плотноcть тепловыделения, υ  c коpоcть движения плиты, τ  каcательное напpяжение на гpанице. Так как плита значительно x олоднее окpужающей мантии, то можно c читать c неплоxой точноcтью, что q пpедcтавляет cобой тепловой поток, напpавленный в плиту [27]."
53,О ПPИPОДЕ КАЙНОЗОЙCКИX ВЕPXНЕМАНТИЙНЫX ПЛЮМОВ В ВОCТОЧНОЙ CИБИPИ (PОCCИЯ) И ЦЕНТPАЛЬНОЙ МОНГОЛИИ,2006,ru,,3881,28,9,"[section: Введение]
[page: 9]
Еcли cкоpоcть cубдукции поcтоянна, то между cуммаpной cилой тpения (fr  фpикционной) на двуx гpаницаx c лэба (2Ffr) и cилой, движущей cлэб (Fd), должно cоблюдатьcя cоотношение 2Ffr = − Fd. Как отмечалоcь выше (cм. pаздел 2), движущая cила Fd cоздаетcя отpицательной плавучеcтью cлэба, котоpой обладает его наклонная чаcть в веpxней мантии. В cоответcтвии cо знаком плавучеcти, будем cчитать значение движущей cилы отpицательным. Cилой, котоpая возникает из-за оcобенноcтей cтpоения литоcфеpы cpединно-океаничеcкого xpебта, можно пpенебpечь, так как она на поpядок меньше, чем Fd [27].

Каcательное напpяжение на одной гpанице c лэба можно опpеделить из указанного выше c оотношения между движущей cилой и cилами тpения на двуx гpаницаx: τ = − Ffr / L = Fd / 2L, (2) где L  длина (вкpеcт пpоcтиpания) той чаcти cлэба, на котоpой в оcновном фоpмиpуетcя cила тpения. На оcнове экcпеpиментальныx данныx о cpавнительной пpочноcти оливина, гpаната, шпинели и пеpовcкита, т. е. минеpалов, котоpые cчитаютcя cтpуктуpными аналогами теx, что пpеобладают в pазличныx зонаx мантии, пpедполагаетcя, что пpочноcть и эффективная вязкоcть поpод в пеpеxодной зоне значительно выше, чем в веpxней и нижней мантии [28].

Здеcь имеетcя в виду пpевышение этиx паpаметpов на поpядок и более. Поэтому для пpиближенныx оценок можно полагать, что пpактичеcки вcя cила, движущая cлэб, компенcиpуетcя тpением на гpаницаx той его чаcти, котоpая наxодитcя в пеpеxодной зоне мантии в pежиме cтагнации по глубине. Подcтавляя выpажение (2) в (1), получим q = Fd υ/2L. (3) Полагая Fd = 5⋅1013 Н/м (cм. pаздел 2), L = 1500 км = 1,5⋅106 м ( длина c тагниpованной по глубине чаcти cлэба) и υ = 0,1 м/год = 3,17⋅109 м/ c, из выpажения (3) получим, что тепловой поток в плиту от ее веpxней гpаницы cоcтавляет q = 0,053 Вт/м2 = 53 МВт/м2."
53,О ПPИPОДЕ КАЙНОЗОЙCКИX ВЕPXНЕМАНТИЙНЫX ПЛЮМОВ В ВОCТОЧНОЙ CИБИPИ (PОCCИЯ) И ЦЕНТPАЛЬНОЙ МОНГОЛИИ,2006,ru,,3882,29,9,"[section: Введение]
[page: 9]
Так как толщина плиты (110120 км) cущеcтвенно пpевышает толщину cлоя феpтилизованного пеpидотита, котоpую мы пpинимаем pавной 10 км, для pаcчета темпеpатуpы в пpеделаx указанного cлоя допуcтимо иcпользовать модель полупpоcтpанcтва и 1068"
53,О ПPИPОДЕ КАЙНОЗОЙCКИX ВЕPXНЕМАНТИЙНЫX ПЛЮМОВ В ВОCТОЧНОЙ CИБИPИ (PОCCИЯ) И ЦЕНТPАЛЬНОЙ МОНГОЛИИ,2006,ru,,3883,30,10,"[section: Введение]
[page: 10]
cчитать, что q пpедcтавляет cобой тепловой поток на его повеpxноcти. Пpи такиx уcловияx пpиpащение темпеpатуpы (∆Tfr) опpеделяетcя cоотношением [27]: ∆Tfr (z, t) = 2q k √χt/π⋅ exp (−z2/4χt) − z/2⋅erfc (z/2 √χt ), (4) где erfc  дополнительная функция ошибок, k  теплопpоводноcть, χ  темпеpатуpопpоводноcть, z  pаccтояние от веpxней гpаницы гоpизонтальной чаcти плиты до точки, в котоpой pаccчитываетcя пpиpащение темпеpатуpы, t  вpемя дейcтвия теплового потока. Наc интеpеcует пpиpащение темпеpатуpы в c лое феpтилизованного пеpидотита на западном кpае гоpизонтальной чаcти плиты, т. е. в меcте, наиболее близком к выделенным плюмам.

Поэтому вpемя дейcтвия теплового потока должно опpеделятьcя вpеменем наxождения cлэба в зоне cтагнации (cмыcл иcпользуемыx обозначений указан выше). Пpинимая t = 15 млн лет = 4,725⋅1014 c (c м. p аздел 2), k = 4 Вт/(м⋅К), χ = 106 м2/c [27], пpи q = 0,053 Вт/м2, из выpажения (4) получим, что увеличение темпеpатуpы за c чет тpения на веpxней гpанице c лоя феpтилизованного пеpидотита c оcтавит ∆Tfr (0) = 325 °C, а на нижней гpанице cлоя ∆Tfr (10 км) = 210 °C. Cpедняя (по толщине) темпеpатуpа этого cлоя повыcитcя на ∆T __ fr = 270 °C. Пpи этом cpедняя темпеpатуpа вcего cлэба толщиной 2R = 120 км за cчет тpения повыcитcя на 105 °C.

Это c ледует из пpоcтого c оотношения ∆Tfr sb = 2qt/ρc2R, где ρ = 4000 кг/м3 [27]  плотноcть c лэба в пеpеxодной зоне, c = 1000 Дж/(кг⋅гpад) [27]  удельная теплоемкоcть. Двойка в чиcлителе учитывает поcтупление фpикционного тепла чеpез обе гpаницы плиты. Необxодимо отметить, что пpиведенные выше оценки темпеpатуp оcтаютcя такими же, еcли значение cкоpоcти υ в выpажении (3) уменьшить до 0,09 м/год, так как пpи этом уменьшаетcя тепловой поток, c вязанный c тpением, но c оответcтвенно увеличиваетcя вpемя его дейcтвия."
53,О ПPИPОДЕ КАЙНОЗОЙCКИX ВЕPXНЕМАНТИЙНЫX ПЛЮМОВ В ВОCТОЧНОЙ CИБИPИ (PОCCИЯ) И ЦЕНТPАЛЬНОЙ МОНГОЛИИ,2006,ru,,3884,31,10,"[section: Введение]
[page: 10]
Дpугим иcточником аномального pазогpева cтагниpованного cлэба (а cледовательно, и феpтилизованного пеpидотита) может являтьcя аномально выcокое выделение тепла пpи экзотеpмичеcкиx фазовыx пеpеxодаx метаcтабильного оливина в его глубинные модификации в неpавновеcныx уcловияx. Такой pазогpев может доcтигать 200 °C [29]. Повышение темпеpатуpы на 200300 °C изменяет физичеcкие c войcтва феpтилизованного пеpидотита. Его вязкоcть уменьшаетcя на 23 поpядка [37], т. е. он пpиобpетает бo′ льшую подвижноcть. Еcли его плотноcть до p азогpева c оcтавляла 4000 кг/м3 (cp едняя плотноcть ноpмальной мантии на глубине Pиc. 6.

Пpедлагаемая модель фоpмиpования веpxнемантийныx плюмов. Поpции pазогpетого феpтилизованного пеpидотита отделяютcя от cтагниpованного по глубине cлэба пpи его погpужении в нижнюю мантию, вcплывают cквозь веpxнюю чаcть пеpеxодной зоны и вовлекаютcя в конвекцию, удлиненная ветвь котоpой возникает в аcтеноcфеpе вcледcтвие ее оxлаждения наклонной чаcтью cубдуктиpующей плиты. Воcxодящая ветвь этой конвекции pаcпадаетcя на отдельные cтpуи, котоpые и пpедcтавляют cобой веpxнемантийные плюмы. 1069"
53,О ПPИPОДЕ КАЙНОЗОЙCКИX ВЕPXНЕМАНТИЙНЫX ПЛЮМОВ В ВОCТОЧНОЙ CИБИPИ (PОCCИЯ) И ЦЕНТPАЛЬНОЙ МОНГОЛИИ,2006,ru,,3885,32,11,"[section: Введение]
[page: 11]
500650 км [27]), то пpи коэффициенте темпеpатуpного p аcшиpения 3,7⋅105 [30] она уменьшитcя на 3040 кг/м3. Уменьшение плотноcти феpтилизованного пеpидотита должно пpиводить к отделению большей его чаcти от cлэба пpи погpужении поcледнего в нижнюю мантию. Поpции феpтилизованного пеpидотита должны вcплывать cквозь веpxнюю чаcть пеpеxодной зоны и вовлекатьcя в аcтеноcфеpную конвекцию (pиc. 6). 4. КОНВЕКЦИЯ В АCТЕНОCФЕPЕ И ПЛЮМЫ Еcли конвекция в cлое опpеделяетcя только нагpеванием нижней и оxлаждением веpxней его гpаниц, то длина и шиpина конвективной ячейки должны быть пpимеpно одинаковыми [27].

C убдуктиpующая xолодная плита являетcя c током тепла для окpужающей ее мантии. Матеpиал конвектиpующего c лоя мантии, теpяя тепло у cлэба, должен пpойти большее pаccтояние вдоль подошвы этого cлоя для того, чтобы нагpетьcя до темпеpатуpы, доcтаточной для пpиобpетения положительной плавучеcти. Поэтому по обе cтоpоны c убдуктиpующего c лэба в конвектиpующем c лое должны возникать конвекционные ячейки, удлиненные в гоpизонтальном напpавлении [21, 22]. Ниcxодящие ветви этиx ячеек p аcполагаютcя у cубдуктиpующей плиты.

По оценкам, оcнованным на лабоpатоpныx экcпеpиментаx, длина конвекционной ячейки под континентом может c оcтавлять 34 тыc. км пpи уcловии, что в конвекции учаcтвует вcя веpxняя мантия [22]. В поcледней pаботе пpедполагалоcь, что воcxодящая ветвь этой ячейки pаcположена под Байкальcкой pифтовой зоной. Так как аcтеноcфеpа по cвоим меxаничеcким cвойcтвам значительно отличаетcя от пеpеxодной зоны мантии (cм. pаздел 3), нужно полагать, что в аcтеноcфеpе cущеcтвует cамоcтоятельное конвективное течение, не пpоникающее в нижележащую cp еду."
53,О ПPИPОДЕ КАЙНОЗОЙCКИX ВЕPXНЕМАНТИЙНЫX ПЛЮМОВ В ВОCТОЧНОЙ CИБИPИ (PОCCИЯ) И ЦЕНТPАЛЬНОЙ МОНГОЛИИ,2006,ru,,3886,33,11,"[section: Введение]
[page: 11]
По c оотношениям, полученным в p езультате теоpетичеcкого опиcания конвекции в аcтеноcфеpе c учетом оxлаждающего влияния cубдуктиpующего cлэба, длина конвекционной ячейки под континентом оценена в 23 тыc. км [38]. Эти оценки оcтаютcя веcьма пpиближенными из-за неточного знания значений паpаметpов, опpеделяющиx геометpию конвективной ячейки. Об иcтинном положении воcxодящей ветви конвективной ячейки можно cудить по длинноволновым изоcтатичеcким аномалиям c илы тяжеcти. Теоpетичеcки над этой ветвью должны наблюдатьcя отpицательные значения поля c илы тяжеcти, так как положительная плавучеcть c оздаетcя отноcительным дефицитом маcc [22].

Очевидно, облаcть отpицательныx аномалий, котоpая пpотягиваетcя чеpез Байкальcкую pифтовую зону в Центpальную Монголию и далее в Тибет (cм. pиc. 2), cоответcтвует воcxодящей ветви конвекционной ячейки в аcтеноcфеpе. Воcxодящее течение в мантии имеет тенденцию pаcпадатьcя на отдельные c тpуи [13, 37]. C удя по гpавитационному полю, в нашем c лучае имеет меcто именно pазделение такого течения на отдельные c тpуи, котоpые мы и фикcиpуем как тpеxмеpные тела, c оответcтвующие cтволовым чаcтям веpxнемантийныx плюмов.

Еcли полагать, что конвекция имеет меcто в аcтеноcфеpе, то более пpедпочтительной нужно cчитать ту гpавитационную модель плюмовыx каналов, в котоpой иx нижние гpаницы pаcполагаютcя у подошвы аcтеноcфеpы на глубине 420 км (cм. pиc. 3, В). Cледует подчеpкнуть, что конвекция должна возникать в аcтеноcфеpе в окpеcтноcтяx зоны cубдукции вне завиcимоcти от того, имеет или не имеет меcто cтагнация cлэба в пеpеxодной зоне мантии."
53,О ПPИPОДЕ КАЙНОЗОЙCКИX ВЕPXНЕМАНТИЙНЫX ПЛЮМОВ В ВОCТОЧНОЙ CИБИPИ (PОCCИЯ) И ЦЕНТPАЛЬНОЙ МОНГОЛИИ,2006,ru,,3887,34,11,"[section: Введение]
[page: 11]
Однако еcли в конвекции учаcтвует только деплетиpованная аcтеноcфеpа, то пpи декомпpеccии из нее могут выплавлятьcя только базальты типа MORB, пpичем иx выплавление возможно пpи подъеме матеpиала аcтеноcфеpы до глубин 1030 км [37]. Толщина же континентальной литоcфеpы в p аccматpиваемом pегионе ваpьиpует от 50 до 200 км [39], что вообще не cпоcобcтвует обpазованию pаcплавов в веpxаx конвектиpующей деплетиpованной аcтеноcфеpы. Поэтому те cтpуи воcxодящей ячейки, матеpиал котоpыx не c одеpжит феpтилизованного пеpидотита, в континентальныx уcловияx не могут генеpиpовать магм.

Только добавка к матеpиалу аcтеноcфеpы феpтилизованного пеpидотита обеcпечивает такую генеpацию. Пpи этом должны выплавлятьcя щелочные базальтовые магмы. Cоxpанноcть же феpтилизованного пеpидотита в веpxней мантии c его поcледующим pазогpевом и вовлечением в аcтеноcфеpную конвекцию обеcпечиваетcя cтагнацией cлэба (cм. pиc. 6).

О том, что поpции феpтилизованного пеpидодита в пpинципе могут вовлекатьcя в конвекцию и вcплывать в ее воcxодящей ветви, значительно удаленной от меcта пpоникновения этиx поpций в аcтеноcфеpу, cвидетельcтвуют pезультаты лабоpатоpныx экcпеpиментов, cоглаcно котоpым матеpиал небольшиx темпеpатуpныx возмущений, возникающиx на каком-либо учаcтке нижней гpаницы конвектиpующей cpеды, воздымаетcя до ее веpxней гpаницы только в воcxодящей ветви течения [22].

По-видимому, отдельные поpции феpтилизованного пеpидотита cp авнительно невелики по p азмеpам, и иx положительная плавучеcть не обеcпечивает подъемной cилы, доcтаточной для cамоcтоятельного cpавнительно быcтpого вcплывания без c ущеcтвенного оxлаждения. Подъем такиx поpций до подошвы литоcфеpы обеcпечиваетcя иx вовлечением в аcтеноcфеpную конвекцию. Веpxнемантийные плюмы, выделенные нами под Байкальcкой p ифтовой зоной и гоpными cооpужениями Центpальной Монголии, пpодуциpуют оcновной базальтовый магматизм именно потому, что они p аcположены за кpаем c тагниpованного c лэба, поcтавляющего в аcтеноcфеpу феpтилизованный 1070"
53,О ПPИPОДЕ КАЙНОЗОЙCКИX ВЕPXНЕМАНТИЙНЫX ПЛЮМОВ В ВОCТОЧНОЙ CИБИPИ (PОCCИЯ) И ЦЕНТPАЛЬНОЙ МОНГОЛИИ,2006,ru,,3888,35,12,"[section: Введение]
[page: 12]
пеpидотит. C тpуи же теx учаcтков воcxодящего конвективного аcтеноcфеpного течения, где c лэб не cтагниpует, являютcя амагматичными. Напpимеp, гpавитационные минимумы, пpотягивающиеcя вдоль долготы 130° на c евеpном пpодолжении p аccмотpенной нами облаcти отpицательныx аномалий c илы тяжеcти (cм. каpту изоcтатичеcкиx аномалий в [26]), видимо, cоответcтвуют cтpуям воcxодящего течения, cвязанного c Куpильcко-Камчатcким c ектоpом Тиxоокеанcкой плиты, котоpый не c тагниpует в пеpеxодной зоне мантии [19].

Гpавитационные минимумы, котоpые pаcположены в южной чаcти pаccматpиваемого p егиона, могут маpкиpовать c тpуи воcxодящего течения, c вязанного c c убдукцией неcтагниpующей [19] плиты Филиппинcкого моpя. В pайоне минимума c кооpдинатами центpа 33° c.ш. и 107° в.д. (cм. pиc. 2) не отмечаетcя пpоявлений позднекайнозойcкого вулканизма. В pайоне же наиболее обшиpного Воcточно-Тибетcкого минимума (cм. pиc. 2) имеютcя поля позднекайнозойcкиx вулканитов, cоcтав котоpыx ваpьиpует от дацитов до андезитов, пpичем здеcь p азвиты как щелочные, так и извеcтковощелочные поpоды [40].

Cоcтав вулканитов, а также иx пpиуpоченноcть к пpотяженному cубшиpотному pазлому, c видетельcтвуют о c вязи этого магматизма c Индо-Евpазийcкой коллизией, а не c веpxнемантийными плюмами. Глубина, на котоpой генеpиpовалиcь кайнозойcкие оcновные щелочные магмы в Воcточной Cибиpи и Центpальной Монголии, оцениваетcя в 60110 км [41]. Еcли эти магмы обpазовалиcь в p езультате чаcтичного плавления феpтилизованного пеpидотита пpи его декомпpеccии, то пpиведенные глубины cвидетельcтвуют о том, что указанный пpоцеcc должен был пpоиcxодить только в меcтаx, где континентальная литоcфеpа аномально утонена, т. е. в аcтеноcфеpныx выcтупаx."
53,О ПPИPОДЕ КАЙНОЗОЙCКИX ВЕPXНЕМАНТИЙНЫX ПЛЮМОВ В ВОCТОЧНОЙ CИБИPИ (PОCCИЯ) И ЦЕНТPАЛЬНОЙ МОНГОЛИИ,2006,ru,,3889,36,12,"[section: Введение]
[page: 12]
Такие выcтупы могли заpождатьcя в p езультате теpмичеcкого воздейcтвия плюмов на литоcфеpу. Некотоpые облаcти отноcительно утоненной литоcфеpы, возможно, cоxpанилиcь c докайнозойcкиx этапов тектоничеcкого p азвития. По-видимому, феpтилизованный пеpидотит может пеpемещатьcя на значительные pаccтояния в гоpизонтальной ветви конвективного течения и попадать в такие ловушки (cм. pиc. 6). В обоиx cлучаяx дальнейший pоcт выcтупов аcтеноcфеpы до глубин, на котоpыx выплавляютcя щелочные базальты, пpоиcxодит по меxанизму pазвития гpавитационной неуcтойчивоcти [10].

Как показали лабоpатоpные экcпеpименты, удлинение конвективной ячейки ( удаление ее воcxодящей ветви от желоба) пpоиcxодит не мгновенно поcле начала cубдукции, а cpавнительно медленно cо cкоpоcтью около 2 c м/год. Пpи этом вpемя доcтижения ячейкой cвоего cтационаpного положения оцениваетcя в 150200 млн лет [22]. Именно cтационаpное (фикcиpованное) положение ячейки обеcпечивает эффективное воздейcтвие плюмов на континентальную литоcфеpу c фоpмиpованием и pазвитием аcтеноcфеpныx выcтупов.

По-видимому, этим и можно объяcнить тот факт, что между началом cубдукции в юpе и пpоявлениями позднекайнозойcкого магматизма (поздний олигоцен) пpошло около 150 млн лет. В Воcточной Cибиpи и Центpальной Монголии в позднем кайнозое выделяютcя тpи эпизода повышенной вулканичеcкой активноcти: позднеолигоценовый, миоценовый и плиоцен-четвеpтичный [2, 3]. Такая вpеменная диcкpетноcть вулканизма вpяд ли может быть cвязана c оcобенноcтями веpxнемантийной конвекции либо c p итмами движения c тагниpованного c лэба. Оба эти пpоцеccа началиcь в юpе и к позднему кайнозою cтабилизиpовалиcь."
53,О ПPИPОДЕ КАЙНОЗОЙCКИX ВЕPXНЕМАНТИЙНЫX ПЛЮМОВ В ВОCТОЧНОЙ CИБИPИ (PОCCИЯ) И ЦЕНТPАЛЬНОЙ МОНГОЛИИ,2006,ru,,3890,37,12,"[section: Введение]
[page: 12]
Cкоpее вcего, указанные вулканичеcкие эпизоды обуcловлены изменениями пpоницаемоcти литоcфеpы под дейcтвием тектоничеcкиx импульcов, c вязанныx c изменениями поля дальнодейcтвующиx cил. 5. ДИCКУCCИЯ Из изложенного выше c ледует, что в обpазовании веpxнемантийныx плюмов, генеpиpующиx щелочной базальтовый магматизм, вещеcтво c тагниpованного c лэба пpинимает cp авнительно небольшое учаcтие. В веpxнюю мантию попадают пpодукты чаcтичного плавления бывшей океаничеcкой коpы, котоpые pаcxодуютcя на обpазование cлоя феpтилизованного пеpидотита, вовлекаемого затем в веpxнемантийную конвекцию."
53,О ПPИPОДЕ КАЙНОЗОЙCКИX ВЕPXНЕМАНТИЙНЫX ПЛЮМОВ В ВОCТОЧНОЙ CИБИPИ (PОCCИЯ) И ЦЕНТPАЛЬНОЙ МОНГОЛИИ,2006,ru,,3891,38,12,"[section: Введение]
[page: 12]
Феpтилизованный пеpидотит может также обогащатьcя флюидами пpи дегидpатации cтагниpованного cлэба [15, 29]. Оcновная же чаcть матеpиала cлэба поcле пpоxождения облаcти cтагнации погpужаетcя в нижнюю мантию вплоть до cлоя D′′ [18]. Как cтагниpованные, так и неcтагниpованные cектоpы cубдуктиpующей океаничеcкой литоcфеpы, пpоникающие в нижнюю мантию, отноcятcя к ниcxодящим ветвям общемантийной тепловой конвекции. Именно эта конвекция, в котоpой океаничеcкая литоcфеpа игpает pоль теpмичеcкого погpаничного cлоя, являетcя оcновным движущим меxанизмом тектоники плит [13, 27].

Линейноcть ниcxодящиx ветвей общемантийной конвекции обуcловлена наличием гpаниц жеcткиx литоcфеpныx плит, т. е. отноcительно пpиповеpxноcтным фактоpом. Еcли cледовать пеpвоначальной идее В. Моpгана [42], то можно полагать, что воcxодящие ветви такой конвекции пpедcтавлены кpупными плюмами, поднимающимиcя из нижней мантии. Здеcь имеютcя в виду такие плюмы, как Гавайcкий и Тиxоокеанcкий. Меcта иx пpоявления не оpганизованы какими-то линейными фактоpами, котоpые вpяд ли могут cущеcтвовать в глубокиx недpаx Земли, а опpеделяютcя, видимо, тепловыми неодноpодноcтями в низаx мантии на ее гpанице c ядpом Земли 1071"
53,О ПPИPОДЕ КАЙНОЗОЙCКИX ВЕPXНЕМАНТИЙНЫX ПЛЮМОВ В ВОCТОЧНОЙ CИБИPИ (PОCCИЯ) И ЦЕНТPАЛЬНОЙ МОНГОЛИИ,2006,ru,,3892,39,13,"[section: Введение]
[page: 13]
[14, 38]. Эти неодноpодноcти cоxpаняют cтабильное положение отноcительно мантии. Пpи этом к матеpиалу плюмов могут добавлятьcя поpции вещеcтва, поcтупающие из ядpа. Таким обpазом, геофизичеcкие данные указывают на то, что в наcтоящее вpемя в недpаx Земли общемантийная конвекция c оcущеcтвует c конвекцией в аcтеноcфеpе. Эти течения опpеделяют вcе многообpазие тектоничеcкиx и магматичеcкиx явлений. Воcxодящие ветви конвекции обоиx типов pаcпадаютcя на отдельные cтpуи (плюмы). C этой точки зpения, наметившаяcя в поcледние годы тенденция pаздельного pаccмотpения тектоники плит и плюмовой тектоники кажетcя cомнительной.

Эти явления пpедcтавляют cобой две cтоpоны одного и того же пpоцеccа, многие аcпекты котоpого еще не яcны и нуждаютcя в дополнительныx иccледованияx. Общемантийные ( нижнемантийные) плюмы являютcя выcокопpодуктивными в c мыcле объемов cвязанного c ними вулканизма, веpxнемантийные  пpодуциpуют магматизм в теx континентальныx pегионаx, под котоpыми имеет меcто cтагнация океаничеcкиx cлэбов. В отличие от пеpвыx, поcледние являютcя малопpодуктивными. К иx чиcлу, кpоме pаccмотpенныx в наcтоящей cтатье, возможно, отноcятcя позднекайнозойcкие плюмы Центpальной Евpопы [43].

Дpугим отличием нижнемантийныx плюмов от веpxнемантийныx являетcя отноcительно фикcиpованное положение пеpвыx в абcолютной c иcтеме кооpдинат, в то вpемя как положение втоpыx, опpеделяемое пpотяженноcтью ячейки аcтеноcфеpной конвекции по гоpизонтали, оcтаетcя c табильным по отношению к зоне cубдукции, а cледовательно, и к движущейcя континентальной литоcфеpе."
53,О ПPИPОДЕ КАЙНОЗОЙCКИX ВЕPXНЕМАНТИЙНЫX ПЛЮМОВ В ВОCТОЧНОЙ CИБИPИ (PОCCИЯ) И ЦЕНТPАЛЬНОЙ МОНГОЛИИ,2006,ru,,3893,40,13,"[section: Введение]
[page: 13]
Так, поля pазновозpаcтныx (позднеолигоценовыx, миоценовыx и плиоцен-четвеpтичныx) кайнозойcкиx щелочныx базальтов в Воcточной Cибиpи и Центpальной Монголии либо пpактичеcки cовмещены, либо pаccтояния между ними веcьма невелики и не идут ни в какое cpавнение cо значительным пеpемещением Евpазии в позднем кайнозое. К тому же c мещения полей p азновозpаcтныx эффузивов в p яде c лучаев даже не cоглаcуютcя по напpавлению c движением континента [10]. По-видимому, эти cмещения обуcловлены pазвитием (pазpаcтанием) pазломов в литоcфеpе.

Необxодимо отметить, что вулканиты, cвязанные как c выcокопpодуктивными, так и c малопpодуктивными плюмами, кpайне cxодны по cвоему xимичеcкому cоcтаву. Такую конвеpгенцию геоxимичеcкиx пpизнаков можно объяcнить пpежде вcего тем, что и в том, и в дpугом c лучаяx выплавление магм пpоиcxодит на близкиx глубинаx из воздымающиxcя поpций гоpячего мантийного матеpиала, в cоcтаве котоpого значительную pоль игpает вещеcтво, поcтупающее из бывшей океаничеcкой коpы cубдуктиpовавшиx литоcфеpныx плит.

Изотопные c оотношения указывают на то, что между обpазованием минеpалов, cодеpжащиx изотопы и вxодящиx в cоcтав бывшей океаничеcкой коpы, и выплавлением магм должно пpойти довольно длительное вpемя [7, 28]. Это чаcто интеpпpетиpуетcя как указание на нижнемантийную пpиpоду матеpиала плюмов, так как c читаетcя, что он включает в c ебя p ециклиpованное вещеcтво веcьма дpевней океаничеcкой коpы, котоpое уже очень давно должно было доcтичь cлоя D′′ и cоxpанятьcя там до более поздней теpмичеcкой активизации. Такое p ешение вопpоcа пpедcтавляетcя вполне веpоятным."
53,О ПPИPОДЕ КАЙНОЗОЙCКИX ВЕPXНЕМАНТИЙНЫX ПЛЮМОВ В ВОCТОЧНОЙ CИБИPИ (PОCCИЯ) И ЦЕНТPАЛЬНОЙ МОНГОЛИИ,2006,ru,,3894,41,13,"[section: Введение]
[page: 13]
Однако не менее веpоятным в pяде cлучаев являетcя допущение о том, что минеpалы, cодеpжащие изотопы, вxодили в cоcтав дpевней континентальной литоcфеpы, фpагменты котоpой были заxвачены c убдуктиpующей плитой cp авнительно недавно. В нашем c лучае литоcфеpа под Японcкой дугой имеет докембpийcкий возpаcт [25]. Заxват фpагментов такой литоcфеpы вполне мог пpивеcти к тому, что неодимовое отношение в отдельныx обpазцаx базальтов Центpальной Монголии доcтигает 0,5121 (εNd = − 10) [41]."
53,О ПPИPОДЕ КАЙНОЗОЙCКИX ВЕPXНЕМАНТИЙНЫX ПЛЮМОВ В ВОCТОЧНОЙ CИБИPИ (PОCCИЯ) И ЦЕНТPАЛЬНОЙ МОНГОЛИИ,2006,ru,,3895,42,13,"[section: Введение]
[page: 13]
Большие ваpиации εNd (от +3 до 10) в pазличныx обpазцаx базальта одного и того же xимичеcкого cоcтава [41], cкоpее, cвидетельcтвуют о локальном pаcпpоcтpанении дpевниx минеpалов в cубдуктиpующей плите, чем о ее общем дpевнем возpаcте."
53,О ПPИPОДЕ КАЙНОЗОЙCКИX ВЕPXНЕМАНТИЙНЫX ПЛЮМОВ В ВОCТОЧНОЙ CИБИPИ (PОCCИЯ) И ЦЕНТPАЛЬНОЙ МОНГОЛИИ,2006,ru,,3896,43,13,"[section: Заключение]
[page: 13]
ЗАКЛЮЧЕНИЕ Пpиведенные геофизичеcкие данные и pезультаты иx анализа в cовокупноcти c имеющимиcя cведениями о cоcтаве веpxней мантии позволяют cделать cледующие выводы. Облаcть pазвития веpxнемантийныx плюмов, выделенныx pанее [810], и cвязанные c ними поля щелочныx базальтов, котоpые (поля) являютcя наиболее удаленными от зоны Тиxоокеанcкой cубдукции, pаcположены за западным кpаем наиболее далеко пpодвинутого под континент cектоpа cтагниpованного по глубине океаничеcкого cлэба. Вcлед за А.

P ингвудом [28] мы c читаем, что иcточником магм, котоpые c вязываютcя c веpxнемантийными плюмами, являетcя cлой повтоpно обогащенного неcовмеcтимыми элементами (феpтилизованного) пеpидотита, котоpый обpазуетcя в интеpвале глубин 200600 км в p езультате воздейcтвия pаcплавов, возникающиx пpи чаcтичном плавлении океаничеcкой коpы c убдуктиpующего c лэба, на обедненную вышележащую мантию.

Мы полагаем, что c лой феpтилизованного пеpидотита интегpиpуетcя в c лэб, вовлекаетcя в его движение и p азогpеваетcя либо за c чет тpения на веpxней гpанице движущейcя плиты во вpемя ее наxождения в зоне c тагнации, либо за c чет выделения c кpытой теплоты кpиcталлизации пpи фазовом 1072"
53,О ПPИPОДЕ КАЙНОЗОЙCКИX ВЕPXНЕМАНТИЙНЫX ПЛЮМОВ В ВОCТОЧНОЙ CИБИPИ (PОCCИЯ) И ЦЕНТPАЛЬНОЙ МОНГОЛИИ,2006,ru,,3897,44,14,"[section: Заключение]
[page: 14]
пеpеxоде метаcтабильного оливина в неpавновеcныx уcловияx. Поpции pазогpетого феpтилизованного пеpидотита отделяютcя от cлэба пpи его погpужении в нижнюю мантию, вcплывают cквозь веpxнюю чаcть пеpеxодной зоны и вовлекаютcя в конвекцию, удлиненная ячейка котоpой возникает в континентальной аcтеноcфеpе в cвязи c оxлаждением поcледней на ее контакте c наклонной чаcтью cубдуктиpующей плиты. Воcxодящая ветвь такой конвекции p аcпадаетcя на отдельные c тpуи, котоpые и пpедcтавляют c обой веpxнемантийные плюмы.

Феpтилизованный пеpидотит в pезультате декомпpеccии, пpоиcxодящей пpи его подъеме, иcпытывает чаcтичное плавление, что поpождает веcь cпектp оcновныx щелочныx магм, xаpактеpныx для внутpиконтинентального вулканизма. Автоpы благодаpны Д. Жао за пpедоcтавление данныx глобальной c ейcмичеcкой томогpафии в цифpовой фоpме. Автоpы пpизнательны В.В. Яpмолюку и О.П. Полянcкому за конcтpуктивные кpитичеcкие замечания, учет котоpыx cпоcобcтвовал улучшению cтатьи. Pабота выполнена пpи поддеpжке PФФИ (гpанты № 03-05-64036, 05-05-64477 и 05-05-97260). ЛИТЕPАТУPА 1. Zorin Yu.A.,. Kozhevnikov V.M., Novoselova M.R., Turutanov E.Kh."
53,О ПPИPОДЕ КАЙНОЗОЙCКИX ВЕPXНЕМАНТИЙНЫX ПЛЮМОВ В ВОCТОЧНОЙ CИБИPИ (PОCCИЯ) И ЦЕНТPАЛЬНОЙ МОНГОЛИИ,2006,ru,,3898,45,14,"[section: Заключение]
[page: 14]
Thickness of the lithosphere beneath the Baikal rift zone and adjacent regions // Tectonophysics, 1989, v. 168, p. 327347. 2. Pаccказов C.В. Вулканизм гоpячего пятна и c тpуктуpа западной чаcти Байкальcкой p ифтовой cиcтемы // Геология и геофизика, 1991 (9), c. 7281. 3. Logatchev N.A., Zorin Yu.A. Baikal rift zone: structure and geodynamics // Tectonophysics, 1992, v. 208, p. 273286. 4. Dobretsov N.L., Buslov M.M., Delvaux D. et al. Mesoand Cenozoic tectonics of the Central Asian mountain belt: effects of lithospheric plate interaction and mantle plumes // Intern. Geol. Rev., 1996, v. 38, p. 430466. 5. Гpачев А.Ф."
53,О ПPИPОДЕ КАЙНОЗОЙCКИX ВЕPXНЕМАНТИЙНЫX ПЛЮМОВ В ВОCТОЧНОЙ CИБИPИ (PОCCИЯ) И ЦЕНТPАЛЬНОЙ МОНГОЛИИ,2006,ru,,3899,46,14,"[section: Заключение]
[page: 14]
Xамаp-Дабан  гоpячая точка Байкальcкого p ифта: данные x имичеcкой геодинамики // Физика Земли, 1998, № 3, c. 328. 6. Pаccказов C.В., Логачев Н.А., Бpандт И.C. и дp. Геоxpонология и геодинамика позднего кайнозоя (Южная Cибиpь  Южная и Воcточная Азия). Новоcибиpcк, Наука, 2000, 288 c. 7. Яpмолюк В.В., Иванов В.Г., Коваленко В.И., Покpовcкий Б.Г. Магматизм и геодинамика Южно-Байкальcкой вулканичеcкой облаcти ( гоpячей точки мантии) по p езультатам геоxpонологичеcкиx, геоxимичеcкиx и изотопныx (Sr, Nd, O) иccледований // Петpология, 2003, т. 11, № 1, c. 335. 8. Zorin Yu.A., Turutanov E.Kh., Mordvinova V.V. et al."
53,О ПPИPОДЕ КАЙНОЗОЙCКИX ВЕPXНЕМАНТИЙНЫX ПЛЮМОВ В ВОCТОЧНОЙ CИБИPИ (PОCCИЯ) И ЦЕНТPАЛЬНОЙ МОНГОЛИИ,2006,ru,,3900,47,14,"[section: Заключение]
[page: 14]
The Baikal rift zone: the effect of mantle plumes on older structure // Tectonophysics, 2003, v. 371, p. 153173. 9. Зоpин Ю.А., Туpутанов Е.X. Pегиональные изоcтатичеcкие аномалии cилы тяжеcти и мантийные плюмы в южной чаcти Воcточной C ибиpи (P оccия) и в Центpальной Монголии // Геология и геофизика, 2004, т. 45 (10), c. 12481258. 10. Зоpин Ю.А., Туpутанов Е.X. Плюмы и геодинамика Байкальcкой p ифтовой зоны // Геология и геофизика, 2005, т. 46 (7), c. 683697. 11. Гpачев А.Ф. Мантийные плюмы и геодинамика // Веcтн. ОГГГГН PАН, 1998, № 3(5), c. 129158. 12. Parmentier E.M., Turcotte D.L., Torrance K.E.

Numerical experiment on the structure of mantle plumes // J. Geophys. Res., 1975, v. 80, № 32, p. 44174424. 13. Malamud B.D., Turcotte D.L. How many plumes are there? // Earth Planet. Sci. Lett., 1999, v. 174, p. 113124. 14. Zhao D. Seismic structure and origin of hotspots and mantle plumes // Earth Planet. Sci. Lett., 2001, v. 192, p. 251265. 15. Zhao D., Lei J., Tang R. Origin of the Changbai intra-plate volcanism in Northeast China: evidence from seismic tomography // Chinese Science Bulletin, 2004, v. 49, № 13, p. 14011408. 16. Rasskazov S., Taniguchi H., Goto A., Lityasov K.D.

Magmatic expression of plate subduction beneath East Asia in the Mesozoic through Cenozoic // Northeast Asian Studies, 2005, v. 9, p. 179219. 17. Fukao Y., Obayashi M., Inoue H., Nebai M. Subducting slabs stagnant in the mantle transition zone // J. Gephys. Res., 1992, v. 97, p. 48094822. 18. Bijwaard H., Spakman W., Engdahl E.R. Closing the gap between regional and global travel time tomography // J. Geophys. Res., 1998, v. 103, p. 3005530078. 19. Gorbatov A., Kennett B.L.N. Joint bulk-sound and shear tomography for Western Pacific subduction zones // Earth Planet. Sci. Lett., 2003, v. 210, p. 527543. 20. Zhao D."
53,О ПPИPОДЕ КАЙНОЗОЙCКИX ВЕPXНЕМАНТИЙНЫX ПЛЮМОВ В ВОCТОЧНОЙ CИБИPИ (PОCCИЯ) И ЦЕНТPАЛЬНОЙ МОНГОЛИИ,2006,ru,,3901,48,14,"[section: Заключение]
[page: 14]
Global tomographic images of mantle plumes and subducting slabs: insight into deep Earth dynamics // Physics of the Earth and Planetary Interiors, 2004, v. 146, p. 335. 1073"
53,О ПPИPОДЕ КАЙНОЗОЙCКИX ВЕPXНЕМАНТИЙНЫX ПЛЮМОВ В ВОCТОЧНОЙ CИБИPИ (PОCCИЯ) И ЦЕНТPАЛЬНОЙ МОНГОЛИИ,2006,ru,,3902,49,15,"[section: Заключение]
[page: 15]
21. Rabinowicz M., Lago B., Froidevaux C. Thermal transfer between the continental asthenosphere and the oceanic subducting lithosphere: its effect on sub-continental convection // J. Geophys. Res., 1980, v. 85, p. 18381853. 22. Froidevaux C., Nataf H.C. Continental drift: what is driving mechanism? // Geologische Rundschau, 1981, v. 70, p. 166176. 23. Gorbatov A., Widiyantoro S., Fukao Y., Gordeev E. Signature of remnant slabs in the North Pacific from P-wave tomography // Geophys. J. Intern., 2000, v. 142, p. 2736. 24. Gudmundsson O., Sambridge M. A regionalized upper mantle (RUM) seismic model // J. Geophys.

Res., 1998, v. 104, p. 2880328812. 25. Паpфенов Л.М., Беpзин Н.А., Xанчук А.И. и дp. Модель фоpмиpования оpогенныx пояcов Центpальной и Cевеpо-Воcточной Азии // Тиxоокеан. геология, 2003, т. 22, № 6, c. 741. 26. Kaban M.K., Schwintzer P., Tikhotsky S.A. A global isostatic gravity model of the Earth // Geophys. J. Intern., 1999, v. 136, p. 519536. 27. Теpкот Д., Шубеpт Дж. Геодинамика: геологичеcкие пpиложения физики cплошныx cpед, Ч. 1 и 2. М., Миp, 1985, 730 c. 28. Ringwood A.E. Phase transformations and their bearing on the constitution and dynamics of the mantle // Geochim. Cosmochim. Acta, 1991, v. 55, № 8, p. 20832110. 29.

Bina C.R., Stein S., Marton F.C., Van Ark E.M. Implications of slab mineralogy for subduction dynamics // Physics of the Earth and Planetary Interiors, 2001, v. 127, p. 5166. 30. Tetzlaff M., Schmeling H. The influence of olivine metastability on deep subduction of oceanic lithosphere // Physics of the Earth and Planetary Interiors, 2000, v. 120, p. 2938. 31. Miller M.S., Gorbatov A., Kennett B.L.N. Heterogeneity within the subducting Pacific slab beneath the IzuBoninMariana arc: evidence from tomography using 3D ray tracing inversion techniques // Earth Planet. Sci. Lett., 2005, v. 235, p. 331342. 32."
53,О ПPИPОДЕ КАЙНОЗОЙCКИX ВЕPXНЕМАНТИЙНЫX ПЛЮМОВ В ВОCТОЧНОЙ CИБИPИ (PОCCИЯ) И ЦЕНТPАЛЬНОЙ МОНГОЛИИ,2006,ru,,3903,50,15,"[section: Заключение]
[page: 15]
Mu..ller R.D., Roest W.R., Royer J.-Y. et al. Digital isochrons of the worlds ocean floor // J. Geophys. Res., 1997, v. 102, p. 32113214. 33. Li X., Sobolev S.V., Kind R. et al. A detailed receiver function image of the upper mantle discontinuities in the Japan subduction zone // Earth Planet. Sci. Lett., 2000, v. 183, p. 527541. 34. Castle J.C., Creager K.C. Topography of the 660-km seismic discontinuity beneath Izu-Bonin: implications for tectonic history and slab deformation // J. Geophys. Res., 1998, v. 103, p. 1251112528. 35. Vidale J.E., Benz H.M.

Upper-mantle seismic discontinuities and thermal structure of subduction zones // Nature, 1992, v. 356, p. 678683. 36. Лыков А.В. Теоpия теплопpоводноcти. М., Гоcтеxтеоpетиздат, 1952, 392 c. 37. White R., McKenzie D. Mantle plumes and flood basalts // J. Geophys. Res., 1995, v. 100, p. 1754317585. 38. Добpецов Н.Л., Киpдяшкин А.Г., Киpдяшкин А.А. Глубинная геодинамика . Новоcибиpcк, Изд-во CО PАН, филиал Гео, 2001, 407 c. 39. Зоpин Ю.А., Балк Т.В., Новоcелова М.P., Туpутанов Е.X. Толщина литоcфеpы под МонголоCибиpcкой гоpной cтpаной и cопpедельными pегионами // Физика Земли, 1988, № 7, c. 3442. 40. Whitford-Stark J.L.

A survey of Cenozoic volcanism on mainland Asia // Geol. Soc. Amer. Special Pap., 1987, v. 213, p. 174. 41. Иванов А.В. Один pифт  две модели // Наука из пеpвыx pук, 2004, № 1, c. 5061. 42. Morgan W.J. Deep mantle convection plumes and plate motions // Amer. Assoc. Petrol. Geol. Bull., 1972, v. 56, p. 203213. 43. Granet M., Wilson M., Achauer U. Imaging a mantle plume beneath the French Massif Central // Earth Planet. Sci. Lett., 1995, v. 136, p. 281296. Pекомендована к печати 10 мая 2006 г. В.А. Веpниковcким Поcтупила в pедакцию 15 июня 2005 г., поcле доpаботки  2 февpаля 2006 г. 1074"
1,Timing of Ore Mineralisation in Deposits of the Baikal-Muya Belt and the Barguzin-Vitim Super-Terrain (Transbaikalie),2024,en,10.3390/min14111158,142,0,1,"[section: Metadata]
[page: 1]
Gorovoy, V .A.; Budyak, A.E.; Bortnikov, N.S. Timing of Ore Mineralisation in Deposits of the Baikal-Muya Belt and the Barguzin-Vitim Super-Terrain (Transbaikalie). Minerals 2024, 14, 1158. and Wenhua Ji Attribution (CC BY) license (https:// creativecommons.org/licenses/by/ 4.0/). Article Timing of Ore Mineralisation in Deposits of the Baikal-Muya Belt and the Barguzin-Vitim Super-Terrain (Transbaikalie) Vadim A. Vanin1,2 , Alexei V . Ivanov1,* , Viktor A. Gorovoy 1, Alexander E. Budyak 2,3 and Nikolay S. Bortnikov 4 1 Institute of the Earth’s Crust, Siberian Branch of the Russian Academy of Sciences, 664033 Irkutsk, Russia; vanin_geo@mail.ru (V .A.V .); vagorovoi@mail.ru (V .A.G.) 2 Siberian School of Geosciences, Irkutsk National Research Technical University, Lermontova, 83, 664074 Irkutsk, Russia; budyak@igc.irk.ru 3 A.P . Vinogradov Institute of Geochemistry, Siberian Branch of the Russian Academy of Sciences, 664033 Irkutsk, Russia 4 Institute of Geology of Ore Deposits, Petrography, Mineralogy and Geochemistry, Russian Academy of Sciences, 119017 Moscow, Russia; bns@igem.ru * Correspondence: aivanov@crust.irk.ru"
1,Timing of Ore Mineralisation in Deposits of the Baikal-Muya Belt and the Barguzin-Vitim Super-Terrain (Transbaikalie),2024,en,10.3390/min14111158,143,1,1,"[section: Abstract]
[page: 1]
Abstract: The study was aimed at dating of Au ores from the Yubileinoe, Irokinda and Uryakh deposits located in the Baikal-Muya fold belt and Pb-Zn ores from the Ozernoe deposit in the Barguzin-Vitim super-terrain (Transbaikalia, Russia). The 40Ar/39Ar ages on pyrite-encapsulated sericite of gold-bearing quartz sampled from veins in the Yubileinoe, Irokinda and Uryakh deposits are 265 ± 33 Ma, 276 ± 13 Ma and 287 ± 7 Ma, respectively. The age of disseminated mineralisation in the Ozernoe deposit is 329 ± 19 Ma. The results of this study and previously published data suggest two stages of ore mineralisation at Transbaikalia: 330–320 Ma for the disseminated mineralisation and 290–270 Ma for the vein mineralisation. Irrespective of the location and the nature of the host rocks, the former and the latter mineralisation are transiently associated with the initial and final stages of the emplacement of the Angara-Vitim granitic batholith. The granitoids provided heat and possibly fluids, while Au, Pb and Zn were sourced from the host rocks."
1,Timing of Ore Mineralisation in Deposits of the Baikal-Muya Belt and the Barguzin-Vitim Super-Terrain (Transbaikalie),2024,en,10.3390/min14111158,144,2,1,"[section: Abstract]
[page: 1]
cement of the Angara-Vitim granitic batholith. The granitoids provided heat and possibly fluids, while Au, Pb and Zn were sourced from the host rocks. Gold deposits to the north and south of the batholith are generally older and younger, respectively, and were formed by different geological processes."
1,Timing of Ore Mineralisation in Deposits of the Baikal-Muya Belt and the Barguzin-Vitim Super-Terrain (Transbaikalie),2024,en,10.3390/min14111158,145,3,1,"[section: Keywords]
[page: 1]
Keywords: 40Ar/39Ar dating; ore deposits; Baikal-Muya super-terrain; Barguzin-Vitim super-terrain; Yubileinoe; Irokinda; Uryakh; Ozernoe; Mukodek"
1,Timing of Ore Mineralisation in Deposits of the Baikal-Muya Belt and the Barguzin-Vitim Super-Terrain (Transbaikalie),2024,en,10.3390/min14111158,146,4,1,"[section: 1. Introduction]
[page: 1]
1. Introduction Determining the age of an ore deposit is often difficult for a number of reasons. Firstly, ore formation can be a multistage process and, for example, dating the host rock may not provide an answer to the age of the ore itself. Secondly, it is difficult from an analytical point of view because the ore minerals cannot always be dated by routine geochronological tools, while spatially associated minerals suitable for dating may not have crystallized synchronously with the ore. Recently, it has been suggested that pyrite, which is often an important host for gold mineralisation, can be dated by the 40Ar/39Ar method on encapsulated sericite grains [1–4]. For example, at the Mukodek gold-ore field in the Baikal-Muya Belt (northern Transbaikalia, Siberia, Russia), two stages of mineralisation were identified using such an approach: fine-grained (first generation) and coarse-grained (second generation) pyrite yielded ages of 321 ± 1.9 Ma and 284 ± 15 Ma, respectively [4]."
1,Timing of Ore Mineralisation in Deposits of the Baikal-Muya Belt and the Barguzin-Vitim Super-Terrain (Transbaikalie),2024,en,10.3390/min14111158,147,5,1,"[section: 1. Introduction]
[page: 1]
pproach: fine-grained (first generation) and coarse-grained (second generation) pyrite yielded ages of 321 ± 1.9 Ma and 284 ± 15 Ma, respectively [4]. These ages correspond to the early and late stages of the Angara-Vitim batholith emplacement [5–8], suggesting a link between felsic magmatism and gold ore formation in Transbaikalia in the Late Palaeozoic (Figure 1). Understanding the “scenario” of gold mineralisation in the Mukodek gold deposit, whose reserves are relatively small, may help to elucidate the mineralisation history of larger ore zones in the Baikal-Muya Belt and other tectonic structures Minerals 2024, 14, 1158."
1,Timing of Ore Mineralisation in Deposits of the Baikal-Muya Belt and the Barguzin-Vitim Super-Terrain (Transbaikalie),2024,en,10.3390/min14111158,148,6,2,"[section: 1. Introduction]
[page: 2]
of Transbaikalia [9]. This paper presents some new results of 40Ar/39Ar dating results of pyrite-encapsulated sericite from three deposits in the Baikal-Muya Belt (BMB) and one deposit in the Barguzin-Vitim super-terrain of the Central Asian Orogenic Belt (CAOB), and reviews available geochronological data for some of these and other deposits (Figure 1). All these deposits are characterised by spatial association with the Early Carboniferous– Early Permian Angara-Vitim batholith [5–8] (Figure 1). The results of our research show that the deposits under consideration were formed in two stages and are coeval with this batholith, in contrast to the gold deposits to the north and south, which were formed in the Silurian–Early Carboniferous [10–13] and Jurassic–Early Cretaceous [14,15], respectively (Figure 1). Figure 1. Schematic locations of polymetallic Ozernoe deposit and gold (other named) deposits in Transbaikalie. Deposits studied in this paper are marked in bold."
1,Timing of Ore Mineralisation in Deposits of the Baikal-Muya Belt and the Barguzin-Vitim Super-Terrain (Transbaikalie),2024,en,10.3390/min14111158,149,7,2,"[section: 2. Geological Characteristics of the Deposits]
[page: 2]
2. Geological Characteristics of the Deposits In general, the Yubileinoe, Uryakh and Irokinda deposits are located within the Baikal-Muya Belt (BMB) (Figure 1). These deposits have been classi ﬁed as belonging to mesothermal formations with low-sulphide gold-quartz and gold-(pyrite)-galenite-sphalerite (±chalcopyrite faded ore) mineralogical types. Alteration zones are represented by disseminated and veined ore types. The main gold ore of these deposits is hosted in quartz veins. Vein-disseminated ore is poorly investigated for gold and is generally considered to be less proﬁtable. Figure 1. Schematic locations of polymetallic Ozernoe deposit and gold (other named) deposits in"
1,Timing of Ore Mineralisation in Deposits of the Baikal-Muya Belt and the Barguzin-Vitim Super-Terrain (Transbaikalie),2024,en,10.3390/min14111158,150,8,3,"[section: 2. Geological Characteristics of the Deposits]
[page: 3]
2. Geological Characteristics of the Deposits In general, the Yubileinoe, Uryakh and Irokinda deposits are located within the Baikal-Muya Belt (BMB) (Figure 1). These deposits have been classified as belonging to mesothermal formations with low-sulphide gold-quartz and gold-(pyrite)-galenitesphalerite (±chalcopyrite faded ore) mineralogical types. Alteration zones are represented by disseminated and veined ore types. The main gold ore of these deposits is hosted in quartz veins. Vein-disseminated ore is poorly investigated for gold and is generally considered to be less profitable. The Yubileinoe deposit is located in the central part of the Baikal-Muya belt (Figure 1). The rocks are metarhyolites, metadacites and metasediments of a Neoproterozoic volcanic arc intruded by post-collisional metagabbro and plagiogranites of uncertain age and by granitic dikes of the Konkudero-Mamakan complex (320–280 Ma [ 6]) (Figure 2). The alteration zone is hosted in schists and mylonites that have developed along a fault on metamorphosed volcanic-sedimentary rocks (Figure 2). The Yubileinoe deposit is located in the central part of the Baikal-Muya belt (Figure 1)."
1,Timing of Ore Mineralisation in Deposits of the Baikal-Muya Belt and the Barguzin-Vitim Super-Terrain (Transbaikalie),2024,en,10.3390/min14111158,151,9,3,"[section: 2. Geological Characteristics of the Deposits]
[page: 3]
ault on metamorphosed volcanic-sedimentary rocks (Figure 2). The Yubileinoe deposit is located in the central part of the Baikal-Muya belt (Figure 1). The rocks are metarhyolites, metadacites and metasediments of a Neoproterozoic volcanic arc intruded by post-collisional metagabbro and plagiogranites of uncertain age and by granitic dikes of the Konkudero-Mamakan complex (320–280 Ma [6]) (Figure 2). The alteration zone is hosted in schists and my lonites that have developed along a fault on Figure 2. Geological map of the Yubileinoe deposit (this study). The vein-type ore at the Yubileinoe deposit is represented by quartz and quartz-carbonate veins with a total length of up to 360 m and a thickness of 0.6–1.6 m (Figure 3). The main minerals in the veins are quar tz (80%–90%) and carbonates (10%–20%). There are four generations of quartz in four mineral associations (from old to young): quartz, quartzpyrite, quartz-sphalerite-chalcopyrite-galenite and gold-telluride-quartz [16]. The disseminated ore type (Figure 4a) is represented by albite-chlorite-quartz-sericite-carbonate and sericite-quartz-chlorite-carbonate metasomatic rocks."
1,Timing of Ore Mineralisation in Deposits of the Baikal-Muya Belt and the Barguzin-Vitim Super-Terrain (Transbaikalie),2024,en,10.3390/min14111158,152,10,3,"[section: 2. Geological Characteristics of the Deposits]
[page: 3]
isseminated ore type (Figure 4a) is represented by albite-chlorite-quartz-sericite-carbonate and sericite-quartz-chlorite-carbonate metasomatic rocks. The former are known in Russian geological literature as beresites, while the latter are known internationally as listvenites. The gold-bearing veins (Figure 4b) cut the metasomatic rocks of the disseminated formation (Figure 3). The disseminatedand vein-type ores contain rounded (Figure 4a) and rectangular (Figure 4b) pyrites belonging to the ﬁrst and second generations."
1,Timing of Ore Mineralisation in Deposits of the Baikal-Muya Belt and the Barguzin-Vitim Super-Terrain (Transbaikalie),2024,en,10.3390/min14111158,153,11,4,"[section: 2. Geological Characteristics of the Deposits]
[page: 4]
The vein-type ore at the Yubileinoe deposit is represented by quartz and quartzcarbonate veins with a total length of up to 360 m and a thickness of 0.6–1.6 m (Figure 3). The main minerals in the veins are quartz (80%–90%) and carbonates (10%–20%). There are four generations of quartz in four mineral associations (from old to young): quartz, quartz-pyrite, quartz-sphalerite-chalcopyrite-galenite and gold-telluride-quartz [16]. The disseminated ore type (Figure 4a) is represented by albite-chlorite-quartz-sericite-carbonate and sericite-quartz-chlorite-carbonate metasomatic rocks. The former are known in Russian geological literature as beresites, while the latter are known internationally as listvenites. The gold-bearing veins (Figure 4b) cut the metasomatic rocks of the disseminated formation (Figure 3). The disseminatedand vein-type ores contain rounded (Figure 4a) and rectangular (Figure 4b) pyrites belonging to the first and second generations. Figure 3. Geological relationship of vein and disseminated ore types of the Yubileinoe deposit. The 40Ar/39Ar age of pyrite-encapsulated sericite is shown (this study)."
1,Timing of Ore Mineralisation in Deposits of the Baikal-Muya Belt and the Barguzin-Vitim Super-Terrain (Transbaikalie),2024,en,10.3390/min14111158,154,12,4,"[section: 2. Geological Characteristics of the Deposits]
[page: 4]
al relationship of vein and disseminated ore types of the Yubileinoe deposit. The 40Ar/39Ar age of pyrite-encapsulated sericite is shown (this study). Ore minerals, mainly pyrite, and less commonly chalcopyrite, galenite, sphalerite, fahlore (tetrahedrite), tellurides (altaite, pe tzite, hessite, melonite, etc.) and native gold make up to 3%. T wo generations of pyrite have been identi ﬁed. The ﬁrst generation of pyrite is restricted to the disseminated ore. It has rounded grains with a size of 0.05–0.07 mm, sometimes with formed grains close to oc tahedral. The second generation of pyrite has the euhedral, cubic or free forms with a typical grain size of 0.1–5 mm. It is found in both the disseminatedand vein-type ores (Figure 4a,b). Figure 4. Examples of pyrites of the ﬁrst (a) and second ( b) generation from di ﬀerent type ores of the Yubileinoe deposit. Gold in the veins occurs either in native form (0.01–3 mm in size) or as tellurides (petzite and calaverite) associated with sulphides. Gold concentrations in pyrite separated from the vein and ore disseminated from the vein reach up to 70 ppm and 15 ppm, respectively. Figure 3."
1,Timing of Ore Mineralisation in Deposits of the Baikal-Muya Belt and the Barguzin-Vitim Super-Terrain (Transbaikalie),2024,en,10.3390/min14111158,155,13,4,"[section: 2. Geological Characteristics of the Deposits]
[page: 4]
hides. Gold concentrations in pyrite separated from the vein and ore disseminated from the vein reach up to 70 ppm and 15 ppm, respectively. Figure 3. Geological relationship of vein and disseminated ore types of the Yubileinoe deposit. The"
1,Timing of Ore Mineralisation in Deposits of the Baikal-Muya Belt and the Barguzin-Vitim Super-Terrain (Transbaikalie),2024,en,10.3390/min14111158,156,14,5,"[section: 2. Geological Characteristics of the Deposits]
[page: 5]
Figure 3. Geological relationship of vein and disseminated ore types of the Yubileinoe deposit. The 40Ar/39Ar age of pyrite-encapsulated sericite is shown (this study). Ore minerals, mainly pyrite, and less commonly chalcopyrite, galenite, sphalerite, fahlore (tetrahedrite), tellurides (altaite, pe tzite, hessite, melonite, etc.) and native gold make up to 3%. T wo generations of pyrite have been identi ﬁed. The ﬁrst generation of pyrite is restricted to the disseminated ore. It has rounded grains with a size of 0.05–0.07 mm, sometimes with formed grains close to oc tahedral. The second generation of pyrite has the euhedral, cubic or free forms with a typical grain size of 0.1–5 mm. It is found in both the disseminatedand vein-type ores (Figure 4a,b). Figure 4. Examples of pyrites of the ﬁrst (a) and second ( b) generation from di ﬀerent type ores of the Yubileinoe deposit. Gold in the veins occurs either in native form (0.01–3 mm in size) or as tellurides (petzite and calaverite) associated with sulphides. Gold concentrations in pyrite separated from the vein and ore disseminated from the vein reach up to 70 ppm and 15 ppm, respectively. Figure 4."
1,Timing of Ore Mineralisation in Deposits of the Baikal-Muya Belt and the Barguzin-Vitim Super-Terrain (Transbaikalie),2024,en,10.3390/min14111158,157,15,5,"[section: 2. Geological Characteristics of the Deposits]
[page: 5]
hides. Gold concentrations in pyrite separated from the vein and ore disseminated from the vein reach up to 70 ppm and 15 ppm, respectively. Figure 4. Examples of pyrites of the first (a) and second (b) generation from different type ores of the Yubileinoe deposit. fahlore (tetrahedrite), tellurides (altaite, petzite, hessite, melonite, etc.) and native gold make up to 3%. Two generations of pyrite have been identified. The first generation of pyrite is restricted to the disseminated ore. It has rounded grains with a size of 0.05–0.07 mm, sometimes with formed grains close to octahedral. The second generation of pyrite has the euhedral, cubic or free forms with a typical grain size of 0.1–5 mm. It is found in both the disseminatedand vein-type ores (Figure 4a,b). Gold in the veins occurs either in native form (0.01–3 mm in size) or as tellurides (petzite and calaverite) associated with sulphides. Gold concentrations in pyrite separated from the vein and ore disseminated from the vein reach up to 70 ppm and 15 ppm, respectively. The Uryakh deposit is located in the northern BMB on the border of the Baikal-Patom Belt (BPB) (see Figure 1)."
1,Timing of Ore Mineralisation in Deposits of the Baikal-Muya Belt and the Barguzin-Vitim Super-Terrain (Transbaikalie),2024,en,10.3390/min14111158,158,16,5,"[section: 2. Geological Characteristics of the Deposits]
[page: 5]
up to 70 ppm and 15 ppm, respectively. The Uryakh deposit is located in the northern BMB on the border of the Baikal-Patom Belt (BPB) (see Figure 1). Gold reserves are estimated at ~10 metric tonnes [17]. Its geological units include Neoproterozoic terrigenous-carbonate rocks, Neoproterozoic metagranitoids, metagabbro, metavolcanics and Upper Paleozoic mafic and felsic dikes. The host rocks are terrigenous carbonates, metagranitoids, metagabbro and metavolcanic rocks. The deposit is located in the zone of the regional Syulban fault (Figure 5). The amount of sulphide in the ores reaches up to 1%. Similar to the Yubileinoe deposit, the Uryakh deposit has two generations of pyrite: the first generation is restricted to veinlets and the second generation occurs in both ore types (Figures 6 and 7). Gold occurs in both ore types within either quartz or second-generation pyrite (Figure 8b,c). The vein type at the Uryakh deposit (Figures 6 and 7) is represented by quartz veins with a total length of up to 100 m and a thickness of up to 3 m. The disseminated ore type (Figures 6 and 7) is represented by beresites composed of sericite, ankerite, quartz and pyrite."
1,Timing of Ore Mineralisation in Deposits of the Baikal-Muya Belt and the Barguzin-Vitim Super-Terrain (Transbaikalie),2024,en,10.3390/min14111158,159,17,5,"[section: 2. Geological Characteristics of the Deposits]
[page: 5]
d a thickness of up to 3 m. The disseminated ore type (Figures 6 and 7) is represented by beresites composed of sericite, ankerite, quartz and pyrite. The veins cut the structure of the veinlets (Figure 6a,b). For sericite collected from the exocontact of the gold-quartz vein in terrigenouscarbonate rocks, the ages constrained by Rb-Sr and 40Ar/39Ar dating are 281 ± 5 Ma and 275 ± 6 Ma, respectively [18]. The sericite used for dating was collected from the contact zone with the vein and is therefore likely to represent the age of the vein formation. The Irokinda field is located in the South Muya BMB tectonic block (Figure 1). Gold reserves are estimated at ~24 metric tonnes [16]. The geological structure includes Neoproterozoic gneisses, amphibolites, metagabbro, granitoids and late Palaeozoic felsic and intermediate composition dikes. Neoproterozoic gneisses and granitoids host gold zones [19] (Figure 9). The ore-controlling structure is the Kelyansky Fault. Over one hundred gold-bearing quartz veins have been identified in the deposit. The veins range in length from 60 to400 m and in thickness from 0.4 to5.5 m. The sulphide content of the quartz veins does not exceed 1.5%."
1,Timing of Ore Mineralisation in Deposits of the Baikal-Muya Belt and the Barguzin-Vitim Super-Terrain (Transbaikalie),2024,en,10.3390/min14111158,160,18,5,"[section: 2. Geological Characteristics of the Deposits]
[page: 5]
e deposit. The veins range in length from 60 to400 m and in thickness from 0.4 to5.5 m. The sulphide content of the quartz veins does not exceed 1.5%. Pyrite (Figure 8d–f) in the quartz veins is dodecahedral and cubic, ranging in size from 0.3 to 3 mm, forming nest-vein clusters and disseminated. The disseminated type is represented by tectonised beresites and listvenites with quartz veins and disseminated sulphide mineralisation. Gold is common in vein-disseminatedand vein-type ores in quartz and pyrite. Gold is rarely found in fractures in pyrite of vein-type ores (Figure 8d,e)."
1,Timing of Ore Mineralisation in Deposits of the Baikal-Muya Belt and the Barguzin-Vitim Super-Terrain (Transbaikalie),2024,en,10.3390/min14111158,161,19,6,"[section: 2. Geological Characteristics of the Deposits]
[page: 6]
The Uryakh deposit is located in the northern BMB on the border of the Baikal-Patom Belt (BPB) (see Figure 1). Gold reserves are estimated at ~10 metric tonnes [17]. Its geological units include Neoproterozoic terrigenous-carbonate rocks, Neoproterozoic metagranitoids, metagabbro, metavolcanics and Upper Paleozoic ma ﬁc and felsic dikes. The host rocks are terrigenous carbonates, metagranitoids, metagabbro and metavolcanic rocks. The deposit is located in the zone of the regional Syulban fault (Figure 5). Figure 5. Geological map of the Uryakh deposit (this study). The amount of sulphide in the ores reache s up to 1%. Similar to the Yubileinoe deposit, the Uryakh deposit has two generations of pyrite: the ﬁrst generation is restricted to veinlets and the second generation occurs in both ore types (Figures 6 and 7). Gold occurs in both ore types within either quartz or second-generation pyrite (Figure 8b,c). The vein type at the Uryakh deposit (Figures 6 and 7) is represented by quartz veins with a total length of up to 100 m and a thickness of up to 3 m. The disseminated ore type (Figures 6 and 7) is represented by bere sites composed of sericite, ankerite, quar tz and pyrite."
1,Timing of Ore Mineralisation in Deposits of the Baikal-Muya Belt and the Barguzin-Vitim Super-Terrain (Transbaikalie),2024,en,10.3390/min14111158,162,20,6,"[section: 2. Geological Characteristics of the Deposits]
[page: 6]
a thickness of up to 3 m. The disseminated ore type (Figures 6 and 7) is represented by bere sites composed of sericite, ankerite, quar tz and pyrite. The veins cut the structure of the veinlets (Figure 6a,b). The age of the alteration zone is determined by K-Ar and Rb-Sr dating of sericite from metasomatic zones within the deposit: 271 ± 5 Ma and 275 ± 7 Ma, respectively [20]. The age of sericite from quartz veins determined by the 40Ar/39Ar method is 268 ± 5 Ma [21]. The Kedrovka field is located in the South Muya BMB tectonic block [20] (Figure 1). Gold reserves are estimated at ~28 metric tonnes [16]. The geological structure includes Neoproterozoic metasedimentary rocks, 800–750 Ma granodiorites [9,22], 735 Ma metagabbro [23], and Paleozoic dikes and massive granites. Metasediments, granites and gabbro of the Muya Complex host gold (Figure 10)."
1,Timing of Ore Mineralisation in Deposits of the Baikal-Muya Belt and the Barguzin-Vitim Super-Terrain (Transbaikalie),2024,en,10.3390/min14111158,163,21,7,"[section: 2. Geological Characteristics of the Deposits]
[page: 7]
Figure 6. Geological relationship of veins and disseminated ore types at the Uryakh deposit. ( а) photo of a trench; ( b) photo of a polished section. The 40Ar/39Ar age of pyrite-encapsulated sericite is shown [18]. Figure 7. Examples of pyrites of the second generation from di ﬀerent ore types of the Uryakh deposit. Figure 6. Geological relationship of veins and disseminated ore types at the Uryakh deposit. (a) photo of a trench; ( b) photo of a polished section. The 40Ar/39Ar age of pyrite-encapsulated sericite is shown [18]. Figure 6. Geological relationship of veins and disseminated ore types at the Uryakh deposit. ( а) photo of a trench; ( b) photo of a polished section. The 40Ar/39Ar age of pyrite-encapsulated sericite Figure 7. Examples of pyrites of the second generation from di ﬀerent ore types of the Uryakh deposit. Figure 7. Examples of pyrites of the second generation from different ore types of the Uryakh deposit."
1,Timing of Ore Mineralisation in Deposits of the Baikal-Muya Belt and the Barguzin-Vitim Super-Terrain (Transbaikalie),2024,en,10.3390/min14111158,164,22,8,"[section: 2. Geological Characteristics of the Deposits]
[page: 8]
Figure 8. Representative backscattered electron images fo r deposits Yubileinoe ( a), Uryakh ( b,c), Irokinda (d–f) and Ozernoe (g,h). Figure 8. Representative backscattered electron images for deposits Yubileinoe ( a), Uryakh (b,c),"
1,Timing of Ore Mineralisation in Deposits of the Baikal-Muya Belt and the Barguzin-Vitim Super-Terrain (Transbaikalie),2024,en,10.3390/min14111158,165,23,9,"[section: 2. Geological Characteristics of the Deposits]
[page: 9]
For sericite collected from the exocontact of the gold-quar tz vein in terrigenous-carbonate rocks, the ages constrained by Rb-Sr and 40Ar/39Ar dating are 281 ± 5 Ma and 275 ± 6 Ma, respectively [18]. The sericite used fo r dating was collected from the contact zone with the vein and is therefore likely to represent the age of the vein formation. The Irokinda ﬁeld is located in the South Muya BMB tectonic block (Figure 1). Gold reserves are estimated at ~24 metric tonnes [16]. The geological structure includes Neoproterozoic gneisses, amphibolites, metagabbro, granitoids and late Palaeozoic felsic and intermediate composition dikes. Neoproterozoic gneisses and granitoids host gold zones [19] (Figure 9). Figure 9. Geological map of the Irokinda deposit (modiﬁed after [19]). The ore-controlling structure is the Kelyansky Fault. Over one hundred gold-bearing quartz veins have been identiﬁed in the deposit. The veins range in length from 60 to 400 m and in thickness from 0.4 to 5.5 m. The sulphide content of the quar tz veins does not exceed 1.5%."
1,Timing of Ore Mineralisation in Deposits of the Baikal-Muya Belt and the Barguzin-Vitim Super-Terrain (Transbaikalie),2024,en,10.3390/min14111158,166,24,9,"[section: 2. Geological Characteristics of the Deposits]
[page: 9]
eposit. The veins range in length from 60 to 400 m and in thickness from 0.4 to 5.5 m. The sulphide content of the quar tz veins does not exceed 1.5%. Pyrite (Figure 8d–f) in the quar tz veins is dodecahedral and cubic, ranging in size from 0.3 to 3 mm, forming nest-vein clusters and disseminated. The disseminated type is represented by tectonised beresites and listvenites with quartz veins and disseminated sulphide mineralisation. Gold is common in vein-disseminated and vein-type ores in quartz and pyrite. Gold is rarely found in fractures in pyrite of vein-type ores (Figure 8d,e). The age of the alteration zone is determined by K-Ar and Rb-Sr dating of sericite from metasomatic zones within the deposit: 271 ± 5 Ma and 275 ± 7 Ma, respectively [20]. The age of sericite from quartz veins determined by the 40Ar/39Ar method is 268 ± 5 Ma [21]. Figure 9. Geological map of the Irokinda deposit (modified after [19]). The ore-controlling structure is the Tuldun Fault. Ore zones are represented by quartzpyrite association with scheelite and gold-polysulphide (gold-sphalerite-galenite) association. Sheelite is common in the vein quartz."
1,Timing of Ore Mineralisation in Deposits of the Baikal-Muya Belt and the Barguzin-Vitim Super-Terrain (Transbaikalie),2024,en,10.3390/min14111158,167,25,9,"[section: 2. Geological Characteristics of the Deposits]
[page: 9]
sented by quartzpyrite association with scheelite and gold-polysulphide (gold-sphalerite-galenite) association. Sheelite is common in the vein quartz. In the work of [ 24], near-metasomatites and sericitolite in vein quartz were analysed by the Rb-Sr method, which most likely gave the age of the quartz veins. In [ 20], a bulk sample of the ore zone was analysed without separation of the vein type and the disseminated vein type. The Mukodek ore field is described in [4,25]. Gold reserves are estimated at ~20 metric tonnes [16]. It is hosted within island arc formations—volcanogenic-sedimentary sequence and metagabbroids that are intruded by 600 Ma plagiogranites (unpublished author’s data). The ore-controlling structure is a fault (Figure 11). In the ore field, alteration zones are represented by disseminatedand vein-type ores. Both disseminated and vein types are of practical importance. The disseminated ores are sericite—chlorite—ankerite— albite—quartz. The vein-type ores are represented by quartz-carbonate veins. The veindisseminated ores are folded in the right-lateral folds."
1,Timing of Ore Mineralisation in Deposits of the Baikal-Muya Belt and the Barguzin-Vitim Super-Terrain (Transbaikalie),2024,en,10.3390/min14111158,168,26,9,"[section: 2. Geological Characteristics of the Deposits]
[page: 9]
nkerite— albite—quartz. The vein-type ores are represented by quartz-carbonate veins. The veindisseminated ores are folded in the right-lateral folds. The position of the vein-type ore relative to the vein-disseminated ore is inclined at an angle close to the angle of the fold axis (Figure 12)."
1,Timing of Ore Mineralisation in Deposits of the Baikal-Muya Belt and the Barguzin-Vitim Super-Terrain (Transbaikalie),2024,en,10.3390/min14111158,169,27,10,"[section: 2. Geological Characteristics of the Deposits]
[page: 10]
The Kedrovka ﬁeld is located in the South Muya BMB tectonic block [20] (Figure 1). Gold reserves are estimated at ~28 metric to nnes [16]. The geological structure includes Neoproterozoic metasedimentary rocks, 800–750 Ma granodiorites [9,22], 735 Ma metagabbro [23], and Paleozoic dikes and massive granites. Metasediments, granites and gabbro of the Muya Complex host gold (Figure 10). Figure 10. Geological map of the Kedrovskoe deposit (modiﬁed after [22]). The ore-controlling structure is the Tuld un Fault. Ore zones are represented by quartz-pyrite association with scheelite and gold-polysulphide (gold-sphalerite-galenite) association. Sheelite is common in the vein quartz. In the work of [24], near-metasomatites and sericitolite in vein quartz were analysed by the Rb-Sr method, which most likely gave the age of the quar tz veins. In [20], a bulk sample of the ore zone was analysed without separation of the vein type and the disseminated vein type. The Mukodek ore ﬁeld is described in [4,25]. Gold reserves are estimated at ~20 metric tonnes [16]."
1,Timing of Ore Mineralisation in Deposits of the Baikal-Muya Belt and the Barguzin-Vitim Super-Terrain (Transbaikalie),2024,en,10.3390/min14111158,170,28,10,"[section: 2. Geological Characteristics of the Deposits]
[page: 10]
n of the vein type and the disseminated vein type. The Mukodek ore ﬁeld is described in [4,25]. Gold reserves are estimated at ~20 metric tonnes [16]. It is hosted within island arc formations—volcanogenic-sedimentary sequence and metagabbroids that are intruded by 600 Ma plagiogranites (unpublished author’s data). The ore-controlling structure is a fault (Figure 11). In the ore ﬁeld, alteration zones are represented by disseminatedand vein-type ores. Both disseminated and vein types are of practical importance. The disseminated ores are sericite—chlorite—ankerite—albite—quar tz. The vein-type ores are represented by quar tz-carbonate veins. The vein-disseminated ores are folded in the right-lateral folds. The position of the vein-type ore relative to the vein-disseminated ore is in clined at an angle close to the angle of the fold axis (Figure 12). Figure 10. Geological map of the Kedrovskoe deposit (modified after [22]). The alteration zone contains two generations of pyrite. Pyrite-1 is widespread in the vein-disseminated ore. Pyrite-2 is found in the vein type of ore. Pyrites-1 are <1 mm in size, while those from the veins are up to a few cm in size."
1,Timing of Ore Mineralisation in Deposits of the Baikal-Muya Belt and the Barguzin-Vitim Super-Terrain (Transbaikalie),2024,en,10.3390/min14111158,171,29,10,"[section: 2. Geological Characteristics of the Deposits]
[page: 10]
vein-disseminated ore. Pyrite-2 is found in the vein type of ore. Pyrites-1 are <1 mm in size, while those from the veins are up to a few cm in size. 40Ar/39Ar ages of 321 ± 2 Ma and 284 ± 15 Ma were obtained for pyrite-1 and pyrite-2, respectively [4]. The Ozernoye Pb-Zn deposit is hosted in Early Cambrian sedimentary volcanic rocks [ 26]. The Pb-Zn reserves are estimated at 165 million metric tonnes [ 27]. The alteration zone is controlled by an asymmetric synclinal fold and north-east trending faults (Figure 13). The alteration zone of the deposit is represented by the disseminated type. The genesis of the deposit is controversial, either volcanogenic-sedimentary [28] or hydrothermal-metasomatic [29]."
1,Timing of Ore Mineralisation in Deposits of the Baikal-Muya Belt and the Barguzin-Vitim Super-Terrain (Transbaikalie),2024,en,10.3390/min14111158,172,30,11,"[section: 2. Geological Characteristics of the Deposits]
[page: 11]
The alteration zone contains two generations of pyrite. Pyrite-1 is widespread in the vein-disseminated ore. Pyrite-2 is found in th e vein type of ore. Pyrites-1 are <1 mm in size, while those from the veins are up to a few cm in size. 40Ar/39Ar ages of 321 ± 2 Ma and 284 ± 15 Ma were obtained for pyrite-1 and pyrite-2, respectively [4]. The Ozernoye Pb-Zn deposit is hosted in Early Cambrian sedimentary volcanic rocks [26]. The Pb-Zn reserves are estimated at 165 million metric tonnes [27]. The alteration zone is controlled by an asymmetric synclinal fold and north-east trending faults (Figure 13). The alteration zone of the deposit is represented by the disseminated type. The genesis of the deposit is controversial, either volcanogenic-sedimentary [28] or hydrothermalmetasomatic [29]. Figure 11. Geological map of the Mukodek oreﬁeld (after [25]). Ore mineralisation is represented by two types of formation: sulphide lead-zinc and siderite ores. The main ore minerals are pyrite, sphalerite and siderite and the minor minerals are galena and magnetite. Accessory mine rals are native silver, native gold, pyrite, marcasite, etc."
1,Timing of Ore Mineralisation in Deposits of the Baikal-Muya Belt and the Barguzin-Vitim Super-Terrain (Transbaikalie),2024,en,10.3390/min14111158,173,31,11,"[section: 2. Geological Characteristics of the Deposits]
[page: 11]
, sphalerite and siderite and the minor minerals are galena and magnetite. Accessory mine rals are native silver, native gold, pyrite, marcasite, etc. Two main paragenetic associations are known in the deposit: galena-sphalerite-pyrite and siderite [30]. Two generations of pyrite have been identi ﬁed. Pyrite-1 is represented by collomorphic aggregates 0.01–1 mm in size. This pyrite contains sphalerite and galena (Figure 8g,h). Pyrite-2 is represented by angular and cubic forms of various Figure 11. Geological map of the Mukodek orefield (after [25]). siderite ores. The main ore minerals are pyrite, sphalerite and siderite and the minor minerals are galena and magnetite. Accessory minerals are native silver, native gold, pyrite, marcasite, etc. Two main paragenetic associations are known in the deposit: galenasphalerite-pyrite and siderite [30]. Two generations of pyrite have been identified. Pyrite-1 is represented by collomorphic aggregates 0.01–1 mm in size. This pyrite contains sphalerite sizes and has inclusions of gold and silver."
1,Timing of Ore Mineralisation in Deposits of the Baikal-Muya Belt and the Barguzin-Vitim Super-Terrain (Transbaikalie),2024,en,10.3390/min14111158,174,32,11,"[section: 2. Geological Characteristics of the Deposits]
[page: 11]
ed. Pyrite-1 is represented by collomorphic aggregates 0.01–1 mm in size. This pyrite contains sphalerite sizes and has inclusions of gold and silver. Although these metals are not in economic quantities, the study of the Ozernoye deposit adds to the understanding of the genesis of gold deposits in Transbaikalia."
1,Timing of Ore Mineralisation in Deposits of the Baikal-Muya Belt and the Barguzin-Vitim Super-Terrain (Transbaikalie),2024,en,10.3390/min14111158,175,33,12,"[section: 2. Geological Characteristics of the Deposits]
[page: 12]
sizes and has inclusions of gold and silver. Although these metals are not in economic quantities, the study of the Ozernoye deposit adds to the understanding of the genesis of gold deposits in Transbaikalia. Figure 12. Geological relationship of veins and disseminated ore types at the Mukodek ore-ﬁeld. Figure 13. Geological map of the Ozernoe deposit (modiﬁed after [26])."
1,Timing of Ore Mineralisation in Deposits of the Baikal-Muya Belt and the Barguzin-Vitim Super-Terrain (Transbaikalie),2024,en,10.3390/min14111158,176,34,12,"[section: 3. Methods]
[page: 12]
3. Methods Based on the study of the geological structure, pyrite samples were collected from quartz veins at the Yubileinoe, Uryakh and Irokinda deposits for 40Ar/39Ar dating. At the Ozernoe deposit, pyrite-1 was collected, which is common in sulphide polymetallic ores of the disseminated type. The samples examined, therefore, represent a particular stage in the formation of the deposit. Pyrite-1 from some deposits did not contain signi ﬁcant Figure 12. Geological relationship of veins and disseminated ore types at the Mukodek ore-field. Figure 12. Geological relationship of veins and disseminated ore types at the Mukodek ore-ﬁeld. of the disseminated type. The samples examined, therefore, represent a particular stage in Figure 13. Geological map of the Ozernoe deposit (modified after [26])."
1,Timing of Ore Mineralisation in Deposits of the Baikal-Muya Belt and the Barguzin-Vitim Super-Terrain (Transbaikalie),2024,en,10.3390/min14111158,177,35,13,"[section: 3. Methods]
[page: 13]
3. Methods Based on the study of the geological structure, pyrite samples were collected from quartz veins at the Yubileinoe, Uryakh and Irokinda deposits for 40Ar/39Ar dating. At the Ozernoe deposit, pyrite-1 was collected, which is common in sulphide polymetallic ores of the disseminated type. The samples examined, therefore, represent a particular stage in the formation of the deposit. Pyrite-1 from some deposits did not contain significant amounts of sericite inclusions and did not give an analytical signal for 40Ar. These are not discussed in the paper. Pyrite grains of each generation were mounted in epoxy, polished, coated with carbon and analysed using an LEO electron microscope with an INCA Energy 300 energy dispersive spectrometer at the Institute of Geology, Siberian Branch, Russian Academy of Sciences, Ulan-Ude, Russia. The analysed pyrites contain inclusions of sericite and gold (Figure 8). The 40Ar/39Ar dating procedure has been described in detail by [4]. Briefly, the dating was carried out at the Centre for Geodynamics and Geochronology of the Institute of the Earth’s Crust, Siberian Branch of the Russian Academy of Sciences (Irkutsk, Russia)."
1,Timing of Ore Mineralisation in Deposits of the Baikal-Muya Belt and the Barguzin-Vitim Super-Terrain (Transbaikalie),2024,en,10.3390/min14111158,178,36,13,"[section: 3. Methods]
[page: 13]
Centre for Geodynamics and Geochronology of the Institute of the Earth’s Crust, Siberian Branch of the Russian Academy of Sciences (Irkutsk, Russia). The instrument used was an ARGUS VI noble gas mass spectrometer (Thermo Fisher Scientific, Waltham, MA, USA) equipped with a double vacuum resistance furnace and an SAES gas purification system. Argon was released using the stepwise heating procedure in 8–10 steps, depending on the amount of radiogenic argon in the dated pyrite samples. Ages were calculated using conventional decay constants [ 31] relative to an age of 18.885 Ma for the BERN 4M standard. Stepwise heating plots were plotted using Isoplot macros for Excel [32] and redrawn for aesthetic purposes (Figure 14). The original data in Excel format are provided in a supplementary file. Figure 14. 40Ar/39Ar stepwise-heating diagrams: ( a) Yubileinoe deposit; ( b) Uryakh deposit; ( c) Irokinda deposit; (d) Ozernoe deposit. Plateau segments used for the age calculation are shaded."
1,Timing of Ore Mineralisation in Deposits of the Baikal-Muya Belt and the Barguzin-Vitim Super-Terrain (Transbaikalie),2024,en,10.3390/min14111158,179,37,13,"[section: 4. Results]
[page: 13]
4. Results Each of the four dated samples yielded a number of steps within their analytical uncertainties (plateau), with more than 50% of the released 39Ar (Figure 14a–d). Following our previous study [4], we interpret such plateaus as ages of pyrite-encapsulated sericite crystallisation. A summary of the results is given in Table 1 and Figure 14. Namely, sample Yb-47 (Yubileinoe deposit)—7 out of 9 steps give an age of 265 ± 33 Ma (MSWD = 0.31, probability of ﬁt 0.93); sample Y-520 (Uryakh deposit)—7 out of 10 steps give an age of 284 ± 1.1 Ma (MSWD 0.025, probability of ﬁt 0. 995); sample Ir-21 (Irokinda deposit)—6 out of 9 steps give an age of 276 ± 13 Ma (MSWD = 0.28, probability of ﬁt 0.97); and sample Oz-5 (Ozernoe deposit)—4 of 8 steps yield an age of 329 ± 19 Ma (MSWD = 1.7, probability Figure 14. Cont."
1,Timing of Ore Mineralisation in Deposits of the Baikal-Muya Belt and the Barguzin-Vitim Super-Terrain (Transbaikalie),2024,en,10.3390/min14111158,180,38,14,"[section: 4. Results]
[page: 14]
Figure 14. 40Ar/39Ar stepwise-heating diagrams: ( a) Yubileinoe deposit; ( b) Uryakh deposit; ( c) Irokinda deposit; (d) Ozernoe deposit. Plateau segments used for the age calculation are shaded."
1,Timing of Ore Mineralisation in Deposits of the Baikal-Muya Belt and the Barguzin-Vitim Super-Terrain (Transbaikalie),2024,en,10.3390/min14111158,181,39,14,"[section: 4. Results]
[page: 14]
4. Results Each of the four dated samples yielded a number of steps within their analytical uncertainties (plateau), with more than 50% of the released 39Ar (Figure 14a–d). Following our previous study [4], we interpret such plateaus as ages of pyrite-encapsulated sericite crystallisation. A summary of the results is given in Table 1 and Figure 14. Namely, sample Yb-47 (Yubileinoe deposit)—7 out of 9 steps give an age of 265 ± 33 Ma (MSWD = 0.31, probability of ﬁt 0.93); sample Y-520 (Uryakh deposit)—7 out of 10 steps give an age of 284 ± 1.1 Ma (MSWD 0.025, probability of ﬁt 0. 995); sample Ir-21 (Irokinda deposit)—6 out of 9 steps give an age of 276 ± 13 Ma (MSWD = 0.28, probability of ﬁt 0.97); and sample Oz-5 (Ozernoe deposit)—4 of 8 steps yield an age of 329 ± 19 Ma (MSWD = 1.7, probability Figure 14. 40Ar/39Ar stepwise-heating diagrams: ( a) Yubileinoe deposit; ( b) Uryakh deposit; (c) Irokinda deposit; (d) Ozernoe deposit. Plateau segments used for the age calculation are shaded. Each of the four dated samples yielded a number of steps within their analytical uncertainties (plateau), with more than 50% of the released 39Ar (Figure 14a–d)."
1,Timing of Ore Mineralisation in Deposits of the Baikal-Muya Belt and the Barguzin-Vitim Super-Terrain (Transbaikalie),2024,en,10.3390/min14111158,182,40,14,"[section: 4. Results]
[page: 14]
four dated samples yielded a number of steps within their analytical uncertainties (plateau), with more than 50% of the released 39Ar (Figure 14a–d). Following our previous study [4], we interpret such plateaus as ages of pyrite-encapsulated sericite crystallisation. A summary of the results is given in Table 1 and Figure 14. Namely, sample probability of fit 0.93); sample Y-520 (Uryakh deposit)—7 out of 10 steps give an age of 284 ± 1.1 Ma (MSWD 0.025, probability of fit 0. 995); sample Ir-21 (Irokinda deposit)—6 out of 9 steps give an age of 276 ± 13 Ma (MSWD = 0.28, probability of fit 0.97); and sample of fit 0.16). This last sample is characterised by an MSWD greater than one and a low probability of fit, so this age is only a preliminary estimate. The other three samples, from three different deposits, give ages within the analytical uncertainties. Table 1. Characteristics of the Transbaikalian deposits."
1,Timing of Ore Mineralisation in Deposits of the Baikal-Muya Belt and the Barguzin-Vitim Super-Terrain (Transbaikalie),2024,en,10.3390/min14111158,183,41,14,"[section: 4. Results]
[page: 14]
three samples, from three different deposits, give ages within the analytical uncertainties. Table 1. Characteristics of the Transbaikalian deposits. Deposits, Tonnage Neoproterozoic Host Rocks Mineral Assemblages Type Ore Mineralisation Age, Ma Method Reference Yubileinoe, 25 tonn Metavolcanic Quartz vein (quartz, carbonate/pyrite, galena, sphalerite, chalcopyrite, goldsilver tellurides, native gold) Au Vein-type 265 ± 33 40Ar/39Ar (This study) Uryakh, 10 tonnes Terrigenous carbonate Granitoids Gabbro Quartz vein and sulfide disseminated mineralization (quartz, chalcopyrite, fahlores, scheelite, goldsilver tellurides, native gold) Au Vein-type 275 ± 6 281 ± 5 284 ± 1 40Ar/39Ar Rb-Sr [18] (This study)"
1,Timing of Ore Mineralisation in Deposits of the Baikal-Muya Belt and the Barguzin-Vitim Super-Terrain (Transbaikalie),2024,en,10.3390/min14111158,184,42,15,"[section: 4. Results]
[page: 15]
Table 1. Cont. Deposits, Tonnage Neoproterozoic Host Rocks Mineral Assemblages Type Ore Mineralisation Age, Ma Method Reference Irokinda, 24 tonnes Gneisses Granitoids Quartz vein (quartz, carbonate/pyrite, galena, sphalerite, chalcopyrite, fahlores, scheelite, native gold) Au Vein-type 271 ± 5 275 ± 7 268 ± 5 276 ± 13 K-Ar Rb-Sr 40Ar/39Ar [20] [21] (This study) Ozernoe, 165 M tonnes Metavolcanic sulphide lead-zinc and siderite ores (galena-sphalerite-pyrite) Au-Pb-Zn Disseminatedtype 329 ± 19 40Ar/39Ar (This study) Mukodek ore field, 20 tonnes Metavolcanic Plagiogranits Quartz vein and sulfide disseminated mineralization quartz/pyrite, galena, sphalerite, halcopyrite, goldsilver tellurides, native gold) Disseminatedtype 321 ± 2 284 ± 15 [4] Kedrovskoe, 28 tonnes Metasedimentary rocks, Gabbroids, Granidoids pyrrhotite, chalcopyrite, fahlores, scheelite, native gold) Au Vein-type 273 ± 4 282 ± 5 [24]"
1,Timing of Ore Mineralisation in Deposits of the Baikal-Muya Belt and the Barguzin-Vitim Super-Terrain (Transbaikalie),2024,en,10.3390/min14111158,185,43,15,"[section: 5. Discussion]
[page: 15]
5. Discussion Previously, K-Ar dating of deposits on the southern periphery of the Siberian Craton suggested late Palaeozoic mineralisation [ 20]. The 40Ar/39Ar age of the metasomatic rock sericite from the Uryakh deposit is 275 ± 6 Ma, and from the Irokinda deposit is 268 ± 5 Ma [18,21]. Our studies carried out at the Transbaikalia deposits allowed us to determine that the quartz vein type of ores intersect the structural pattern (schistosity) of the disseminated ores (Figures 3, 6 and 12). This fact indicates that the formation of alteration zones (Au and Pb-Zn ores) in the Transbaikalia are took place in at least two main tectonic stages. The first stage is associated with the formation of ore-controlling faults and alteration of the host rocks. The first stage produced disseminated ore types. These ore types have acquired a structural pattern (schistosity) inherited from the ore-controlling faults. As the faults continued to “work”, the disseminated ores were deformed into various asymmetric folds (Figures 3 and 12). The first stage is associated with the formation of ore-controlling faults and alteration of the host rocks, resulting in the formation of the disseminated ores."
1,Timing of Ore Mineralisation in Deposits of the Baikal-Muya Belt and the Barguzin-Vitim Super-Terrain (Transbaikalie),2024,en,10.3390/min14111158,186,44,15,"[section: 5. Discussion]
[page: 15]
tage is associated with the formation of ore-controlling faults and alteration of the host rocks, resulting in the formation of the disseminated ores. In the second stage, the ore-controlling faults were reactivated, resulting in the formation of new quartz-filled fractures that formed a quartz vein type of ore. In certain areas of the deposit, these new quartz-filled fractures either intersected or conformed to the schistosity of the veined ore. In areas where the quartz-filled fractures have adapted to the structural pattern of the disseminated ores, a false impression is created that the quartz vein and disseminated ores formed during the same tectonic stage. The 40Ar/39Ar ages obtained for pyrites from the disseminated ores of the Ozernoe and Mukodek deposits are 329 ± 19 Ma and 321 ± 2 Ma, respectively. These, in our opinion, reflect the age of the first stage of tectonic activation (including the formation of ore-controlling faults) and the formation of Au and Pb-Zn (Ozernoe) vein-disseminated and disseminated ores."
1,Timing of Ore Mineralisation in Deposits of the Baikal-Muya Belt and the Barguzin-Vitim Super-Terrain (Transbaikalie),2024,en,10.3390/min14111158,187,45,15,"[section: 5. Discussion]
[page: 15]
ic activation (including the formation of ore-controlling faults) and the formation of Au and Pb-Zn (Ozernoe) vein-disseminated and disseminated ores. 40Ar/39Ar ages of 265 ± 33 Ma, 287 ± 7 Ma, 276 ± 13 Ma and 284 ± 15 Ma were obtained for pyrites sampled from quartz veins of the Yubileinoe, Uryakh and Irokinda deposits and the Mukodek ore field. These data probably reflect the second stage of tectonic activation of ore-controlling faults and formation of vein-type ores. The processes responsible for gold formation continued for some time after the formation of the secondstage sulphide mineralisation, as evidenced by the occurrence of gold in the fractures of late pyrites from quartz veins (Figure 8f). The time interval between the two main stages of the alteration zone in the Transbaikalia area was approximately up to 40 million years. We therefore propose as a working hypothesis that there were at least two stages in the formation of gold mineralisation at Transbaikalia, irrespective of the composition of the host rock and terrain attribution (Figure 1)."
1,Timing of Ore Mineralisation in Deposits of the Baikal-Muya Belt and the Barguzin-Vitim Super-Terrain (Transbaikalie),2024,en,10.3390/min14111158,188,46,15,"[section: 5. Discussion]
[page: 15]
stages in the formation of gold mineralisation at Transbaikalia, irrespective of the composition of the host rock and terrain attribution (Figure 1). The two stages are apparent from geological data and are supported by 40Ar/39Ar dating at the Mukodek ore field [4] and the Ozernoe deposit (this study), where in the first stage (~330–320 Ma) rocks in zones of"
1,Timing of Ore Mineralisation in Deposits of the Baikal-Muya Belt and the Barguzin-Vitim Super-Terrain (Transbaikalie),2024,en,10.3390/min14111158,189,47,16,"[section: 5. Discussion]
[page: 16]
ore-controlling faults were locally subjected to metasomatic alteration. Disseminated gold mineralisation occurred in such zones. Later, the early metasomatic rocks were subjected to plastic deformation and medium-scale folds were formed. Gold-bearing quartz veins and quartz-carbonate veins were formed during the second stage (~270–290 Ma). It should be noted that younger (second stage) 40Ar/39Ar ages are only obtained on pyrite associated with vein-type ores (Table 1). The 40Ar/39Ar ages constrained for the ore deposits in our study correlate well with the period of geodynamic processes that caused the formation of the granitoids of the Angara-Vitim batholith with a size of ~200,000 km2 (330–275 Ma) [5–8]. It should be noted that the Angara-Vitim batholith is a historical name and does not refer to granite emplacement in a single episode. In the interval of 330–310 Ma calcalkaline granites were emplaced, then between 305 and 285 Ma, in addition to calcalkaline, transitional to alkaline granitoids were emplaced, and finally at ~280–275 Ma, peralkaline and alkali feldspar syenites and granites were emplaced [ 7]."
1,Timing of Ore Mineralisation in Deposits of the Baikal-Muya Belt and the Barguzin-Vitim Super-Terrain (Transbaikalie),2024,en,10.3390/min14111158,190,48,16,"[section: 5. Discussion]
[page: 16]
ansitional to alkaline granitoids were emplaced, and finally at ~280–275 Ma, peralkaline and alkali feldspar syenites and granites were emplaced [ 7]. The batholith is thus composed of numerous separate intrusions emplaced over a long period of time with evolving chemical compositions. Each of these intrusions created its own hydrothermal system. The processes associated with the formation of granitoids provided a source of heat and possibly fluids for the mineral genesis system. Probably alkaline magmas provided more reactive fluids leading to a more productive stage of vein-type mineralisation. However, the source of gold was within the host rocks [26], as demonstrated by Pb isotopic studies of ores from the Mukodek ore field [33]. Carbonates are only significant in one deposit—Uryakh, which has the lowest gold resources (Table 1). The presence of interbedded terrigenous (gold-bearing) and carbonate (gold-free) rocks is probably the reason for the low tonnage. It is also clear that the age of gold and polymetallic deposits shifts from older to younger as one moves outwards from the Siberian Craton (Figure 1)."
1,Timing of Ore Mineralisation in Deposits of the Baikal-Muya Belt and the Barguzin-Vitim Super-Terrain (Transbaikalie),2024,en,10.3390/min14111158,191,49,16,"[section: 6. Conclusions]
[page: 16]
6. Conclusions In this paper we have studied four deposits located in different terrains in the distribution area of the Early Carboniferous–Early Permian Angara-Vitim batholith. Within some of the deposits, two tectonic stages are identified, characterised by firstand second-generation pyrite. 40Ar/39Ar dating of pyrite-encapsulated sericite indicates that first-generation pyrite crystallized in the Early Carboniferous, whereas second-generation pyrite crystallized in the Early Permian. Thus, the formation of the deposits is temporally related to the emplacement of the Angara-Vitim batholith, which probably provided the heat to remobilise the ore metals. Gold deposits to the north and south of the batholith are generally older and younger, respectively, and were formed by different geological processes."
26,ПРОСТРАНСТВЕННО-ВРЕМЕННЫЕ ОТНОШЕНИЯ СРЕДНЕПАЛЕОЗОЙСКИХ БАЗИТОВ И АЛМАЗОНОСНЫХ КИМБЕРЛИТОВ НА СЕВЕРО-ЗАПАДНОМ ПЛЕЧЕ ВИЛЮЙСКОГО РИФТА ( СИБИРСКИЙ КРАТОН),2014,ru,,3153,0,1,"[section: Metadata]
[page: 1]
185 УДК 551.248+552.323.6 ПРОСТР АНСТВЕННО-ВРЕМЕННЫЕ ОТНОШЕНИЯ СРЕДНЕПАЛЕОЗОЙСКИХ БАЗИТОВ И АЛМАЗОНОСНЫХ КИМБЕР ЛИТОВ НА СЕВЕРО-ЗАПАДНОМ ПЛЕЧЕ ВИЛЮЙСКОГО РИФТА (Сибирский кратон) А.И. Киселев, В.В. Ярмолюк*, А.В. Иванов, К.Н. Егоров Институт земной коры СО РАН, 664033, Иркутск, ул.

Лермонтова, 128, Россия * Институт геологии рудных месторождений, петрографии, минералогии и геохимии РАН, 190017, Москва, Старомонетный пер., 35, Россия Среднепалеозойское тектонотермальное событие на востоке Сибирского кратона наиболее полно реализовалось в области Вилюйского рифта в виде системы рифтовых впадин с их осадочно-вулканогенным наполнением (D2–3-C1) и протяженных дайковых поясов базитов на плечах рифта. Преобладающая часть базальтов сосредоточена в верхнедевонских отложениях. Их объем резко сокращается в нижнекарбоновых отложениях.

В пределах Вилюйско-Мархинского дайкового роя (ВМР), обрамляющего рифт с северо-запада, наряду с дайками долеритов присутствуют Мирнинское и Накынское поля алмазонос - ных кимберлитов. Массовые внедрения базитов в форме даек и силлов предшествовали становлению кимберлитовых тел. В Мирнинском поле кимберлиты тр. Мир прорывают силл и дайку долеритов, а в Накынском поле, наоборот, кимберлиты тр. Нюрбинская интрудированы сложной дайкой долери - тов — монцонит-порфиров. Таким образом, в данном случае кимберлиты оказываются внутри более длительного временного периода среднепалеозойского базальтового магматизма."
26,ПРОСТРАНСТВЕННО-ВРЕМЕННЫЕ ОТНОШЕНИЯ СРЕДНЕПАЛЕОЗОЙСКИХ БАЗИТОВ И АЛМАЗОНОСНЫХ КИМБЕРЛИТОВ НА СЕВЕРО-ЗАПАДНОМ ПЛЕЧЕ ВИЛЮЙСКОГО РИФТА ( СИБИРСКИЙ КРАТОН),2014,ru,,3154,1,1,"[section: Metadata]
[page: 1]
В отличие от базаль - тов, находящихся в фаунистически охарактеризованных среднепалеозойских отложениях, абсолютный возраст долеритов ВМР остается неопределенным. В статье рассматриваются вероятные причины про - странственно-временных отношений базитов и кимберлитов с позиций девонского плюм-литосферного взаимодействия, вариации их возраста, а также приводятся оригинальные данные 40Ar/39Ar определения возраста долерит-монцонит-порфировой дайки, прорывающей кимберлиты тр. Нюрбинская. Кимберлиты, базиты, дайковый рой, девонский плюм, 40Ar/39Ar, Сибирский кратон, Вилюйский рифт."
26,ПРОСТРАНСТВЕННО-ВРЕМЕННЫЕ ОТНОШЕНИЯ СРЕДНЕПАЛЕОЗОЙСКИХ БАЗИТОВ И АЛМАЗОНОСНЫХ КИМБЕРЛИТОВ НА СЕВЕРО-ЗАПАДНОМ ПЛЕЧЕ ВИЛЮЙСКОГО РИФТА ( СИБИРСКИЙ КРАТОН),2014,ru,,3155,2,1,"[section: Metadata]
[page: 1]
MIDDLE PALEOZOIC BASALTIC AND KIMBERLITIC MAGMATISM IN THE NORTHWESTERN SHOULDER OF THE VILYUI RIFT, SIBERIA: RELATIONS IN SPACE AND TIME A.I. Kiselev, V.V. Yarmolyuk, A.V. Ivanov, and K.N. Egorov A Middle Paleozoic tectonothermal event in the eastern Siberian craton was especially active in the area of the Vilyui rift, where it produced a system of rift basins filled with Devonian–Early Carboniferous volcanics and sediments, as well as long swarms of mafic dikes on the rift shoulders. Basalts occur mostly among Middle Devonian sediments and are much less spread in Early Carboniferous formations."
26,ПРОСТРАНСТВЕННО-ВРЕМЕННЫЕ ОТНОШЕНИЯ СРЕДНЕПАЛЕОЗОЙСКИХ БАЗИТОВ И АЛМАЗОНОСНЫХ КИМБЕРЛИТОВ НА СЕВЕРО-ЗАПАДНОМ ПЛЕЧЕ ВИЛЮЙСКОГО РИФТА ( СИБИРСКИЙ КРАТОН),2014,ru,,3156,3,1,"[section: Metadata]
[page: 1]
The dolerite dikes of the Vilyui– Markha swarm in the northwestern rift border coexist with the Mirnyi and Nakyn fields of diamond-bearing kimberlites. The voluminous dikes and sills intruded before the emplacement of kimberlites. The Mir kimberlite crosscuts a dolerite sill and a dike in the Mirnyi field, while a complex dolerite dike (monzonite porphyry) cuts through the Nyurba kimberlite in the Nakyn field. Thus, the kimberlites correspond to a longer span of Middle Paleozoic basaltic magmatism. The basalts in Middle Paleozoic sediments have faunal age constraints, but the age of dolerite dikes remains uncertain.

The monzonite porphyry dike in the Nyurba kimberlite has been dated by the 40Ar/39Ar method, and the obtained age must be the upper bound of the dike emplacement. The space and time relations between basaltic and kimberlitic magmatism were controlled by Devonian plume–lithosphere interaction. Kimberlite basalt, dike swarm, Devonian plume, 40Ar/39Ar ages, Siberian craton, Vilyui rift"
26,ПРОСТРАНСТВЕННО-ВРЕМЕННЫЕ ОТНОШЕНИЯ СРЕДНЕПАЛЕОЗОЙСКИХ БАЗИТОВ И АЛМАЗОНОСНЫХ КИМБЕРЛИТОВ НА СЕВЕРО-ЗАПАДНОМ ПЛЕЧЕ ВИЛЮЙСКОГО РИФТА ( СИБИРСКИЙ КРАТОН),2014,ru,,3157,4,1,"[section: Введение]
[page: 1]
ВВЕДЕНИЕ Протяженные дайковые рои, крупные ареалы покровных базальтов и кластеры кимберлитовых тел в пределах древних кратонов находятся под пристальным вниманием многих исследователей. Это свя - зано с тем, что подобные проявления магматизма фиксируют разную степень растяжения литосферы вплоть до ее расколов. Они являются важными элементами палеогеодинамических реконструкций, ме - таллогенических и прогностических построений, а также в познании геодинамики мантии в геологическом прошлом. © А.И. Киселев, В.В. Ярмолюк, А.В. Иванов, К.Н. Егоров, 2014"
26,ПРОСТРАНСТВЕННО-ВРЕМЕННЫЕ ОТНОШЕНИЯ СРЕДНЕПАЛЕОЗОЙСКИХ БАЗИТОВ И АЛМАЗОНОСНЫХ КИМБЕРЛИТОВ НА СЕВЕРО-ЗАПАДНОМ ПЛЕЧЕ ВИЛЮЙСКОГО РИФТА ( СИБИРСКИЙ КРАТОН),2014,ru,,3158,5,2,"[section: Введение]
[page: 2]
186 Сибирский кратон, как и большинство других кратонов, за время своего существования был под - вержен неоднократным перестройкам. Стабилизация его литосферы произошла в палеопротерозое око - ло 1.9 млрд л.н. [Розен и др., 2006]. В последующей истории кратон неоднократно вовлекался в различ - ные континентальные агломерации (например, при формировании Родинии), а также отторгался от них в ходе деструкции суперконтинентов. Соответствующие события зафиксированы роями даек различного возраста.

Среди них наиболее известными являются позднерифейские рои базитовых даек, возникшие при распаде Родинии и отразившие, по крайней мере, позднерифейский возраст южной границы кратона [Gladkochub et al., 2010]. Значительные по размерам рои и скопления долеритовых даек были сформированы в среднем палеозое. Одна из наиболее эффективных систем девонских дайковых роев расположена на востоке кратона. Их появление было сопряжено с развитием Вилюйской рифтовой системы, которое завершилось расколом континента и формированием его восточной границы [Зоненшайн и др., 1990].

Важной характеристикой этой рифтовой системы является радиальное распределение ее главных структурных элементов, включая дайковые рои, в том числе с кластерами алмазоносных кимберлитовых трубок. Подобное положение и особенности строения рифтовой системы позволили связать ее появление и развитие с механическим и термальным воздействием плюма на кратонную литосферу, центр которого располагался в районе, перекрытом в современной структуре форландом мезозойского Верхоянского складчато-надвигового пояса [Ernst, Buchan, 2001]."
26,ПРОСТРАНСТВЕННО-ВРЕМЕННЫЕ ОТНОШЕНИЯ СРЕДНЕПАЛЕОЗОЙСКИХ БАЗИТОВ И АЛМАЗОНОСНЫХ КИМБЕРЛИТОВ НА СЕВЕРО-ЗАПАДНОМ ПЛЕЧЕ ВИЛЮЙСКОГО РИФТА ( СИБИРСКИЙ КРАТОН),2014,ru,,3159,6,2,"[section: Введение]
[page: 2]
В соответствии с данными о закономерностях рас - пределения грабенов (рифтовых впадин) и дайковых роев поперечник головы плюма в основании риф - товой системы достигал 1500 км, а его площадь охватывала > 700 тыс. км 2 [Kiselev et al., 2012 ]. В процессе плюм-литосферного взаимодействия в местах растяжения литосферы и локального апвеллинга плюмового вещества в головной части плюма происходило его адиабатическое плавление и крупномасштабное образование базальтовых расплавов."
26,ПРОСТРАНСТВЕННО-ВРЕМЕННЫЕ ОТНОШЕНИЯ СРЕДНЕПАЛЕОЗОЙСКИХ БАЗИТОВ И АЛМАЗОНОСНЫХ КИМБЕРЛИТОВ НА СЕВЕРО-ЗАПАДНОМ ПЛЕЧЕ ВИЛЮЙСКОГО РИФТА ( СИБИРСКИЙ КРАТОН),2014,ru,,3160,7,2,"[section: Введение]
[page: 2]
В пределах террейнов с толстой кратонной литосферой, не затронутой рифтогенезом, имело место внедрение малообъемных высокофлюидизированных кимберлитовых расплавов, транспортирующих к поверхности алмазы и другие высокобарные минеральные ассоциации [Соловьева и др., 2012; Соболев и др., 2013]. В настоящей статье мы акцентируем внимание на причинах и условиях пространственно-времен - ного совмещения среднепалеозойских базитового и кимберлитового магматизма в пределах ВилюйскоМархинского дайкового роя, представляющего собой область перехода от Вилюйского рифта к внутренним стабильным частям Сибирского кратона."
26,ПРОСТРАНСТВЕННО-ВРЕМЕННЫЕ ОТНОШЕНИЯ СРЕДНЕПАЛЕОЗОЙСКИХ БАЗИТОВ И АЛМАЗОНОСНЫХ КИМБЕРЛИТОВ НА СЕВЕРО-ЗАПАДНОМ ПЛЕЧЕ ВИЛЮЙСКОГО РИФТА ( СИБИРСКИЙ КРАТОН),2014,ru,,3161,8,2,"[section: Введение]
[page: 2]
БАЗИТОВЫЙ И КИМБЕР ЛИТОВЫЙ СРЕДНЕПАЛЕОЗОЙСКИЙ МАГМАТИЗМ НА СЕВЕРОЗАПАДНОМ ПЛЕЧЕ ВИЛЮЙСКОГО РИФТА Вилюйский рифт. Среднепалеозойский рифтинг, охвативший восточную часть Сибирского кра - тона, завершился формированием его восточной границы. Раскол континента был сопряжен с появлением тройной системы рифтов, наиболее крупная ветвь которой представлена внутриконтинентальным Вилюйским рифтом, слепо выклинивающимся в теле кратона [Зоненшайн и др., 1990; Киселев и др., 2006; Kiselev et al., 2012; Полянский и др., 2013].

Этот рифт представляет собой систему впадин, выполненных вулканогенно-осадочными толщами общей мощностью до 7 км, возраст которых варьируется от среднего девона до нижнего карбона включительно (рис. 1). Во впадинах покровы базальтов переслаи - ваются с терригенными и карбонатными породами. Все эти стратифицированные образования характе - ризуются преимущественно пологим залеганием, однако интенсивно нарушены сбросами и взбросами. Дизъюнктивные деформации обусловлены главным образом инверсией рифта, имевшей место в раннем карбоне [Гайдук, 1988]. Накопление лавовых толщ происходило в лагунных мелководных условиях или на участках островной суши.

Мощность потоков колеблется от первых метров до 10—20 м, протяжен - ность — до нескольких десятков километров. Слагаемые ими пачки могут достигать первых сотен мет - ров, иногда до 900 м. Вилюйско-Мархинский дайковый рой. Важными элементами строения Вилюйского рифта яв - ляются дайки. Особенно масштабно они проявились в обрамлении рифта на его юго-восточном и севе - ро-западном плечах, известные как Чаро-Синский и Вилюйско-Мархинский девонские дайковые рои (см. рис. 1). Вилюйско-Мархинский рой контролируется системой крупных разломов протяженностью > 700 км при ширине до 30 км на юго-западе и более 70 км на северо-востоке."
26,ПРОСТРАНСТВЕННО-ВРЕМЕННЫЕ ОТНОШЕНИЯ СРЕДНЕПАЛЕОЗОЙСКИХ БАЗИТОВ И АЛМАЗОНОСНЫХ КИМБЕРЛИТОВ НА СЕВЕРО-ЗАПАДНОМ ПЛЕЧЕ ВИЛЮЙСКОГО РИФТА ( СИБИРСКИЙ КРАТОН),2014,ru,,3162,9,2,"[section: Введение]
[page: 2]
В пределах роя наиболее распространенными являются дайки в толщах верхнего кембрия и нижнего ордовика. Реже встречаются силлы и хонолиты. Дайки протяженностью от 2 до 30 км имеют кулисообразное строение, преимущественно северо-восточное, реже северо-западное и субмеридиональное простирание. Мощность даек из - меняется от первых до 50—80 м и более. Под юрскими отложениями дайки распознаются в виде линейных магнитных аномалий различной контрастности. Силлы Вилюйско-Мархинского роя имеют как одноярусное, так и многоярусное расположение в платформенном чехле с мощностями от первых до первых десятков метров.

Силлы и большинство даек представлены долеритами. Более редкими являются тела сложного строения с вариациями состава от оливинсодержащих долеритов до монцонит-порфиров."
26,ПРОСТРАНСТВЕННО-ВРЕМЕННЫЕ ОТНОШЕНИЯ СРЕДНЕПАЛЕОЗОЙСКИХ БАЗИТОВ И АЛМАЗОНОСНЫХ КИМБЕРЛИТОВ НА СЕВЕРО-ЗАПАДНОМ ПЛЕЧЕ ВИЛЮЙСКОГО РИФТА ( СИБИРСКИЙ КРАТОН),2014,ru,,3163,10,3,"[section: Введение]
[page: 3]
187 Кимберлиты в пределах Вилюйско-Мархинского дайкового роя образуют два кластера трубок, известных как Мирнинское (Малоботуобинское) и Накынское поля, удаленных друг от друга примерно на 300 км. Следует подчеркнуть, что кимберлиты расположены на плече рифта за пределами зоны де - прессий, т.е. там, где рифтогенные процессы в их структурном выражении проявились в ослабленном виде (рис. 1, 2). Особый интерес вызывает проблема пространственно-временных отношений кимберли - тового и базитового магматизма. В тр. Мир (Мирнинское поле) кимберлиты прорывают силл и дайку среднепалеозойских долеритов.

Взаимоотношения кимберлитов и базитов было изучено нами в тр. Нюрбинская Накынского поля (рис. 3, 4). Трубка перекрыта терригенными нижнеюрскими отложениями мощностью около 50 м. Она имеет асимметричную овальную форму (300 × 100 м) и состоит из кимберлитовых брекчий и порфиро - вых кимберлитов. Брекчии характеризуются высоким содержанием псевдоморфоз по оливину (до 30 %). В подавляющем большинстве это серпентин и кальцит в разных количественных соотношениях.

Цементирующая часть брекчии имеет серпентин-карбонатный, иногда существенно карбонатный состав с высоким (до 30 % объема) содержанием мелкочешуйчатого, в основном хлоритизированного флогопита. Кроме того, состав цемента характеризуется отсутствием перовскита и аномально низким содержанием рудных и барофильных минералов. Порфировые кимберлиты в сравнении с кимберлитовыми брекчиями содержат больше псевдоморфоз по оливину, но меньше мантийных и коровых ксенолитов. Долерит-монцонитовая дайка мощностью ~ 50—70 м, прорывающая кимберлиты тр. Нюрбинс - кая, является уникальным объектом (см. рис. 3, 4)."
26,ПРОСТРАНСТВЕННО-ВРЕМЕННЫЕ ОТНОШЕНИЯ СРЕДНЕПАЛЕОЗОЙСКИХ БАЗИТОВ И АЛМАЗОНОСНЫХ КИМБЕРЛИТОВ НА СЕВЕРО-ЗАПАДНОМ ПЛЕЧЕ ВИЛЮЙСКОГО РИФТА ( СИБИРСКИЙ КРАТОН),2014,ru,,3164,11,3,"[section: Введение]
[page: 3]
Ее краевые части сложены оливинсодержащими (1— 2 %) витрофировыми и микропорфировыми долеритами. По направлению к центру тела они переходят в безоливиновые среднезернистые долериты и кварцсодержащие габбро-долериты. Центральную часть дайки (7—10 м) слагают монцонит-порфиры (см. рис. 4). Структурные разновидности долеритов порой обнаруживают между собой сложные отношения, отражающие динамику остывания и кристаллизации расплава — от стекловатых и тонкозернистых в приконтактовых частях тела до среднезернистых в его центральных частях.

Наряду с этим отмечаются признаки неоднократного пульсационного внедрения расплава при становлении дайки, указывающие на длительность ее образования. Преобладающими минералами долеритов являются плагиоклаз и клинопироксен, в меньших ко - личествах присутствуют кварц (3—5 %) или оливин (2—7 %), а также титаномагнетит, ильменит (3— Рис. 1.

Схема строения среднепалеозойского Вилюйского рифта, по [Тектоника…, 2001] с измене - ниями. 1 — эффузивно-осадочные толщи рифтовых впадин; 2 — участки относительных поднятий (реликты палеосвода); 3 — дайки долеритов; 4 — среднепалеозойские поля алмазоносных кимберлитов (М — Мирнинское, Н — Накынское, ДА — Далдыно-Алакитское, Вм — Верхнемунское); 5 — разломы, 6 — фронт фанерозойского орогенного пояса; 7 — центр Якутского плюма [Ernst, Buchan, 2001]."
26,ПРОСТРАНСТВЕННО-ВРЕМЕННЫЕ ОТНОШЕНИЯ СРЕДНЕПАЛЕОЗОЙСКИХ БАЗИТОВ И АЛМАЗОНОСНЫХ КИМБЕРЛИТОВ НА СЕВЕРО-ЗАПАДНОМ ПЛЕЧЕ ВИЛЮЙСКОГО РИФТА ( СИБИРСКИЙ КРАТОН),2014,ru,,3165,12,4,"[section: Введение]
[page: 4]
188 6 %), роговая обманка и хлорит. В отношении кремнезема отмечается вариабельность от недосыщенных кремнеземом (оливинсодержащих) долеритов (на контакте с вмещающими породами) до насыщенных кварцсодержащих долеритов и монцонит-порфиров. Последние связаны с завершающим поступление насыщенного кремнеземом расплава в центральную часть базитовой дайки. Монцонит -порфиры содержат вкрапленники таблитчатого плагиоклаза до 5 мм (∼ 20 %) и клинопироксена (≤ 7 %). Структура породы порфировая, гломеропорфировая."
26,ПРОСТРАНСТВЕННО-ВРЕМЕННЫЕ ОТНОШЕНИЯ СРЕДНЕПАЛЕОЗОЙСКИХ БАЗИТОВ И АЛМАЗОНОСНЫХ КИМБЕРЛИТОВ НА СЕВЕРО-ЗАПАДНОМ ПЛЕЧЕ ВИЛЮЙСКОГО РИФТА ( СИБИРСКИЙ КРАТОН),2014,ru,,3166,13,4,"[section: Введение]
[page: 4]
Тонкозернистый матрикс сложен плагиоклазом, щелочным полевым шпатом (K2O = 10.1—10.5, Na2O = 2.6—3.3 мас. %), роговой обманкой, биотитом ( ≤ 5 %), кварцем (< 10 %), титаномагнетитом, ильменитом, акцессорными апатитом и титанитом. Вторичные минералы представлены серицитом, хлоритом и карбонатом. Смена состава пород от оливинсодержащих долери - тов до монцонит-порфиров при отсутствии между ними резких контактов дает основание предполагать вовлечение в интрузивный процесс разных по составу порций фракционирующего расплава. Интрузив - ные контакты между кимберлитами и базитами четкие, ровные, местами извилистые (р ис. 5). Рис. 2."
26,ПРОСТРАНСТВЕННО-ВРЕМЕННЫЕ ОТНОШЕНИЯ СРЕДНЕПАЛЕОЗОЙСКИХ БАЗИТОВ И АЛМАЗОНОСНЫХ КИМБЕРЛИТОВ НА СЕВЕРО-ЗАПАДНОМ ПЛЕЧЕ ВИЛЮЙСКОГО РИФТА ( СИБИРСКИЙ КРАТОН),2014,ru,,3167,14,4,"[section: Введение]
[page: 4]
Размещение проявлений кимберлитового и базитового магматизма в Накынском поле. 1 — кимберлитовые тела (Б, Н — Ботуобинская и Нюрбинская трубки соответственно); 2 — базитовые эксплозивные брекчии; 3 — высококалиевые долериты в участках локального метасоматического изменения даек; 4 — монцонит-порфиры; 5 — дайки долеритов; 6 — разломы."
26,ПРОСТРАНСТВЕННО-ВРЕМЕННЫЕ ОТНОШЕНИЯ СРЕДНЕПАЛЕОЗОЙСКИХ БАЗИТОВ И АЛМАЗОНОСНЫХ КИМБЕРЛИТОВ НА СЕВЕРО-ЗАПАДНОМ ПЛЕЧЕ ВИЛЮЙСКОГО РИФТА ( СИБИРСКИЙ КРАТОН),2014,ru,,3168,15,5,"[section: Введение]
[page: 5]
189 Определение химического и фазового состава минералов в зоне контакта показало, что экзоконтактовая зона кимберлита испы - тала высокотемпературное воздействие со стороны базитового расплава. В кимберлитовой приконтактовой зоне мощностью 4— 5 мм порода полностью сложена тальк-сер - пентиновой минеральной ассоциацией. По составу серпентин характеризуется повы - шенным содержанием глинозема, что присуще для серпентинов, образующихся при высоких РТ-параметрах и обычно встречающихся в ультраосновных породах высокоба - рических комплексов [Егоров и др., 1999].

По данным термического анализа серпентина из приконтактовой зоны, температура эндоэффекта кривой равна 740 °С, что ти - пично для антигоритов. Антигоритовая при - рода серпентина из экзоконтакта также под - тверждена рентгенометрическим анализом. Тальк-антигоритовая ассоциация образуется в результате перекристаллизации серпенти низированных альпинотипных гипербазитов при температуре выше 500 °С [Варлаков, 1986]. Таким образом, установленные при - знаки высокотемпературной переработки кимберлита в зоне контакта однозначно свидетельствуют о более позднем внедрении базальтового расплава."
26,ПРОСТРАНСТВЕННО-ВРЕМЕННЫЕ ОТНОШЕНИЯ СРЕДНЕПАЛЕОЗОЙСКИХ БАЗИТОВ И АЛМАЗОНОСНЫХ КИМБЕРЛИТОВ НА СЕВЕРО-ЗАПАДНОМ ПЛЕЧЕ ВИЛЮЙСКОГО РИФТА ( СИБИРСКИЙ КРАТОН),2014,ru,,3169,16,5,"[section: Введение]
[page: 5]
В приведенных разрезах скважин (см. рис. 3, 4) отмечаются высокие (до 7 мас. % К 2О) незакономерные вариации содержания калия в витрофировых и микропорфировых долеритах в приконтактовой зоне с кимберлитами, обусловленные низкотемпературным метасоматическим преобразованием пород [Kиселев и др., 2009]. На удалении от контакта с кимберлитами содержание калия в долеритах варьируется в пределах 1.3—1.7 мас. % и редко превышает 2.0 мас. %. Оценки возраста базитов и кимберлитов на северо-западном плече Вилюйского рифта.

Согласно геологическим и биостратиграфическим данным, наиболее масштабные излияния базальтов в пределах рифтовых впадин происходили в верхнем девоне и завершились в нижнем карбоне [Гайдук, 1988]. Кимберлитовый магматизм на северо-западном плече Вилюйского рифта также соответствует временному интервалу девон—ранний карбон. Первые прецизионные определения абсолютного возраста кимберлитов Мирнинского района, полученные уран-свинцовым методом по цирконам, оцениваются для разных трубок в пределах 409.5—346.0 млн лет [Дэвис и др., 1980].

Девонские осадочные отложения на территории Накынского поля отсутствуют в результате глубокого (> 500 м) эрозионного среза палеозойских отложений [Тарабукин и др., 2003]. Но они сохранились в виде ксенолитов в кимберлитовых трубках, содержащих силурийский и девонский комплексы коно - донтов. Наиболее молодой комплекс конодонтов из ксенолитов тр. Нюрбинская имеет среднедевонский возраст. Он представлен видами Icriodus difficilis Z. et Kl. и Panderodus sp. Первый вид присутствует в живетских и раннефранских отложениях Западной Европы, Северной Америки и Азии [Cocks et al., 1983]."
26,ПРОСТРАНСТВЕННО-ВРЕМЕННЫЕ ОТНОШЕНИЯ СРЕДНЕПАЛЕОЗОЙСКИХ БАЗИТОВ И АЛМАЗОНОСНЫХ КИМБЕРЛИТОВ НА СЕВЕРО-ЗАПАДНОМ ПЛЕЧЕ ВИЛЮЙСКОГО РИФТА ( СИБИРСКИЙ КРАТОН),2014,ru,,3170,17,5,"[section: Введение]
[page: 5]
Оба вида широко распространены в среднедевонских отложениях северо-востока Азии [Тарабу - кин и др., 2003]. Следовательно, есть твердое основание полагать, что абсолютный возраст кимберлитов Рис. 3. Контакт между кимберлитами и прорывающими их долеритами на разрезе тр. Нюрбинская по профилю разведочных скважин. 1 — долериты; 2 — базитовые эксплозивные брекчии; 3 — кимберлиты; 4 — алевролиты (PZ 1); 5 — брекчи - рованные алевролиты; 6 — участки повышенной тек - тонической трещиноватости; 7 — содержание К 2О в долеритах (мас. %)."
26,ПРОСТРАНСТВЕННО-ВРЕМЕННЫЕ ОТНОШЕНИЯ СРЕДНЕПАЛЕОЗОЙСКИХ БАЗИТОВ И АЛМАЗОНОСНЫХ КИМБЕРЛИТОВ НА СЕВЕРО-ЗАПАДНОМ ПЛЕЧЕ ВИЛЮЙСКОГО РИФТА ( СИБИРСКИЙ КРАТОН),2014,ru,,3171,18,6,"[section: Введение]
[page: 6]
190 тр. Нюрбинская не может быть древнее возраста 383.6 ± 3.0 млн лет [Vleeschouwer et al., 2012 ], отвечающего границе между живетским и франским ярусами девона. было выполнено Rb-Sr методом в Университете Хоккайдо (Япония) на масс-спектрометре FINIGANMAT-262 [Agashev et al., 2001; Агашев и др., 2004]. Полученная датировка (365 млн лет) соответствует верхнему девону. Для долеритов Накынского поля в разных лабораториях России получен значительный объем изотопных датировок разными методами (см. таблицу), однако это не позволяет строго определить возрастной диапазон среднепалеозойского базитового магматизма на его территории."
26,ПРОСТРАНСТВЕННО-ВРЕМЕННЫЕ ОТНОШЕНИЯ СРЕДНЕПАЛЕОЗОЙСКИХ БАЗИТОВ И АЛМАЗОНОСНЫХ КИМБЕРЛИТОВ НА СЕВЕРО-ЗАПАДНОМ ПЛЕЧЕ ВИЛЮЙСКОГО РИФТА ( СИБИРСКИЙ КРАТОН),2014,ru,,3172,19,6,"[section: Введение]
[page: 6]
Широкие вариации знаРис. 4. Разрезы скважин 9/198 и 24/87 в кимберлитовой трубке Нюрбинская. 1 — кимберлиты; 2—4 — долериты: 2 — витрофировые, 3 — микропорфировые, 4 — среднезернистые; 5 — монцонит-порфиры; 6 — участки брекчирования долеритов; 7 — ксенолиты долеритов в кимберлитах."
26,ПРОСТРАНСТВЕННО-ВРЕМЕННЫЕ ОТНОШЕНИЯ СРЕДНЕПАЛЕОЗОЙСКИХ БАЗИТОВ И АЛМАЗОНОСНЫХ КИМБЕРЛИТОВ НА СЕВЕРО-ЗАПАДНОМ ПЛЕЧЕ ВИЛЮЙСКОГО РИФТА ( СИБИРСКИЙ КРАТОН),2014,ru,,3173,20,7,"[section: Введение]
[page: 7]
191 чений абсолютного возраста пород могут быть обусловлены тремя причинами: ограничениями применяемых методов; значительной продолжительностью магматизма; вторичным обогащением долеритов калием в результате их низкотемпературного метасоматического преобразования, что приводит к омоложению их реального возраста. Ограничения K-Ar метода для неизмененных долеритов примени - тельно к Накынскому полю (см. таблицу) убедительно показаны в работе [Courtillot et al., 2010], где был использован 40Ar/39Ar метод для определения возраста долеритов из дайки, расположенной в 10 км вос - точнее тр. Нюрбинская (см. рис. 2).

Для нас главной задачей являлось надежное определение возраста долеритов из дайки, прорывающих кимберлиты тр. Нюрбинская. Прежние определения возраста варьируют от 269 ± 12 до 321 ± 36 млн лет (см. таблицу). Исследуемый обр. 75/01 отобран из скв. 24/87 (глубина 587 м, см. рис. 3). Ранее из этой же скважины возраст долерита (обр. 24/87, гл. 594 м), полученный Sm-Nd методом, составил 321 ± 36 млн лет (см. таблицу). По имеющимся данным (см. таблицу), оценки абсолютного возраста базитов в пределах Накынс - кого кимберлитового поля до сих пор остаются весьма неопределенными.

Что касается кимберлитов трубок Нюрбинская и Ботуобинская, то их Rb-Sr изохронный возраст [Agashev et al., 2001; Агашев и др., 2004] в целом c учетом погрешностей измерений соответствует главному импульсу внедрения среднепалеозойс - ких алмазоносных кимберлитов в южной части Сибирского кратона, установленному ранее [Дэвис и др., 1980; Кинни и др., 1997]. В данной статье сделана попытка уточнить возраст долерит-монцонитовой дайки, про - рывающей кимберлиты тр. Нюрбинская, для выяснения пространственно-временных от - ношений кимберлитового и базитового маг - матизма. АНАЛИТИЧЕСКИЕ МЕТОДЫ Методика."
26,ПРОСТРАНСТВЕННО-ВРЕМЕННЫЕ ОТНОШЕНИЯ СРЕДНЕПАЛЕОЗОЙСКИХ БАЗИТОВ И АЛМАЗОНОСНЫХ КИМБЕРЛИТОВ НА СЕВЕРО-ЗАПАДНОМ ПЛЕЧЕ ВИЛЮЙСКОГО РИФТА ( СИБИРСКИЙ КРАТОН),2014,ru,,3174,21,7,"[section: Введение]
[page: 7]
Датирование долеритов из дайки, прорывающей кимберлиты тр. Нюр - бинская, 40Ar/39Ar методом осуществлено в ИЗК СО Р АН (г. Иркутск) с помощью мультиколлекторного масс-спектрометра Argus VI с Изотопные датировки долеритов и кимберлитов Накынского поля Объект Возраст, млн лет Метод Литературный источник Дайки долеритов Накынского поля 349—496 K-Ar [Томшин, Яныгин, 1997] 366—386 40Ar/39Ar [Томшин и др., 2004] от 337.8 ± 4.8 до 370.3 ± 5.3 K-Ar [Courtillot et al., 2010] Силл долеритов, руч. Лиендокит 370.0 ± 0.7 40Ar/39Ar » 426 ± 42 Sm-Nd [Мащак и др., 2004] Кимберлиты (тр.

Нюрбинская) 364.5 ± 5 Rb-Sr [Agashev et al., 2001; Агашев и др., 2004] Кимберлиты (тр. Ботуобинская) 364 ± 9 » » Посткимберлитовые долериты в тр. Нюрбинская 399.6 ± 4.6 Rb-Sr [Cаблуков и др., 2008] 269 ± 20 » » 325 ± 140 Sm-Nd » Рис. 5. Трубка Нюрбинская. Контакт между кимберлитами и микропорфировыми долеритами в керне разведочной скважины."
26,ПРОСТРАНСТВЕННО-ВРЕМЕННЫЕ ОТНОШЕНИЯ СРЕДНЕПАЛЕОЗОЙСКИХ БАЗИТОВ И АЛМАЗОНОСНЫХ КИМБЕРЛИТОВ НА СЕВЕРО-ЗАПАДНОМ ПЛЕЧЕ ВИЛЮЙСКОГО РИФТА ( СИБИРСКИЙ КРАТОН),2014,ru,,3175,22,8,"[section: Введение]
[page: 8]
192 высоковакуумной печью двойного вакуума, позволяющей нагревать образец свыше 1700 °С. Для дати - рования использовались мономинеральные навески плагиоклаза 0.5—0.25 мм, обработанные разбавленной азотной кислотой. По две аликвоты каждого образца, завернутые в алюминиевую фольгу, помещали в стеклянную ампулу вместе со стандартами BERN4M, возраст которых принимался равным 18.700 ± 0.096 млн лет [Ivanov et al., 2009 ].

Использование такого возраста для стандарта BERN4M позволяет согласовать датировки с датировками, рассчитанными относительно широко использующегося стандарта GA1550 с возрастом 98.79 млн лет [Renne et al., 1998], что однако приводит к систематическому омоложению 40Ar/39Ar датировок на ~ 0.9 % относительно U-Pb датировок [Иванов, 2006]. Ампула с образцами облучалась в исследовательском ядерном реакторе ВВР-К (г. Томск). Параметры облучения такие же, как в работах [Vernikovsky et al., 2003; Травин и др., 2009]: (36Ar/37Ar)Ca = 0.000522 ± 0.000006, (39Ar/37Ar)Ca = 0.000810 ± 0.000005, (40Ar/39Ar)K = 0.089 ± 0.001.

Градиент нейтронного потока и связан - ные с ним вариации J-фактора, используемого при расчете возраста, контролировались путем измерения стандарта BERN4M. Качественный контроль за вариациями J-фактора осуществлялся за счет того, что аликвоты одной и той же мономинеральной фракции помещались на удалении друг от друга. Суммарная ошибка в расчете, вызванная неточностью определения возраста стандарта BERN4M и ошибкой в определении J-фактора для измеряемого образца, составляла 0.9 %. Значения возраста рассчитаны при помощи макроса Isoplot 3.75 [Ludwig, 2012] в ИЗК СО Р АН."
26,ПРОСТРАНСТВЕННО-ВРЕМЕННЫЕ ОТНОШЕНИЯ СРЕДНЕПАЛЕОЗОЙСКИХ БАЗИТОВ И АЛМАЗОНОСНЫХ КИМБЕРЛИТОВ НА СЕВЕРО-ЗАПАДНОМ ПЛЕЧЕ ВИЛЮЙСКОГО РИФТА ( СИБИРСКИЙ КРАТОН),2014,ru,,3176,23,8,"[section: Результаты]
[page: 8]
Результаты датирования представлены на рис. 6. Обе аликвоты обр. 75/01 показывают идентичные значения возраста. Они отличаются между собой тем, что аликвота 1 имела меньшую массу и, со - ответственно, анализировалась в 4 ступени, тогда как аликвота 2 большей массы — в 11 ступеней. Воз - раст плато в диапазоне температур от 690 до 830 °С п о аликвоте 2 составляет 374.4 ± 3.5 млн лет Рис. 6. Результаты 40Ar/39Ar датирования посткимберлитовых долеритов из тр. Нюрбинская, полученные А.В. Ивановым в ИЗК СО Р АН. Значения возраста рассчитаны при помощи макроса Isoplot 3.75 [Ludwig, 2012]. а — обр. 75/01, б — обр. 43/01."
26,ПРОСТРАНСТВЕННО-ВРЕМЕННЫЕ ОТНОШЕНИЯ СРЕДНЕПАЛЕОЗОЙСКИХ БАЗИТОВ И АЛМАЗОНОСНЫХ КИМБЕРЛИТОВ НА СЕВЕРО-ЗАПАДНОМ ПЛЕЧЕ ВИЛЮЙСКОГО РИФТА ( СИБИРСКИЙ КРАТОН),2014,ru,,3177,24,9,"[section: Результаты]
[page: 9]
193 (включая суммарную ошибку в J-факторе). По-видимому, этот возраст наиболее близок времени крис - таллизации плагиоклаза из обр. 75/01. Обе аликвоты обр. 43/01 показали нарушенные формы спектров, характерные для образцов с заметными потерями радиогенного аргона. Тем не менее аликвота 1 этого образца имеет три ступени в средней части спектра, интегральный возраст которых совпадает в преде - лах погрешности измерения с возрастом плато для аликвоты 2 обр. 75/01. Это указывает на то, что оба образца являются одновозрастными.

Ранее K-Ar и 40Ar/39Ar методами [Courtillot et al., 2010] датировалось несколько образцов долери - тов, отобранных нами из даек Накынского поля (см. рис. 2). Образец 30/01 из этой работы показал воз - раст плато 370.0 ± 0.7 млн лет, рассчитанный относительно стандарта FCs c принятым возрастом 28.02 млн лет [Renne et al., 1998], который, в свою очередь, соответствует используемому нами возрасту 18.7 млн лет стандарта BERN4M [Ivanov et al., 2009]. В работе [Courtillot et al., 2010], однако, не приводится полная ошибка измерения, учитывающая ошибку в J-факторе, которая не может быть заметно менее 1 % от возраста.

Таким образом, вопрос, яв - ляется ли различие возрастов между образцами 75/01 (данная работа) и 30/01 [Courtillot et al., 2010] значимым или оно связано с незначительными различиями, вызванными в калибровке используемых стандартов, остается открытым. Так или иначе оба образца показывают фаменские возрасты, т.е. моложе ожидаемой границы франа и фамена (383.6 ± 3.0 млн лет ), с которой связывается одно из глобальных массовых вымираний."
26,ПРОСТРАНСТВЕННО-ВРЕМЕННЫЕ ОТНОШЕНИЯ СРЕДНЕПАЛЕОЗОЙСКИХ БАЗИТОВ И АЛМАЗОНОСНЫХ КИМБЕРЛИТОВ НА СЕВЕРО-ЗАПАДНОМ ПЛЕЧЕ ВИЛЮЙСКОГО РИФТА ( СИБИРСКИЙ КРАТОН),2014,ru,,3178,25,9,"[section: Результаты]
[page: 9]
Кроме того, обр. 42а/01 [Courtillot et al., 2010] показал заметно более молодой возраст плато 359.9 ± 1.9 млн лет (граница девона и карбона), а еще два образца показали спектры, по - добные нашему образцу, указывающие на значительные потери радиогенного аргона. Присутствие ксенолитов осадочных пород с руководящей верхнедевонской фауной в кимберлитах тр. Нюрбинская однозначно сидетельствует о том, что ее возраст не может быть древнее возраста границы между живетским и франским ярусами, который оценивается в 383.6 ± 3.0 млн лет [Vleeschouwer et al., 2012].

Полученный в нашем исследовании возраст долеритов 374.4 ± 3.5 млн лет из дайки, прорыва ющей кимберлиты, может являться верхним возрастным ограничением времени ее формирования. ГЕОДИНАМИЧЕСКАЯ ОБСТАНОВКА ПРОСТР АНСТВЕННО-ВРЕМЕННОГО СОВМЕЩЕНИЯ БАЗИТОВОГО И КИМБЕР ЛИТОВОГО МАГМАТИЗМА Мы полагаем, что пространственно-временное совмещение базитового и кимберлитового магма - тизма в пределах Вилюйско-Мархинского дайкового роя предопределялось предшествующей тектони - ческой эволюцией литосферы Сибирского кратона.

На месте Вилюйского рифта в палеопротерозое на - ходился Акитканский орогенный пояс, литосфера которого была значительно тоньше по отношению к кратонной литосфере смежных архейских Анабарского и Алданского супертеррейнов [Розен и др., 2006]. В мезонеопротерозое на территории Вилюйского рифта существовал Нюрбинский рифт [Смелов и др., 2003]. В пределах Вилюйского рифта, представляющего область с изначально тонкой палеопротерозойской литосферой, в среднем палеозое проявился исключительно базитовый магматизм."
26,ПРОСТРАНСТВЕННО-ВРЕМЕННЫЕ ОТНОШЕНИЯ СРЕДНЕПАЛЕОЗОЙСКИХ БАЗИТОВ И АЛМАЗОНОСНЫХ КИМБЕРЛИТОВ НА СЕВЕРО-ЗАПАДНОМ ПЛЕЧЕ ВИЛЮЙСКОГО РИФТА ( СИБИРСКИЙ КРАТОН),2014,ru,,3179,26,9,"[section: Результаты]
[page: 9]
Вилюйско-Мархинский дайковый рой находится в области умеренного растяжения архейской кратонной литосферы на плече рифта и здесь проявился как базитовый, так и кимберлитовый магматизм. На удалении ~ 400 км от Вилюйского рифта на территории, не затронутой рифтогенезом, находятся Далдыно-Алакитское и Верхнемунское среднепалеозойские кимберлитовые поля (см. рис. 1). Уменьшение мощности литосфе ры от рифта к внутренним частям кратона согласуются с данными термобарометрии. В среднем палео - зое мощность литосферы в Мирнинском поле составляла 190 км, а в Далдыно-Алакитском поле — 230 км [Griffin et al., 1999 ].

Мезонеопротерозойские тектонические события в области Вилюйского рифта совпадают по вре - мени с модельными возрастами (0.8—1.4 млн лет) обогащения компонентом EMI мантийного источника кимберлитов Накынского поля [Богатиков и др., 2004; Aгашев и др., 2004; Костровицкий и др., 2007; Лапин и др., 2007]. В Мирнинском поле мезонеопротерозойское событие нашло отражение в образова - нии алмазов. Согласно Re-Os датировкам сульфидных включений в некоторых алмазах, их возраст для тр. Мир составил 800—1100 млн лет, для тр. 23 съезд КПСС — 898 ± 48 млн лет [Специус, Гриффин, 2009].

Для среднего девона зона перехода от Вилюйского рифта к кратону характеризуется латеральны - ми вариациями мощности литосферы. На северо-западном плече рифта в Мирнинском поле ее мощ - ность составляет 190 км, тогда как внутри кратона (Далдыно-Алакитское поле) она увеличивается до 230 км [Griffin et al., 1999]. Согласно численным экспериментам [Burov et al., 2007], при плюм-литосферном воздействии в пограничной зоне между кратоном и областью с относительно тонкой литосфе - рой возникает слэбоподобная нестабильность, сопровождаемая возвратным нисходящим потоком плю - мового материала с фрагментами деламинированной кратонной литосферы."
26,ПРОСТРАНСТВЕННО-ВРЕМЕННЫЕ ОТНОШЕНИЯ СРЕДНЕПАЛЕОЗОЙСКИХ БАЗИТОВ И АЛМАЗОНОСНЫХ КИМБЕРЛИТОВ НА СЕВЕРО-ЗАПАДНОМ ПЛЕЧЕ ВИЛЮЙСКОГО РИФТА ( СИБИРСКИЙ КРАТОН),2014,ru,,3180,27,9,"[section: Результаты]
[page: 9]
Подобная нестабильность может инициировать и усиливать мантийное плавление с того момента, когда деламинированные части"
26,ПРОСТРАНСТВЕННО-ВРЕМЕННЫЕ ОТНОШЕНИЯ СРЕДНЕПАЛЕОЗОЙСКИХ БАЗИТОВ И АЛМАЗОНОСНЫХ КИМБЕРЛИТОВ НА СЕВЕРО-ЗАПАДНОМ ПЛЕЧЕ ВИЛЮЙСКОГО РИФТА ( СИБИРСКИЙ КРАТОН),2014,ru,,3181,28,10,"[section: Результаты]
[page: 10]
194 основания кратонной литосферы при погружении вступают в контакт с горячей адвектирующей мантией. Данное обстоятельство согласуется с высоким содержанием никеля (до 2.79 мас. % NiO) в экссолю - ционных оливинах мэйджоритового граната из тр. Мир, температура кристаллизации которого оценивается в ~1500 °С [Sirotkina et al., 2012]. Сонахождение среднепалеозойского кимберлитового и базальтового магматизма в пределах Ви - люйско-Мархинского дайкового роя ограничивается областью перехода от толстой кратонной литосферы архейских террейнов к относительно тонкой литосфере в основании Вилюйского рифта.

Поэтому мы полагаем, что взаимосвязь разнородного магматизма определялась разной реакцией литосферы в зави - симости от ее мощности на воздействие мантийного плюма. Локальный апвеллинг горячего мантийного вещества под областями с утоненной литосферой сопровождался более высокой степенью адиабатического плавления и появлением больших объемов базальтовых расплавов, образующих магматические очаги и субаэральный вулканизм собственно в рифтовой зоне. Подъем плюма под архейскими террейнами с толстой тугоплавкой литосферой ограничивался более глубинными уровнями.

Соответственно, плюм продуцировал малообъемные кимберлитовые расплавы на астеносферных глубинах и в основании кратонной литосферы. Подобная ситуация, по-видимому, была характерна для Далдыно-Алакитского и Верхнемунского полей среднепалеозойских кимберлитов Якутской алмазоносной провинции. ОСНОВНЫЕ ВЫВОДЫ 1. Наличие ксенолитов осадочных пород с руководящей верхнедевонской фауной в кимберлитах тр. Нюрбинская дает основание полагать, что ее возраст не может быть древнее возраста границы меж - ду живетским и франским ярусами, который оценивается в 383.6 ± 3.0 млн лет."
26,ПРОСТРАНСТВЕННО-ВРЕМЕННЫЕ ОТНОШЕНИЯ СРЕДНЕПАЛЕОЗОЙСКИХ БАЗИТОВ И АЛМАЗОНОСНЫХ КИМБЕРЛИТОВ НА СЕВЕРО-ЗАПАДНОМ ПЛЕЧЕ ВИЛЮЙСКОГО РИФТА ( СИБИРСКИЙ КРАТОН),2014,ru,,3182,29,10,"[section: Результаты]
[page: 10]
Определенный нами возраст долеритов 374.4 ± 3.5 млн лет из дайки, прорывающей кимберлиты, может являться верхним возрастным ограничением времени ее формирования. 2. Геодинамическая обстановка среднепалеозойского магматизма и рифтогенеза на востоке Си - бирского кратона определялась плюм-литосферным взаимодействием. Подъем вещества плюма к осно - ванию относительно тонкой палеопротерозойской литосферы в области Вилюйского рифта сопровож - дался плавлением и образованием больших объемов исключительно базитовых расплавов.

Подъем плюма под архейскими террейнами к северу от рифта ограничивался более мощной (до 230 км) литосферой, что обусловливало образование под ними малообъемных протокимберлитовых расплавов. В области перехода от Вилюйского рифта к стабильным архейским террейнам имело место сочетание как базитового, так и кимберлитового магматизма. 3. Соотношения возрастов между базальтами и кимберлитами, вероятно, отражает их причинноследственную связь по отношению к мантийным плюмам.

Ряд факторов, таких как соответствующая мощность и природа кратонной литосферы, температура плюма и расстояние от мантийных плюмов, очевидно, играют существенную роль в управлении пространственным распределением кимберлитов, ассоциирующих с базитами. Статья подготовлена при поддержке РФФИ (гранты 11-05-00444, ОФИ-м-13-05-12043, ОФИ-м-1305-12026). ЛИТЕР АТУР А Агашев А.М., Похиленко Н.П., Толстов А.В., Поляничко В.В., Мальковец В.Г., Соболев Н.В. Новые данные о возрасте кимберлитов Якутской алмазоносной провинции // ДАН, 2004, т. 399, № 1, с. 95—99. Богатиков О.А., Кононова В.А., Голубева Ю.Ю., Зинчук Н.Н., Илупин И.П., Ротман А.Я."
26,ПРОСТРАНСТВЕННО-ВРЕМЕННЫЕ ОТНОШЕНИЯ СРЕДНЕПАЛЕОЗОЙСКИХ БАЗИТОВ И АЛМАЗОНОСНЫХ КИМБЕРЛИТОВ НА СЕВЕРО-ЗАПАДНОМ ПЛЕЧЕ ВИЛЮЙСКОГО РИФТА ( СИБИРСКИЙ КРАТОН),2014,ru,,3183,30,10,"[section: Результаты]
[page: 10]
Петрогеохимические и изотопные вариации состава кимберлитов Якутии и их причины // Геохимия, 2004, № 9, с. 915—939. Варлаков А.С. Петрология процессов серпентинизации гипербазитов складчатых областей. Свердловск, УНЦ АН СССР , 1986, 224 с. Гайдук В.В. Вилюйская среднепалеозойская рифтовая система. Якутск, ЯФ СО АН СССР , 1988, 128 с. Дэвис Г.Л., Соболев Н.В., Харькив А.Д. Новые данные о возрасте кимберлитов Якутии, полученные уран-свинцовым методом по цирконам // Докл. АН СССР , 1980, т. 254, № 1, с. 175—179. Егоров К.Н., Мельников А.И., Меньшагин Ю.В.

Процессы серпентинизации гранатовых перидотитов Саксонского гранулитового массива // ЗВМО, 1999, № 4, с. 29—35. Зоненшайн Л.П., Кузьмин М.И., Натапов Л.М. Тектоника литосферных плит территории СССР. Т. 2. М., Недра, 1990, 334 с. Иванов А.В. Систематическое различие между U-Pb и 40Ar/39Ar датировками: причина и способ учета // Геохимия, 2006, № 10, с. 1125—1131."
26,ПРОСТРАНСТВЕННО-ВРЕМЕННЫЕ ОТНОШЕНИЯ СРЕДНЕПАЛЕОЗОЙСКИХ БАЗИТОВ И АЛМАЗОНОСНЫХ КИМБЕРЛИТОВ НА СЕВЕРО-ЗАПАДНОМ ПЛЕЧЕ ВИЛЮЙСКОГО РИФТА ( СИБИРСКИЙ КРАТОН),2014,ru,,3184,31,11,"[section: Результаты]
[page: 11]
195 Кинни П.Д., Гриффин Б.Дж., Хеамэн Л.М., Брахфогель Ф.Ф., Специус З.В. Определение UPb возрастов перовскитов из якутских кимберлитов ионно-ионным масс-спектрометрическим (SHRIMP) методом // Геология и геофизика, 1997, т. 38 (1), с. 91—99. Киселев А.И., Ярмолюк В.В., Егоров К.Н., Чернышов Р.А., Никифоров А.В. Среднепалеозойский базитовый магматизм северо-западной части Вилюйского рифта: состав, источники, геодинамика // Петрология, 2006, № 6, с. 660—682.

Киселев А.И., Ярмолюк В.В., Егоров К.Н. «Калиевые» базальты и «пикритобазальты» девонских кимберлитовых полей Западной Якутии и их связь с кимберлитовым магматизмом (Россия) // Геология рудных месторождений, 2009, т. 51, № 1, с. 38—57. Костровицкий С.И., Морикио Т., Серов И.В., Яковлев Д.А., Амиржанов А.А. Изотопно-геохимическая систематика кимберлитов Сибирской платформы // Геология и геофизика, 2007, т. 48 (3), с. 350—371. Лапин А.В., Толстов А.В., Антонов А.В. Изотопный состав Srи Nd-кимберлитов и конвергентных с ними пород Сибирской платформы // ДАН, 2007, т. 414, № 2, с. 78—82.

Мащак М.С., Наумов В.М., Леухин В.И., Молчанов Ю.Д., Шаталов В.И., Яныгин Ю.Т. Среднепалеозойский базитовый магматизм Марха-Тюнгского междуречья (Накынское кимберлитовое поле) // Региональная геология и металлогения, 2004, № 20, с. 122—138. Полянский О.П., Прокопьев А.В., Бабичев А.В., Коробейников С.Н., Ревердатто В.В. Риф - тогенная природа формирования Вилюйского бассейна (Восточная Сибирь) на основе реконструкций осадконакопления и механико-математических моделей // Геология и геофизика, 2013, т. 54, № 2, с. 163— 183. Розен О.М., Манаков А.В., Зинчук Н.Н. Cибирский кратон: формирование, алмазоносность. М., Научный мир, 2006, 212 с."
26,ПРОСТРАНСТВЕННО-ВРЕМЕННЫЕ ОТНОШЕНИЯ СРЕДНЕПАЛЕОЗОЙСКИХ БАЗИТОВ И АЛМАЗОНОСНЫХ КИМБЕРЛИТОВ НА СЕВЕРО-ЗАПАДНОМ ПЛЕЧЕ ВИЛЮЙСКОГО РИФТА ( СИБИРСКИЙ КРАТОН),2014,ru,,3185,32,11,"[section: Результаты]
[page: 11]
Саблуков С.М., Саблукова Л.И., Стегницкий Ю.Б., Карпенко М.А., Спиваков С.В. Вулканические породы трубки Нюрбинская: отражение состояния верхней мантии региона от рифея до карбона, геодинамические следствия // Глубинный магматизм, его источники и плюмы. Труды VIII Международного семинара. Вып. 2. Иркутск, Изд-во Института географии СО Р АН, 2008, с. 131—165. Соболев Н.В., Логвинова А.М., Николенко Е.И., Лобанов С.С. Минералогические критерии алмазоносности верхнетриасовых россыпей северо-восточной окраины Сибирской платформы // Геология и геофизика, 2013, т. 54 (8), с. 1162—1178. Соловьева Л.В., Ясныгина Т.А., Егоров К.Н.

Метасоматические парагенезисы в глубинных ксенолитах из трубок У дачная и Комсомольская-Магнитная — индикаторы переноса флюидов через мантийную литосферу Сибирского кратона / Геология и геофизика, 2012, т. 53 (12), с. 1698—1721. Смелов А.П., Тимофеев В.Ф., Зайцев А.И. Строение, этапы становления фундамента СевероАзиатского кратона и фанерозойский кимберлитовый магматизм // Геологические аспекты минераль - но-сырьевой базы Акционерной компании «АЛРОСА», современное состояние, перспективы, решения. Воронеж, Изд-во Воронеж. ун-та, 2003, р. 186—191. Специус З.В., Гриффин В.Л.

U—Pb и Re—Os системы в минералах кимберлитов и мантийных образованиях: результаты и проблемы датировки. Изотопные системы и время геологических процессов // Материалы IV Российской конференции по изотопной геохронологии (2—4 июня 2009 г., СПб.). СПб., ИГГД Р АН, 2009, с. 194—196. Тарабукин В.П., Реймерс А.Н., Нефедова Е.В. Оценка эрозионного среза кимберлитовых трубок Накынского поля // Отечественная геология, 2003, № 6, с. 84—85. Тектоника, геодинамика и металлогения Республики Саха (Якутия) / Под ред. Л.М. Парфенова, М.И. Кузьмина. М., Наука/Интерпериодика, 2001, 571 с. Томшин М.Д., Фомин А.С., Корнилова В.П., Черный С.Д., Яныгин Ю.Т."
26,ПРОСТРАНСТВЕННО-ВРЕМЕННЫЕ ОТНОШЕНИЯ СРЕДНЕПАЛЕОЗОЙСКИХ БАЗИТОВ И АЛМАЗОНОСНЫХ КИМБЕРЛИТОВ НА СЕВЕРО-ЗАПАДНОМ ПЛЕЧЕ ВИЛЮЙСКОГО РИФТА ( СИБИРСКИЙ КРАТОН),2014,ru,,3186,33,11,"[section: Результаты]
[page: 11]
Особенности магматических образований Накынского кимберлитового поля Якутской провинции // Геология и геофизика, 1998, т. 39 (12), с. 1693—1703. Томшин М.Д., Зайцев А.И., Земнухов А.Л., Копылова А.Г. Характер становления базитов в Накынском кимберлитовом поле Якутии // Отечественная геология, 2004, № 5, с. 44—49. Травин А.В., Юдин Д.С., Владимиров А.Г., Хромых С.В., Волкова Н.И., Мехоношин А.С., Колотилина Т.В. Термохронология чернорудской гранулитовой зоны (Ольхонский регион, Западное Прибайкалье) // Геохимия, 2009, № 11, с. 1181—1199. Agashev A.M., Watanabe T., Budaev D.A, Pokhilenko N.P., Fomin A.S., Maehara K., Maeda J."
26,ПРОСТРАНСТВЕННО-ВРЕМЕННЫЕ ОТНОШЕНИЯ СРЕДНЕПАЛЕОЗОЙСКИХ БАЗИТОВ И АЛМАЗОНОСНЫХ КИМБЕРЛИТОВ НА СЕВЕРО-ЗАПАДНОМ ПЛЕЧЕ ВИЛЮЙСКОГО РИФТА ( СИБИРСКИЙ КРАТОН),2014,ru,,3187,34,11,"[section: Результаты]
[page: 11]
Geochemistry of kimberlites from the Nakyn field, Siberia: evidence for unique source composition // Geology, 2001, v. 29, № 3, p. 267—270."
26,ПРОСТРАНСТВЕННО-ВРЕМЕННЫЕ ОТНОШЕНИЯ СРЕДНЕПАЛЕОЗОЙСКИХ БАЗИТОВ И АЛМАЗОНОСНЫХ КИМБЕРЛИТОВ НА СЕВЕРО-ЗАПАДНОМ ПЛЕЧЕ ВИЛЮЙСКОГО РИФТА ( СИБИРСКИЙ КРАТОН),2014,ru,,3188,35,12,"[section: Результаты]
[page: 12]
196 Burov E., Guillou-Frottier L., d’Acremont E., Le Pourhiet L., Cloetingh S. Plume head–lithosphere interactions near intra-continental plate boundaries // Tectonophysics, 2007, v. 434, № 1—4, p. 15—38. Cocks L.R.M., Lane P.D., Richards R.D. The Llandoveri area as the type for the first series of the Silurian system // Submission to the Subcomission on Silurian Stratigraphy, 1983, p. 17—19. Сourtillot V., Kravchinsky V.A., Quidelleur X., Renne P.R., Gladkochub D.P. Preliminary dating of the Viluy traps (Eastern Siberia): Eruption at the time of Late Devonian extinction events? // Earth Planet. Sci. Lett., 2010, v. 300, p. 239—245.

Ernst R.E., Buchan K.L. The use of mafic dike swarms in identifying and locating mantle plumes // Mantle plumes: their identification through time / Eds. R.E. Ernst, K.L. Buchan. Geol. Soc. Amer. Spec. Papers 352, 2001, p. 247—266. Gladkochub D.P., Pisarevsky S.A., Donskaya T.V., Ernst R., Wingate M.T.D., Söderlund U., Mazukabzov A.M., Sklyarov E.V., Hamilton M.A. Proterozoic mafic magmatism in Siberian craton: an overview and implications for paleocontinental reconstruction // Precam. Res., 2010, v. 183, № 3, p. 660—668. Griffin W.L., Ryan C.G., Kaminsky F.F., O’Reilly Y.O., Natapov L.M., Win T.T., Kinny P.D., Ilupin I.P."
26,ПРОСТРАНСТВЕННО-ВРЕМЕННЫЕ ОТНОШЕНИЯ СРЕДНЕПАЛЕОЗОЙСКИХ БАЗИТОВ И АЛМАЗОНОСНЫХ КИМБЕРЛИТОВ НА СЕВЕРО-ЗАПАДНОМ ПЛЕЧЕ ВИЛЮЙСКОГО РИФТА ( СИБИРСКИЙ КРАТОН),2014,ru,,3189,36,12,"[section: Результаты]
[page: 12]
The Siberian lithosphere traverse: mantle terranes and the assembly of the Siberian craton // Tectonophysics, Ivanov A.V., He H., Yang L., Nikolaeva I.V., Palesskii S.V. 40Ar/39Ar dating of intrusive magmatism in the Angara-Taseevskaya syncline and its implication for duration of magmatism of the Siberian Traps // J. Asian Earth Sci., 2009, v. 35, № 2, p. 1—12. Kiselev A.I., Ernst R.E., Yarmolyuk V.V., Egorov K.N. Radiated rifts and dyke swarms of the middle Paleozoic Yakutsk plume of eastern Siberian craton // J. Asian Earth Sci., 2012, v. 45, № 2, p. 1—16. Ludwig K.R. Isoplot 3.75. A geochronological toolkit for Microsoft Excel.

Berkeley Geochronology Center Special Publication № 5, rev. January 30, 2012, 75 p. Renne P.R., Swisher C.C., Deino A.L., Karner D.B., Owens T.L., DePaolo D.J. Intercalibration of standards, absolute ages and uncertainties in 40Ar/39Ar dating // Chem. Geol., 1998, v. 145, № 1, p. 117—152. Sirotkina E.A., Bobrov A.V., Garanin V.K., Shkurskii B.B., Korost D.V. Exsolution textures in ma - joritic garnet from the Mir kimberlite pipe (Yakutia, Russia) // 10th International kimberlite conference, Bangalore-2012. Extanded abstract, 2012, 10IKC-157. Vernikovsky V.A., Pearse V.L., Vernikovskaya A.E., Romanov A.P., Gee D.G., Travin A.V.

First report of Early Triassic A-type granite and syenite intrusions from Taimyr: Product of the northern Eurasian superplume? // Lithos, 2003, v. 66, p. 23—36. Vleeschouwer D.D., Whalen M.T., Day J.E. (Jed), Claeys Ph. Cyclostratigraphic calibration of the Francian (Late Devonian) time scale (western Alberta, Canada) // Geol. Soc. Amer. Bull., 2012, v. 124 , № 11, p. 928—942. Поступила в редакцию 23 сентября 2013 г."
41,СВИДЕТЕЛЬСТВА КРАТКИХ ИНТЕНСИВНЫХ ПИКОВ МАГМАТИЧЕСКОЙ АКТИВНОСТИ НА ЮГЕ СИБИРСКОЙ ПЛАТФОРМЫ (АНГАРО-ТАСЕЕВСКАЯ ВПАДИНА) НА ОСНОВАНИИ РЕЗУЛЬТАТОВ ПАЛЕОМАГНИТНЫХ ИССЛЕДОВАНИЙ,2013,ru,10.7868/S0002333713050037,3629,0,1,"[section: Metadata]
[page: 1]
ФИЗИКА ЗЕМЛИ, 2013, № 6, с. 77–90 77"
41,СВИДЕТЕЛЬСТВА КРАТКИХ ИНТЕНСИВНЫХ ПИКОВ МАГМАТИЧЕСКОЙ АКТИВНОСТИ НА ЮГЕ СИБИРСКОЙ ПЛАТФОРМЫ (АНГАРО-ТАСЕЕВСКАЯ ВПАДИНА) НА ОСНОВАНИИ РЕЗУЛЬТАТОВ ПАЛЕОМАГНИТНЫХ ИССЛЕДОВАНИЙ,2013,ru,10.7868/S0002333713050037,3630,1,1,"[section: Введение]
[page: 1]
ВВЕДЕНИЕ Сибирская трапповая провинция считается крупнейшей областью проявления внутриплитЭ ного базальтового магматизма в фанерозое [ВасиЭ льев и др., 2000; Никишин, 2000]. В настоящее время интерес к Сибирским траппам связан с выЭ явлением возможной причинноЭследственной связи между извержением огромных объемов вулканического материала и катастрофическим массовым вымиранием видов на границе перми и триаса [Courtillot, Olson, 2007].

Принимая во вниЭ мание существующие оценки объема продуктов траппового вулканизма (2–5 млн. км 3 – [ВасиЭ льев и др., 2000; Fedorenko et al., 1996]) и длительЭ ности вулканической активности (1–2 млн. лет – [Kamo et al., 2003; Renne, Basu, 1991]), в случае равномерного формирования траппов средняя скорость извержений не превышает 5 км 3 в год. Эта величина не превышает объемы базальтов, формирующихся ежегодно в срединноЭокеаничеЭ ских хребтах [Davies, 1999] и поэтому является неЭ достаточной, чтобы вызвать биосферную катаЭ строфу .

Однако в последнее время на примере ДеЭ канских траппов было показано, что трапповый вулканизм мог протекать в виде коротких интенЭ сивных вспышек, разделенных более длительныЭ ми периодами покоя [Chenet et al., 2008]. В случае кратковременных интенсивных пульсов магмаЭ тизма катастрофические последствия для окруЭ жающей среды являются более вероятными. ПоЭ добный характер магматической активности был установлен для Норильского и МаймечаЭКотуйЭ ского районов севера Сибирской трапповой проЭ винции [Павлов и др., 2011]."
41,СВИДЕТЕЛЬСТВА КРАТКИХ ИНТЕНСИВНЫХ ПИКОВ МАГМАТИЧЕСКОЙ АКТИВНОСТИ НА ЮГЕ СИБИРСКОЙ ПЛАТФОРМЫ (АНГАРО-ТАСЕЕВСКАЯ ВПАДИНА) НА ОСНОВАНИИ РЕЗУЛЬТАТОВ ПАЛЕОМАГНИТНЫХ ИССЛЕДОВАНИЙ,2013,ru,10.7868/S0002333713050037,3631,2,1,"[section: Введение]
[page: 1]
При выделении пульсов вулканической активности в этих работах использовался палеомагнитный метод, который позволяет рассматривать вулканогенные разрезы в более детальном временном масштабе, чем обеспечивают изотопноЭгеохронологические меЭ тоды. Мы применили тот же метод для оценки интенсивности пермоЭтриасового магматизма юга Сибирской платформы. Результаты выполЭ ненной работы представлены в настоящей статье. Г ЕОЛОГИЧЕСКИЙ ОЧЕРК В южной части Сибирской платформы пермоЭ триасовые траппы распространены на территоЭ рии АнгароЭТасеевской впадины и Иркутского амфитеатра (рис. 1).

К северу расположен полоЭ гий борт Т унгусской синеклизы, где продукты пермоЭтриасового вулканизма представлены туЭ фами, туффитами и туфопесчаниками, отражаюЭ СВИДЕТЕЛЬСТВА КРАТКИХ ИНТЕНСИВНЫХ ПИКОВ МАГМАТИЧЕСКОЙ АКТИВНОСТИ НА ЮГЕ СИБИРСКОЙ ПЛАТФОРМЫ (АНГАРОйТАСЕЕВСКАЯ ВПАДИНА) НА ОСНОВАНИИ РЕЗУЛЬТАТОВ ПАЛЕОМАГНИТНЫХ ИССЛЕДОВАНИЙ © 2013 г. А. В. Латышев1, 2, Р. В. Веселовский1, 2, А. В. Иванов3, А. М. Фетисова1, В. Э. Павлов2 1 Московский государственный университет имени М.В. Ломоносова, геологический факультет, г. Москва 2 Институт физики Земли им. О.Ю. Шмидта РАН, г. Москва 3 Институт земной коры СО РАН, г.

Иркутск Поступила в редакцию 13.03.2013 г . На основе палеомагнитных исследований интрузивных и эксплозивных пермоЭтриасовых траппов в бассейне р. Ангары (Сибирская платформа) показано, что в процессе формирования траппов имеЭ ли место три кратких и очень интенсивных магм атических события, приведшие к внедрению трех крупных долеритовых силлов (Т олстомысовского, Падунского и Т улунского) и формированию туЭ фовой толщи капаевской свиты. Эти вспышки магматизма происходили на фоне менее интенсивЭ ной длительной магматической активности, выраженной в формировании мелких интрузивных тел и туфовых пачек."
41,СВИДЕТЕЛЬСТВА КРАТКИХ ИНТЕНСИВНЫХ ПИКОВ МАГМАТИЧЕСКОЙ АКТИВНОСТИ НА ЮГЕ СИБИРСКОЙ ПЛАТФОРМЫ (АНГАРО-ТАСЕЕВСКАЯ ВПАДИНА) НА ОСНОВАНИИ РЕЗУЛЬТАТОВ ПАЛЕОМАГНИТНЫХ ИССЛЕДОВАНИЙ,2013,ru,10.7868/S0002333713050037,3632,3,1,"[section: Введение]
[page: 1]
Анализ геохронологических данных и корреляция траппов р. Ангары с разрезами эффузивных траппов севера Сибирской платфо рмы (Норильский и МаймечаЭКотуйский районы) свидетельствует о внедрении Т олстомысовского силла и извержении комагматичных ему туфов каЭ паевской свиты в раннетриасовое время. Полученные палеомагнитные данные противоречат сущеЭ ствующим представлениям об одновозрастности Падунского и Т олстомысовского силлов и указыЭ вают на отнесение к одному и тому же силлу разновозрастных магматических тел. DOI: 10.7868/S0002333713050037 УДК 550.384"
41,СВИДЕТЕЛЬСТВА КРАТКИХ ИНТЕНСИВНЫХ ПИКОВ МАГМАТИЧЕСКОЙ АКТИВНОСТИ НА ЮГЕ СИБИРСКОЙ ПЛАТФОРМЫ (АНГАРО-ТАСЕЕВСКАЯ ВПАДИНА) НА ОСНОВАНИИ РЕЗУЛЬТАТОВ ПАЛЕОМАГНИТНЫХ ИССЛЕДОВАНИЙ,2013,ru,10.7868/S0002333713050037,3633,4,2,"[section: Введение]
[page: 2]
78 ФИЗИКА ЗЕМЛИ № 6 2013 ЛАТЫШЕВ и др. щими начальные стадии магматической активноЭ сти [Домышев, 1974]. Южная краевая часть расЭ пространения вулканогенноЭосадочной толщи Т унгусской синеклизы расположена в бассейне среднего течения р. Ангары. Т уфогенные отложеЭ ния здесь представлены базальтовыми туфами, туффитами и вулканогенноЭосадочными породаЭ ми (туфопесчаниками и туфоалевролитами), изЭ начально отнесенными к нижнетриасовой корЭ вунчанской свите 1 [Домышев, 1974]. В работе [Наумов, Анкудимова, 1995] на основании состаЭ ва палинокомплексов туфогенная толща этого района выделена в самостоятельную капаевскую свиту корвунчанской серии.

Породы этой серии характеризуются существенной фациальной изЭ менчивостью; наиболее полные разрезы туфогенЭ ной толщи известны в пределах железорудных месторождений АнгароЭИлимского района [НауЭ мов, Анкудимова, 1995]. Мощность туфогенной толщи в долине р. Ангары изменяется от 50 до 300 м. Особенности туфогенных образований в данном районе по сравнению с другими районаЭ 1 Объяснительная записка к листу ОЭ48ЭVII геологической карты СССР масштаба 1 : 200 000. М. 1980. ОбъяснительЭ ная записка к листу ОЭ48ЭXIII геологической карты СССР масштаба 1 : 200000.

М.: издЭво “Недра”. 1967. ми Т унгусской синеклизы – более высокая стеЭ пень фациальной изменчивости, значительная доля ксеногенного материала в составе литоклаЭ стов с отдельными обломками палеозойских осаЭ дочных пород размером до 2–3 м, а также крутые тектонические контакты с подстилающим осаЭ дочным комплексом, часто с интрузивами долеЭ ритов и значительными амплитудами смещения [Домышев, 1974]. Возраст туфогенных отложеЭ ний района р."
41,СВИДЕТЕЛЬСТВА КРАТКИХ ИНТЕНСИВНЫХ ПИКОВ МАГМАТИЧЕСКОЙ АКТИВНОСТИ НА ЮГЕ СИБИРСКОЙ ПЛАТФОРМЫ (АНГАРО-ТАСЕЕВСКАЯ ВПАДИНА) НА ОСНОВАНИИ РЕЗУЛЬТАТОВ ПАЛЕОМАГНИТНЫХ ИССЛЕДОВАНИЙ,2013,ru,10.7868/S0002333713050037,3634,5,2,"[section: Введение]
[page: 2]
Ангары согласно объяснительным запискам к листам Г осударственной Г еологичеЭ ской Карты 1 : 200000 1 устанавливался по аналоЭ гии с корвунчанской свитой в центральной части Т унгусской синеклизы как раннетриасовый. С другой стороны, в работе [Наумов, Анкудимова, 1995] по палинокомплексам возраст туфогенной толщи был определен как татарский век верхней перми, в отличие от раннетриасовой корвунчанЭ ской свиты центральной части Т унгусской синекЭ лизы. Далее в отношении туфогенной толщи райоЭ на р.

Ангары будет использоваться термин “капаЭ евская свита”, предложенный в работе [Наумов, Анкудимова, 1995], чтобы отличать исследуемую толщу от корвунчанской свиты, распространенЭ ной повсеместно в Т унгусской синеклизе. 70° 60° 100° 120° 2 3 р. Ангара Сибирская платформа Сибирские траппы Котуй Норильск Алданский щит Братск Анабарский щит Рис. 1. Сибирская трапповая провинция. Расположение исследованных районов: 1 – Норильск; 2 – Котуй; 3 – Ангара."
41,СВИДЕТЕЛЬСТВА КРАТКИХ ИНТЕНСИВНЫХ ПИКОВ МАГМАТИЧЕСКОЙ АКТИВНОСТИ НА ЮГЕ СИБИРСКОЙ ПЛАТФОРМЫ (АНГАРО-ТАСЕЕВСКАЯ ВПАДИНА) НА ОСНОВАНИИ РЕЗУЛЬТАТОВ ПАЛЕОМАГНИТНЫХ ИССЛЕДОВАНИЙ,2013,ru,10.7868/S0002333713050037,3635,6,3,"[section: Введение]
[page: 3]
ФИЗИКА ЗЕМЛИ № 6 2013 СВИДЕТЕЛЬСТВА КРАТКИХ ИНТЕНСИВНЫХ ПИКОВ 79 По периферии зоны распространения вулкаЭ ногенной толщи Т унгусской синеклизы протягиЭ вается обширная зона распространения долериЭ товых силлов, которые выходят на поверхность главным образом на окраинах АнгароЭТасеевской впадины. На основании полевых наблюдений и анализа данных скважин выделяют 6 крупных силлов, внедренных в различные горизонты паЭ леозойских отложений [Феоктистов, 1976]: Усольский, Заярский, Т улунский, Т олстомысовЭ ский, Падунский, ЧуноЭБирюсинский (рис. 2).

Все перечисленные силлы с запада на восток подЭ нимаются в более высокие стратиграфические гоЭ ризонты, что свидетельствует о внедрении магмы с запада на восток (рис. 3). Предполагается, что локальная очаговая зона располагалась в западЭ ной части АнгароЭТасеевской впадины, а протяЭ женность пластовых интрузивов достигала 500 км [Феоктистов, 1976]. Самый нижний Усольский силл залегает в отЭ ложениях нижнего кембрия, постепенно перехоЭ дя в более высокие стратиграфические горизонты и выклиниваясь с запада на восток. Средняя мощность силла около 100 м, протяженность с заЭ пада на восток более 400 км.

На поверхность Усольский силл не выходит, однако в междуречье Ангары и Илима обнажается Заярский силл, возЭ можно, связанный с Усольским [Феоктистов, 1976; Феоктистов, 1978]. Заярский силл внедрен в нижнекембрийские отложения в 200–600 м страЭ тиграфически выше Усольского. Т улунский силл залегает в отложениях верхнего кембрия – нижнего ордовика, стратиграфически поднимаясь в восточном направлении и выходя на поверхность в междуречье Оки и Ии."
41,СВИДЕТЕЛЬСТВА КРАТКИХ ИНТЕНСИВНЫХ ПИКОВ МАГМАТИЧЕСКОЙ АКТИВНОСТИ НА ЮГЕ СИБИРСКОЙ ПЛАТФОРМЫ (АНГАРО-ТАСЕЕВСКАЯ ВПАДИНА) НА ОСНОВАНИИ РЕЗУЛЬТАТОВ ПАЛЕОМАГНИТНЫХ ИССЛЕДОВАНИЙ,2013,ru,10.7868/S0002333713050037,3636,7,3,"[section: Введение]
[page: 3]
Мощность силла составляет 90 м, а выявленная протяженЭ ность в североЭзападном направлении – до 300 км Падунский силл обнажается в западной части Иркутского амфитеатра, близ границы с ПрисаЭ янской областью, а также по южной и восточной периферии АнгароЭТасеевской впадины до г . Братска.

В центральной части АнгароЭТасеевЭ ской впадины Падунский силл залегает в отложеЭ 58° N56° N54° N Ангара Бирю са Непа Ан гара Илим Лена Ока Ката Кодинск То Ch Pa Tu U Нижняя Тунгуска 100 км 249.6 ± 1.5 Ma a1 a2–a4 a5, a6–a4 A3–A13 a9 a11 a12 a10 a8 240.4 ± 2.5/3.3 млн. лет A14, A15 A16–A18 A20 A2, A25 A19 A21 A22 A23A24 a13 a14 a15 a16 255.8 ± 4.7/5.3 млн. лет 252.0 ± 0.4 млн. лет 243.9 ± 1.4/5.8 млн. лет 254.2 ± 2.3 млн. лет 240.1 ± 1.0/2.5 млн. лет 239.1 ± 1.1/2.5 млн. лет 241.9 ± 3.7/4.3 млн. лет 241.6 ± 1.3/2.6 млн. лет a19A26–A28 a17 a18 a20, а21 a23 a24 ИяУда 242.8 ± 1.3/2.6 млн. лет Места отбора проб: UЭPb 40Ar/39Ar [Ivanov et al., 2013] al., 2005] al., 2009] [Svensen et [Патон и др., 2010] Раннетриасовые трубки взрыва Пермские и раннеЭ среднетриасовые силлы ПермоЭтриассовые туфы Палеозойский и мезозойский чехол Докембрийский Сибирской платформы Рис. 2.

Г еологическая схема исследованной территории по [Ivanov et al., 2013; Феоктистов, 1976] и расположение паЭ леомагнитных сайтов. Долеритовые силлы: U – Усольский, Tu – Т улунский, Pa – Падунский, T o – Т олстомысовский, Ch – ЧуноЭБирюсинский. фундамент"
41,СВИДЕТЕЛЬСТВА КРАТКИХ ИНТЕНСИВНЫХ ПИКОВ МАГМАТИЧЕСКОЙ АКТИВНОСТИ НА ЮГЕ СИБИРСКОЙ ПЛАТФОРМЫ (АНГАРО-ТАСЕЕВСКАЯ ВПАДИНА) НА ОСНОВАНИИ РЕЗУЛЬТАТОВ ПАЛЕОМАГНИТНЫХ ИССЛЕДОВАНИЙ,2013,ru,10.7868/S0002333713050037,3637,8,4,"[section: Введение]
[page: 4]
80 ФИЗИКА ЗЕМЛИ № 6 2013 ЛАТЫШЕВ и др. ниях нижнего ордовика, а к востоку постепенно переходит в вышележащие стратиграфические горизонты. В бассейнах р. Катанги, Непы, Ангары и Чуны силл, согласно общепринятым представлеЭ ниям, разветвляется [Феоктистов, 1976; Наумов, Анкудимова, 1995; Ivanov et al., 2009]. Т олстомыЭ совский силл, рассматриваемый как нижний апоЭ физ Падунского, [Феоктистов, 1976], выходит на поверхность в районе г . УстьЭИлимск и к востоку от р. Ангары, прорывая туфогенные отложения каЭ паевской [Наумов, Анкудимова 1995] или тутонЭ чанской и корвунчанской свит [Домышев, 1974].

Верхний силл значительно эродирован и обнажаЭ ется только в бассейне р. Непы. Протяженность Падунского и Т олстомысовского силлов превышаЭ ет 200 км, а мощность достигает 250 м [ФеоктиЭ стов, 1978; Ivanov et al., 2008]. ЧуноЭБирюсинский силл прорывает отложеЭ ния верхнего ордовика – силура и прослеживаетЭ ся в виде разрозненных останцов в междуречье Ангары и Бирюсы. По мнению некоторых исслеЭ дователей [Наумов, Анкудимова, 1995], этот силл также является апофизом Падунского силла. Данные о возрасте силлов противоречивы.

НеЭ посредственные секущие контакты между разныЭ ми силлами и другие геологические свидетельства возрастных соотношений не известны, однако Падунский, Т олстомысовский и ЧуноЭБирюсинЭ ский силлы прорываются многочисленными трубками взрыва, с которыми связаны железоЭ рудные месторождения АнгароЭИлимского райоЭ на. По одной из версий [Феоктистов, 1978], эти трубки взрыва комагматичны Усольскому силлу , на основании чего выдвигается предположение о самом молодом возрасте Усольского силла. ОднаЭ ко в работе [Наумов, Анкудимова, 1995] трубки взрыва считаются одновозрастными вмещающей их капаевской свите."
41,СВИДЕТЕЛЬСТВА КРАТКИХ ИНТЕНСИВНЫХ ПИКОВ МАГМАТИЧЕСКОЙ АКТИВНОСТИ НА ЮГЕ СИБИРСКОЙ ПЛАТФОРМЫ (АНГАРО-ТАСЕЕВСКАЯ ВПАДИНА) НА ОСНОВАНИИ РЕЗУЛЬТАТОВ ПАЛЕОМАГНИТНЫХ ИССЛЕДОВАНИЙ,2013,ru,10.7868/S0002333713050037,3638,9,4,"[section: Введение]
[page: 4]
В той же работе выдвигается предположение о синхронности формирования капаевской свиты и Падунского силла, апофизаЭ ми которого, по мнению авторов, являются Т олЭ стомысовский и ЧуноЭБирюсинский силлы. Существующие изотопные датировки также дают противоречивые результаты. На основании многочисленных KЭAr определений Г.Д. ФеоктиЭ стов [Феоктистов, 1976] выделял три фазы внедЭ рения трапповой магмы в рамках ангароЭтасеевЭ ского комплекса: 1) ЧуноЭБирюсинский силл; 2) Падунский и Т олстомысовский силлы; 3) Т уЭ лунский и Усольский силлы.

Согласно этой гипоЭ тезе, внедрение силлов на ранних стадиях трапЭ повой магматической активности происходило в верхние стратиграфические горизонты, а на более поздних – в нижние слои осадочного чехла. РазЭ брос полученных KЭAr определений достигал поЭ чти 100 млн. лет (265–179 млн. лет).

В настоящее время для силлов в АнгароЭТасеевской впадине получен ряд более надежных радиологических определений Анализ распределения возрастов позволил автоЭ рам работы [Ivanov et al., 2013] выделить два этапа интрузивного магматизма в АнгароЭТасеевской впадине: 1) конец перми–начало раннего триаса (255–249 млн. лет) и 2) конец раннего триаса– средний триас (244–239 млн. лет). Нужно отмеЭ тить, что для Падунского, Т олстомысовского и Усольского силлов получены определения изоЭ топного возраста, соответствующие как первому , так и второму этапу .

Также интересно, что все даЭ тировки, полученные UЭPb методом, укладываЭ ются в диапазон 254–249 млн. лет, в то время как большая часть 40Ar/39Ar определений – в диапазон 244–239 млн. лет, за исключением единственного возраста, полученного по Т олстомысовскому силлу – 255.8 ± 4.7/5.3 млн. лет [Ivanov et al., 2013]. МЕТОДИКА ИССЛЕДОВАНИЙ В ходе полевых работ 2010–2011 г . нами был произведен отбор палеомагнитных образцов из Т олстомысовского, Падунского и Т улунского силлов, базальтовых туфов капаевской свиты, маЭ ломощных даек долеритов и палеозойских осаЭ дочных толщ. Всего было опробовано более 60 палеомагнитных сайтов."
41,СВИДЕТЕЛЬСТВА КРАТКИХ ИНТЕНСИВНЫХ ПИКОВ МАГМАТИЧЕСКОЙ АКТИВНОСТИ НА ЮГЕ СИБИРСКОЙ ПЛАТФОРМЫ (АНГАРО-ТАСЕЕВСКАЯ ВПАДИНА) НА ОСНОВАНИИ РЕЗУЛЬТАТОВ ПАЛЕОМАГНИТНЫХ ИССЛЕДОВАНИЙ,2013,ru,10.7868/S0002333713050037,3639,10,4,"[section: Введение]
[page: 4]
Из каждого сайта отЭ биралось от 8 до 30 образцов, ориентированных с помощью горного компаса с контролем возможЭ ного влияния сильномагнитных пород на магнитЭ ную стрелку компаса. Общее количество палеоЭ магнитных образцов превысило 600. ЛабораторЭ 0 –2 –4 Глубина, км З В C J S O C S C 1 2 ЧуноЭБирюсинский силл Толстомысовский силл Падунский силл Тулунский силл Заярский силл Усольский силл CPre п Рис. 3. Схематический разрез через АнгароЭТасеевскую впадину по [Ivanov et al., 2009]."
41,СВИДЕТЕЛЬСТВА КРАТКИХ ИНТЕНСИВНЫХ ПИКОВ МАГМАТИЧЕСКОЙ АКТИВНОСТИ НА ЮГЕ СИБИРСКОЙ ПЛАТФОРМЫ (АНГАРО-ТАСЕЕВСКАЯ ВПАДИНА) НА ОСНОВАНИИ РЕЗУЛЬТАТОВ ПАЛЕОМАГНИТНЫХ ИССЛЕДОВАНИЙ,2013,ru,10.7868/S0002333713050037,3640,11,5,"[section: Введение]
[page: 5]
ФИЗИКА ЗЕМЛИ № 6 2013 СВИДЕТЕЛЬСТВА КРАТКИХ ИНТЕНСИВНЫХ ПИКОВ 81 ные палеомагнитные исследования проводились в Петромагнитной лаборатории геологического фаЭ культета МГУ имени М.В. Ломоносова, и в лабоЭ ратории Г лавного геомагнитного поля и петромагЭ нетизма ИФЗ РАН в соответствии со стандартной методикой [Zijderveld, 1967; Храмов и др., 1982; Шипунов, 1999]. Все образцы были подвергнуты детальной температурной магнитной чистке, коЭ торая в большинстве случаев выполнялась до 580– 600 °C. Число шагов чистки составляло 12–15.

Для размагничивания образцов использовались неЭ магнитные печи с величиной нескомпенсированЭ ного поля не более 5–10 нТ. Измерения остаточЭ ной намагниченности образцов производились на спинЭмагнитометрах JRЭ6 (AGICO). ОбработЭ ка измерений остаточной намагниченности выЭ полнялась при помощи пакета программ Энкина [Enkin, 1994] и Remasoft [Chadima et al., 2006], исЭ пользующих при выделении компонент намагниЭ ченности метод PCA [Kirschvink, 1980]. Расчет паЭ раметров вековых вариаций производился с исЭ пользованием пакета программ Т окс [Tauxe, 2010].

Распределение палеомагнитных направлеЭ ний по дирекционным группам осуществлялось с использованием теста обращения по [McFadden, McElhinny , 1990]. При вычислении угловых расЭ стояний между палеомагнитными полюсами учиЭ тывались неопределенности по модели [Debiche and Watson, 1995]."
41,СВИДЕТЕЛЬСТВА КРАТКИХ ИНТЕНСИВНЫХ ПИКОВ МАГМАТИЧЕСКОЙ АКТИВНОСТИ НА ЮГЕ СИБИРСКОЙ ПЛАТФОРМЫ (АНГАРО-ТАСЕЕВСКАЯ ВПАДИНА) НА ОСНОВАНИИ РЕЗУЛЬТАТОВ ПАЛЕОМАГНИТНЫХ ИССЛЕДОВАНИЙ,2013,ru,10.7868/S0002333713050037,3641,12,5,"[section: Результаты]
[page: 5]
РЕЗУЛЬТАТЫ ПАЛЕОМАГНИТНЫХ ИССЛЕДОВАНИЙ Большинство образцов траппов характеризуЭ ется ясным палеомагнитным сигналом. При темЭ пературной чистке в большинстве случаев выдеЭ ляется две компоненты естественной остаточной намагниченности. Низкотемпературная компоЭ нента, разрушающаяся до 250–320 °C, имеет наЭ правление, близкое к направлению современного магнитного поля, что позволяет предположить ее современный возраст и вязкую природу . ВысокоЭ температурная характеристическая компонента разблокируется в температурном интервале 400– °C (рис. 4).

Распределение направлений хаЭ рактеристической компоненты на уровне сайтов Ордовикские отложения, отобранные в райоЭ не г . Кодинск в двух сайтах примерно в 0.5 и 1.5 км от силла, несут высокотемпературную компоненЭ ту с направлениями, близкими к ожидаемым для ордовика Сибирской платформы [Павлов и др., 2012] и отличными от направлений трапповой компоненты. Высокотемпературная компонента размагничивается в температурном интервале 500–705 °C.

Также присутствует низкотемпературЭ ная компонента, которая в сайте, ближнем к конЭ такту с силлом, разрушается к 450–530 °C и имеет трапповые направления, а в удаленном от контакЭ та сайте разрушается к 400–500 °C и имеет направЭ ления, близкие к современным. Таким образом, мы наблюдаем трапповую перемагничивающую компоненту вблизи от силла и ее отсутствие на удалении 1.5 км от него, при отличии палеомагЭ нитных направлений вмещающих пород и трапЭ пов."
41,СВИДЕТЕЛЬСТВА КРАТКИХ ИНТЕНСИВНЫХ ПИКОВ МАГМАТИЧЕСКОЙ АКТИВНОСТИ НА ЮГЕ СИБИРСКОЙ ПЛАТФОРМЫ (АНГАРО-ТАСЕЕВСКАЯ ВПАДИНА) НА ОСНОВАНИИ РЕЗУЛЬТАТОВ ПАЛЕОМАГНИТНЫХ ИССЛЕДОВАНИЙ,2013,ru,10.7868/S0002333713050037,3642,13,5,"[section: Результаты]
[page: 5]
Такое соотношение компонент намагниченЭ ности отвечает положительному результату теста контакта и определенно указывает на отсутствие регионального перемагничивания постЭтрапповоЭ го возраста на исследуемой территории. Также об этом говорит отсутствие следов трапповой компоЭ ненты в разрезе ордовикских отложений на р. Рожкова, расположенном в долине р.

Ангара в нескольких десятках километров выше Кодинской Та б л и ц а 1 .Изотопные датировки силлов АнгароЭТасеевской впадины Объект Метод Возраст, млн. лет Источник Сайт ЧуноЭБирюсинский силл 40Ar/39Ar 241.9 ± 3.7/4.3 Ivanov et al., 2009 – Падунский силл UЭPb 254.2 ± 2.3 Патон и др., 2010 А26–А28 Падунский силл 40Ar/39Ar 241.6 ± 1.3/2.6 Ivanov et al., 2009 – Падунский силл 40Ar/39Ar 239.1 ± 1.1/2.5 Ivanov et al., 2013 а21 Т олстомысовский силл UЭPb 249.6 ± 1.5 Патон и др., 2010 а7 Т олстомысовский силл 40Ar/39Ar 255.8 ± 4.7/5.3 Ivanov et al., 2013 а13 Т олстомысовский силл 40Ar/39Ar 240.4 ± 2.5/3.3 Ivanov et al., 2009 – Т улунский силл 40Ar/39Ar 242.8 ± 1.3/2.6 Ivanov et al., 2013 а22 Т улунский силл 40Ar/39Ar 240.1 ± 1.0/2.5 Ivanov et al., 2009 а24 Усольский силл UЭPb 252.0 ± 0.4 Svensen et al., 2009 – Усольский силл 40Ar/39Ar 243.9 ± 1.4/5.8 Ivanov et al., 2005 – ИзЭза неточности принятых констант распада калияЭ40, 40Ar/39Ar датировки систематически моложе UЭPb датировок на 0.9%."
41,СВИДЕТЕЛЬСТВА КРАТКИХ ИНТЕНСИВНЫХ ПИКОВ МАГМАТИЧЕСКОЙ АКТИВНОСТИ НА ЮГЕ СИБИРСКОЙ ПЛАТФОРМЫ (АНГАРО-ТАСЕЕВСКАЯ ВПАДИНА) НА ОСНОВАНИИ РЕЗУЛЬТАТОВ ПАЛЕОМАГНИТНЫХ ИССЛЕДОВАНИЙ,2013,ru,10.7868/S0002333713050037,3643,14,5,"[section: Результаты]
[page: 5]
Соответственно для прямого сопоставления датировок полученных разным методом следует к 40Ar/39Ar датировкам прибавлять ~2.3 млн. лет (см. [Патон и др., 2010; Ivanov et al., 2013] и ссылки в этих работах). 6"
41,СВИДЕТЕЛЬСТВА КРАТКИХ ИНТЕНСИВНЫХ ПИКОВ МАГМАТИЧЕСКОЙ АКТИВНОСТИ НА ЮГЕ СИБИРСКОЙ ПЛАТФОРМЫ (АНГАРО-ТАСЕЕВСКАЯ ВПАДИНА) НА ОСНОВАНИИ РЕЗУЛЬТАТОВ ПАЛЕОМАГНИТНЫХ ИССЛЕДОВАНИЙ,2013,ru,10.7868/S0002333713050037,3644,15,6,"[section: Результаты]
[page: 6]
82 ФИЗИКА ЗЕМЛИ № 6 2013 ЛАТЫШЕВ и др. 380 W E NпUp S Down 600°C 120°C 190 WE 560°C Тулунский силл Туфы капаевской свиты (р. Ката) Толстомысовский силл Ордовикские осадочные породы 334 580°C 62 590°C 705°C Рис. 4. Типичные диаграммы Зийдервельда для изученных объектов. плотины в пределах области распространения Т олЭ стомысовского силла [Павлов и др., 2012]."
41,СВИДЕТЕЛЬСТВА КРАТКИХ ИНТЕНСИВНЫХ ПИКОВ МАГМАТИЧЕСКОЙ АКТИВНОСТИ НА ЮГЕ СИБИРСКОЙ ПЛАТФОРМЫ (АНГАРО-ТАСЕЕВСКАЯ ВПАДИНА) НА ОСНОВАНИИ РЕЗУЛЬТАТОВ ПАЛЕОМАГНИТНЫХ ИССЛЕДОВАНИЙ,2013,ru,10.7868/S0002333713050037,3645,16,6,"[section: Обсуждение]
[page: 6]
ОБСУЖДЕНИЕ РЕЗУЛЬТАТОВ Группировка палеомагнитных направлений Анализ распределения средних палеомагнитЭ ных направлений по сайтам позволяет выделить три представительные группы сайтов со статистиЭ чески неразличимыми направлениями внутри групп, а также несколько отдельных сайтов с наЭ правлениями, значимо отличающимися от смежЭ учитывалось их географическое положение и поЭ зиция в геологической структуре района (рис. 2). В первую группу вошли сайты, отобранные из Т олстомысовского силла в районе г . Кодинск, в долине р. Ангары от г . УстьЭИлимск до устья р.

Каты, а также из туфов капаевской свиты и проЭ рывающих их мелких даек в районе устья р. Каты (всего 36 сайтов, расположенных вдоль р. АнгаЭ ры; расстояние между крайними сайтами превыЭ шает 200 км). Вторая группа сайтов соответствует Падунскому силлу и включает 6 сайтов в районе г . Братск и пос. Вихоревка. Т ретья группа (10 сайтов в районе г . Т улун и с. КлючиЭБулак) соответствует Т улунскому силлу . Все образцы из первой группы (“Т олстомысовский силл”) намагничены в пряЭ мой полярности, из второй и третьей групп (ПаЭ дунский и Т улунский силлы) – в обратной полярЭ ности.

Разная полярность пород Т олстомысовЭ ского и Падунского силлов противоречит существующим представлениям об одновременЭ ности их формирования [Феоктистов, 1978]. НеЭ одной группе, поскольку их палеомагнитные наЭ правления существенно отличались от направлеЭ ний смежных сайтов. Средние полюсы, рассчитанные для Т улунскоЭ го и Падунского силлов и для Т олстомысовского силла вместе с туфами капаевской свиты и мелкиЭ ми дайками в районе устья р. Каты, значимо разЭ личаются, а их овалы доверия не перекрываются (рис. 5а)."
41,СВИДЕТЕЛЬСТВА КРАТКИХ ИНТЕНСИВНЫХ ПИКОВ МАГМАТИЧЕСКОЙ АКТИВНОСТИ НА ЮГЕ СИБИРСКОЙ ПЛАТФОРМЫ (АНГАРО-ТАСЕЕВСКАЯ ВПАДИНА) НА ОСНОВАНИИ РЕЗУЛЬТАТОВ ПАЛЕОМАГНИТНЫХ ИССЛЕДОВАНИЙ,2013,ru,10.7868/S0002333713050037,3646,17,6,"[section: Обсуждение]
[page: 6]
Этот факт демонстрирует, что три выдеЭ ленных группы сайтов соответствуют трем разноЭ временным магматическим событиям, приведЭ шим к внедрению крупных долеритовых силлов, а в случае группы 1 – внедрению Т олстомысовЭ ского силла и одновременному извержению туЭ фов капаевской свиты. Существует вероятность перемагничивания вмещающих пород, включая туфы капаевской свиты, при внедрении мощного Т олстомысовского силла, однако отсутствие трапповых направлений в ордовикских отложеЭ ниях сайта а6 и разреза р.

Рожкова [Павлов и др.. 2012] свидетельствует о том, что регионального прогрева территории, который необходим для полного перемагничивания туфов на опробованЭ ной площади (около 2000 км 2), не было. Полученные значения разброса виртуальных геомагнитных полюсов, рассчитанных для обраЭ зующих группы сайтов, для всех трех групп заметЭ но ниже величины вековых вариаций согласно модели [Tauxe and Kent, 2004] (рис. 6).

Это свидеЭ тельствует о том, что формирование Т олстомыЭ совского, Падунского и Т улунского силлов проЭ исходило в течение времени, не достаточного для осреднения вековых вариаций, то есть не превыЭ шающего 10–100 тыс. лет [Tauxe, 2010]. Кроме тоЭ го, в случае осреднения вековых вариаций при формировании любого из силлов закономерно было бы ожидать совпадения среднего полюса этого силла с палеомагнитным полюсом СибирЭ ской платформы для рубежа перми и триаса.

ОтЭ личие средних полюсов Т улунского и Т олстомыЭ совского силлов от пермоЭтриасового траппового полюса NMK Сибирской платформы на границе перми и триаса [Pavlov et al., 2011] является доЭ полнительным указанием на отсутствие осреднеЭ ния вековых вариаций в этих силлах."
41,СВИДЕТЕЛЬСТВА КРАТКИХ ИНТЕНСИВНЫХ ПИКОВ МАГМАТИЧЕСКОЙ АКТИВНОСТИ НА ЮГЕ СИБИРСКОЙ ПЛАТФОРМЫ (АНГАРО-ТАСЕЕВСКАЯ ВПАДИНА) НА ОСНОВАНИИ РЕЗУЛЬТАТОВ ПАЛЕОМАГНИТНЫХ ИССЛЕДОВАНИЙ,2013,ru,10.7868/S0002333713050037,3647,18,7,"[section: Обсуждение]
[page: 7]
ФИЗИКА ЗЕМЛИ № 6 2013 СВИДЕТЕЛЬСТВА КРАТКИХ ИНТЕНСИВНЫХ ПИКОВ 83 Та б л и ц а 2 .Палеомагнитные направления по сайтам и средние полюса для выделенных групп ( n – количество образцов в сайте; N – количество сайтов, используемых при вычислении среднего полюса) 1. Т олстомысовский силл Силл возле Кодинской плотины, lat = 58°42–43′, long = 99.9°–11′ (Т олстомысовский силл) Сайт n/ND I K α95 среднее 8 48.7 82.9 1237 1.6 Полюс: Plat = 65.8, Plong = 125.5, A95 = 3.1 Силлы и дайки в районе устья р. Каты, lat 58°44–54′, long = 102°17–41′ среднее 9 116.6 84.9 820.4 1.8 Полюс: Plat = 53.3, Plong = 117.7, A95 = 3.5 Силл между УстьЭИлимском и устьем р.

Каты, lat = 58°03–32′, long = 102°45 среднее 5 98.6 87.4 223.4 3.2 Полюс: Plat = 57.2, Plong = 112.2, A95 = 6.4 Силл на южной окраине УстьЭИлимска, lat = 57°59′, long = 102°38′ среднее 7 125.6 88.2 250 3.8 6*"
41,СВИДЕТЕЛЬСТВА КРАТКИХ ИНТЕНСИВНЫХ ПИКОВ МАГМАТИЧЕСКОЙ АКТИВНОСТИ НА ЮГЕ СИБИРСКОЙ ПЛАТФОРМЫ (АНГАРО-ТАСЕЕВСКАЯ ВПАДИНА) НА ОСНОВАНИИ РЕЗУЛЬТАТОВ ПАЛЕОМАГНИТНЫХ ИССЛЕДОВАНИЙ,2013,ru,10.7868/S0002333713050037,3648,19,8,"[section: Обсуждение]
[page: 8]
84 ФИЗИКА ЗЕМЛИ № 6 2013 ЛАТЫШЕВ и др. Та б л и ц а 2 .Продолжение Полюс: Plat = 58.4, Plong = 107.5, A95 = 7.6 Т уфы в районе устья р. Каты, lat 58°48–56′, long = 102°07–39° среднее 8 101.1 83.4 325.2 3.1 Полюс: Plat = 54.2, Plong = 124.6, A95 = 6.0 Среднее палеомагнитное направление для группы 1: N = 5; D = 90.9; I = 85.9; K = 563.4; α95 = 3.2. Средний полюс для группы 1: N = 5 Plat = 57.4, Plong = 117.1, A95 = 4.0 Средние координаты: long = 101.8; lat = 58.5 2. Падунский силл Силл в районе Братской плотины и в пос.

Вихоревка, lat = 56°05–17′, long = 101°12–49′ (Падунский силл) Сайт n/N DI K α95 среднее 6 268.6 –79 617 2.7 Средний полюс для группы 2: Plong = 136.8, Plat = 51.2, A95 = 5 Средние координаты: long = 101.5; lat = 56.2 3. Т улунский силл Силл близ с. КлючиЭБулак и г . Т улун, lat = 55°31–35′, long 100°35′–101°42′ (Т улунский силл) среднее 10 261.4 –63.0 72.0 5.7"
41,СВИДЕТЕЛЬСТВА КРАТКИХ ИНТЕНСИВНЫХ ПИКОВ МАГМАТИЧЕСКОЙ АКТИВНОСТИ НА ЮГЕ СИБИРСКОЙ ПЛАТФОРМЫ (АНГАРО-ТАСЕЕВСКАЯ ВПАДИНА) НА ОСНОВАНИИ РЕЗУЛЬТАТОВ ПАЛЕОМАГНИТНЫХ ИССЛЕДОВАНИЙ,2013,ru,10.7868/S0002333713050037,3649,20,9,"[section: Обсуждение]
[page: 9]
ФИЗИКА ЗЕМЛИ № 6 2013 СВИДЕТЕЛЬСТВА КРАТКИХ ИНТЕНСИВНЫХ ПИКОВ 85 Отметим, что овалы доверия для полюсов ПаЭ дунского силла и ожидаемого для Сибирской платформы перекрываются (рис. 5а), что, однако, недостаточно, для того, чтобы считать, что в наЭ магниченности пород Падунского силла вариаЭ ции усреднены. В то же время средний полюс, рассчитанный по трем силлам, близок к полюсу NMK для СиЭ бирской платформы [Pavlov et al., 2011], при этом овал доверия alfa 95 слишком велик (29.3 °) для тоЭ го, чтобы этот полюс можно было использовать, например, для палеотектонических реконструкЭ ций.

При расчете среднего полюса по трем силЭ лам и сайтам с индивидуальными направленияЭ ми, не входящим в выделенные дирекционные группы (с одинаковым весом всех объектов), оваЭ лы доверия полюса NMK и полученного полюса перекрываются.

При этом alfa 95 для рассчитанноЭ го полюса заметно меньше (10.7 °), чем в предыдуЭ щем случае (рис. 5б), а разброс виртуальных геоЭ магнитных полюсов S согласуется с моделью Та б л и ц а 2 .Окончание Средний полюс для группы 3: Plat = 39.7, Plong = 167.0, A95 = 7.9 Средние координаты: long = 100.6; lat = 55.6 Средний полюс для трех групп (Т олстомысовский, Падунский, Т улунский силлы): Plat = 51.3, Plong = 143.3, A95 = 28.9 Нижнеордовикские осадочные породы из двух обнажений близ контакта Т олстомысовского силла в районе Кодинской плотины a5+6 Сайт n/ND IK α95 a5Э6 высокотемпературная компонента 12 328.0 33.6 12.9 12.6 Низкотемпературная трапповая комЭ понента (сайт, ближайший к силлу) Низкотемпературная современная компонента (удаленный сайт) 6 336.4 68.3 27.8 12.9 Индивидуальные направления по сайтам, не отнесенным ни к одной из групп Силл на шоссе БогучаныЭКрасноярск a1 59°10′ N, 97°23′ E 14 255.2 –64.6 81.7 4.4 Силл на шоссе КодинскЭБратск a8 10 165.2 84.3 214.5 3.3 a9 58°24′ N, 99°17′ E 10 119.1 63.6 68.9 5.9 a10 58°34′ N, 99°10′ E 8 46.6 –83.1 146.5 4,6 a11 58°35′ N, 99°10′ E 9 40.6 82.1 137.1 4.4 a12 58°40′ N, 99°09′ E 4 286.5 –69.0 165.3 7.2 Силлы и туфы на шоссе УстьЭИлимскЭБратск a14 (туфы) 57°46′ N, 102°25′ E 14 223.4 –80.3 216.4 2.7 a16 57°11′ N, 101°51′ E 12 233.8 –79.3 49.3 6.9 Силлы в районе г ."
41,СВИДЕТЕЛЬСТВА КРАТКИХ ИНТЕНСИВНЫХ ПИКОВ МАГМАТИЧЕСКОЙ АКТИВНОСТИ НА ЮГЕ СИБИРСКОЙ ПЛАТФОРМЫ (АНГАРО-ТАСЕЕВСКАЯ ВПАДИНА) НА ОСНОВАНИИ РЕЗУЛЬТАТОВ ПАЛЕОМАГНИТНЫХ ИССЛЕДОВАНИЙ,2013,ru,10.7868/S0002333713050037,3650,21,9,"[section: Обсуждение]
[page: 9]
Братск и пос. Вихоревка Средний полюс для всех объектов: Plat = 51.4, Plong = 133.1, A95 = 11.7"
41,СВИДЕТЕЛЬСТВА КРАТКИХ ИНТЕНСИВНЫХ ПИКОВ МАГМАТИЧЕСКОЙ АКТИВНОСТИ НА ЮГЕ СИБИРСКОЙ ПЛАТФОРМЫ (АНГАРО-ТАСЕЕВСКАЯ ВПАДИНА) НА ОСНОВАНИИ РЕЗУЛЬТАТОВ ПАЛЕОМАГНИТНЫХ ИССЛЕДОВАНИЙ,2013,ru,10.7868/S0002333713050037,3651,22,10,"[section: Обсуждение]
[page: 10]
86 ФИЗИКА ЗЕМЛИ № 6 2013 ЛАТЫШЕВ и др. [Tauxe and Kent, 2004]. Последнее является аргуЭ ментом в пользу осреднения вековых вариаций в течение временного интервала, охватывающего формирование всех исследованных интрузивных тел и туфовых пачек. Это дает нам основания предЭ полагать, что три крупных и кратковременных магматических события, выраженные в формироЭ вании долеритовых силлов, произошли на фоне более длительной вялотекущей магматической активности, приведшей к формированию магмаЭ тических объектов с индивидуальными палеомагЭ нитными направлениями.

Эти объекты могут представлять собой мелкие интрузивные тела, ошибочно отнесенные к Т олстомысовскому или Падунскому силлам. Кроме того, помимо туфогенЭ ной толщи, сформировавшейся одновременно с Т олстомысовским силлом, в районе р. Ангары в меньших количествах присутствуют продукты изЭ вержений, происходивших не синхронно с основЭ ным пиком вулканизма (туфы в долине р. БадарЭ мы, сайт а14).

Сравнение с геохронологическими данными Ряд сайтов был опробован в точках отбора проб на геохронологическое датирование воляют проверить предложенное на основании датировок изотопного возраста в работе [Ivanov et al., 2013] выделение двух пиков магматической активности с учетом палеомагнитных данных. Так, образцы из сайтов а22 и а24 (Т улунский силл) демонстрируют очень близкие палеомагнитные направления, что свидетельствует о синхронности формирования долеритов в этих точках."
41,СВИДЕТЕЛЬСТВА КРАТКИХ ИНТЕНСИВНЫХ ПИКОВ МАГМАТИЧЕСКОЙ АКТИВНОСТИ НА ЮГЕ СИБИРСКОЙ ПЛАТФОРМЫ (АНГАРО-ТАСЕЕВСКАЯ ВПАДИНА) НА ОСНОВАНИИ РЕЗУЛЬТАТОВ ПАЛЕОМАГНИТНЫХ ИССЛЕДОВАНИЙ,2013,ru,10.7868/S0002333713050037,3652,23,10,"[section: Обсуждение]
[page: 10]
Это не противоречит имеющимся 40Ar/39Ar определениям возраста из этих сайтов, доверительные интервалы которых перекрываются: 242.8 ± 1.3/2.6 млн. лет [Ivanov et al., 2013] и 240.1 ± 1.0/2.5 млн. лет [Ivanov et al., 2009] соответственно. Сайты а7 и а13, лежаЭ щие в пределах Т олстомысовского силла, также имеют близкие палеомагнитные направления и датировки изотопного возраста с перекрывающиЭ мися доверительными интервалами: 249.6 ± ± 1.5 млн. лет [Патон и др., 2010] и 255.8 ± ± 4.7/5.3 млн. лет [Ivanov et al., 2013] соответЭ ственно."
41,СВИДЕТЕЛЬСТВА КРАТКИХ ИНТЕНСИВНЫХ ПИКОВ МАГМАТИЧЕСКОЙ АКТИВНОСТИ НА ЮГЕ СИБИРСКОЙ ПЛАТФОРМЫ (АНГАРО-ТАСЕЕВСКАЯ ВПАДИНА) НА ОСНОВАНИИ РЕЗУЛЬТАТОВ ПАЛЕОМАГНИТНЫХ ИССЛЕДОВАНИЙ,2013,ru,10.7868/S0002333713050037,3653,24,10,"[section: Обсуждение]
[page: 10]
К этой же дирекционной группе приЭ надлежат туфогенные образования капаевской свиты и мелкие субвулканические тела, вероятно, комагматичные им, по 7 сайтам в районе устья (а) 0 180 901 2 3 4 5 5 6 90 Средний полюс для 3 силлов: Plat = 51.3°; Plong = 143.3°; A95 = 28.9° Средний полюс для всех сайтов: Plat = 51.4°; Plong = 133.1°; A95 = 11.7° Рис. 5. (а) – средние полюса для силлов: Т олстомысовского (1), Падунского (2), Т улунского (3) и средний полюс для трех силлов (4).

Сравнение среднего полюса по силлам с пермоЭтриасовым палеомагитным полюсом NMK (5) для СиЭ бирской платформы [Pavlov et al., 2011]; (б) – сравнение полюса NMK (5) со средним полюсом для всех исследованных объектов (6): 1) полюса 5 и 6 близки; 2) alfa95 меньше, чем в случае (а). 24 18 16 14 10 8 6 4 804020 0 60 Тулунский силл Толстомысовский силл Падунский силл Широта, град 22 20 12 S Все объекты Рис. 6. Разброс виртуальных геомагнитных полюсов для Падунского, Т улунского, Т олстомысовского силЭ лов и среднего полюса по всем объектам. ЗависиЭ мость разброса VGP от широты согласно модели [McElhinny and McFadden, 1997; Tauxe and Kent, 2004]."
41,СВИДЕТЕЛЬСТВА КРАТКИХ ИНТЕНСИВНЫХ ПИКОВ МАГМАТИЧЕСКОЙ АКТИВНОСТИ НА ЮГЕ СИБИРСКОЙ ПЛАТФОРМЫ (АНГАРО-ТАСЕЕВСКАЯ ВПАДИНА) НА ОСНОВАНИИ РЕЗУЛЬТАТОВ ПАЛЕОМАГНИТНЫХ ИССЛЕДОВАНИЙ,2013,ru,10.7868/S0002333713050037,3654,25,11,"[section: Обсуждение]
[page: 11]
ФИЗИКА ЗЕМЛИ № 6 2013 СВИДЕТЕЛЬСТВА КРАТКИХ ИНТЕНСИВНЫХ ПИКОВ 87 р. Каты демонстрирующие близкие палеомагнитЭ ные направления. При этом позднепермский возЭ раст капаевской свиты, полученный на основаЭ нии анализа палинокомплексов [Наумов, АнкуЭ димова, 1995], вступает в противоречие с датировкой 249.6 ± 1 . 5 м л н . л е т [ П а т о н и д р . , 2010], более молодой, чем граница перми и триаса 252.6 ± 0.2 млн. лет [Metcalfe, Isozaki, 2009].

УчиЭ тывая противоречивость палеонтологических и геохронологических данных, можно установить диапазон времени магматического события, соотЭ ветствующего выделенной дирекционной группе 1 (Т олстомысовский силл), как конец поздней перЭ ми – начало раннего триаса, при этом длительЭ ность самого события не превышала 10–100 тыс. лет (отсутствие осреднения вековых вариаций). Нужно отметить, что для Т олстомысовского силла также существует 40Ar/39Ar определение, дающее среднетриасовый возраст 240.4 ± 2.5/3.3 млн. лет [Ivanov et al., 2009].

Один из возможных вариантов объяснения этого факта – ошибочное отнесение датированных пород к Т олстомысовскому силлу . По Падунскому силлу получены палеомагЭ нитные результаты из точек с существенно разЭ личающимися изотопными возрастами: 254.2 ± ± 2.3 млн. лет [Патон и др., 2010; сайт А26ЭА28; UЭPb метод] и 239.1 ± 1.1/2.5 млн. лет [Ivanov et al., 2013; сайт а21; 40Ar/39Ar метод]. Т ем не менее, средние палеомагнитные направления в соответЭ ствующих сайтах статистически неразличимы, что указывает на их одновозрастность."
41,СВИДЕТЕЛЬСТВА КРАТКИХ ИНТЕНСИВНЫХ ПИКОВ МАГМАТИЧЕСКОЙ АКТИВНОСТИ НА ЮГЕ СИБИРСКОЙ ПЛАТФОРМЫ (АНГАРО-ТАСЕЕВСКАЯ ВПАДИНА) НА ОСНОВАНИИ РЕЗУЛЬТАТОВ ПАЛЕОМАГНИТНЫХ ИССЛЕДОВАНИЙ,2013,ru,10.7868/S0002333713050037,3655,26,11,"[section: Обсуждение]
[page: 11]
Это можно объяснить двумя способами: 1) как минимум одна из имеющихся датировок не отражает времени формирования силла или 2) породы из сайта А26–А28 с позднепермским возрастом были пеЭ ремагничены при внедрении более молодых средЭ нетриасовых долеритов (сайт а21), для чего необЭ ходим прогрев до температуры более 600 °С. ОдЭ нако статистически незначительная, но заметная разница средних палеомагнитных направлений по сайтам А26–А28 и а21 является аргументом в пользу первичности намагниченности, поскольЭ ку в случае перемагничивания направления должны быть идентичны друг другу в пределах ошибки определения."
41,СВИДЕТЕЛЬСТВА КРАТКИХ ИНТЕНСИВНЫХ ПИКОВ МАГМАТИЧЕСКОЙ АКТИВНОСТИ НА ЮГЕ СИБИРСКОЙ ПЛАТФОРМЫ (АНГАРО-ТАСЕЕВСКАЯ ВПАДИНА) НА ОСНОВАНИИ РЕЗУЛЬТАТОВ ПАЛЕОМАГНИТНЫХ ИССЛЕДОВАНИЙ,2013,ru,10.7868/S0002333713050037,3656,27,11,"[section: Обсуждение]
[page: 11]
Сопоставление с данными по Норильской и Маймеча-Котуйской трапповым провинциям С целью корреляции магматических событий в АнгароЭТасеевской впадине и на севере СибирЭ ской платформы было проведено сравнение средЭ них полюсов, рассчитанных для Т олстомысовЭ ского, Падунского и Т улунского силлов, с полюЭ сами, рассчитанными для вулканических пульсов лавовых разрезов Норильского и МаймечаЭКоЭ туйского районов [Павлов и др., 2011]. Расчет угЭ полюс для Т олстомысовского силла оказался статистически неразличим с полюсами трех вулЭ канических пульсов из лавового разреза р. Котуй (P4, P8, P9 из арыджангской свиты).

Во всем лаЭ вовом разрезе Норильска (Сундук–Икон–АбаЭ галах) Т олстомысовский силл имеет незначимую угловую разницу только с пульсом Р13, включаюЭ щим лавовые потоки моронговской свиты. БлиЭ зость полюсов указывает на возможность синЭ хронного формирования Т олстомысовского силЭ ла с любым из вышеупомянутых вулканических пульсов, однако следует учитывать вероятность попадания полюса в одно и то же место в разное время.

Т ем не менее, UЭPb возраст, полученный по Т олстомысовскому силлу (249.6 ± 1.5 млн. лет – [Патон и др., 2010]) перекрывается с датировкой по интрузиву НорильскЭ1, считающемуся одноЭ возрастным моронговской свите (251.2 ± 0.3 млн. лет, UЭPb метод – [Kamo et al., 2003]) и близок к датиЭ ровке по арыджангской свите (251.7 ± 0.4 млн. лет, UЭPb метод – [Kamo et al., 2003]), что свидетельЭ Та б л и ц а 3 .Угловая разница между полюсами силлов и вулканических пульсов, выделенных в лавовых разрезах Норильского и МаймечаЭКотуйского районов в работе [Павлов и др., 2011] Силл Т олстомысовский силл Падунский силл Т улунский силл Свита пульс Арыджангская свита Р4 2.7 ° ± 6.1° Р8 5.4 ° ± 7.1° Р9 4.1 ° ± 8.5° Онкучакская свита P11 5.8 ± 8.4° P12 5.0 ° ± 7.0° P14 2.7 ± 5.7° Ивакинская свита Р1Е 6.2 ° ± 6.5° Моронговская свита Р13 8.6 ° ± 10.1°"
41,СВИДЕТЕЛЬСТВА КРАТКИХ ИНТЕНСИВНЫХ ПИКОВ МАГМАТИЧЕСКОЙ АКТИВНОСТИ НА ЮГЕ СИБИРСКОЙ ПЛАТФОРМЫ (АНГАРО-ТАСЕЕВСКАЯ ВПАДИНА) НА ОСНОВАНИИ РЕЗУЛЬТАТОВ ПАЛЕОМАГНИТНЫХ ИССЛЕДОВАНИЙ,2013,ru,10.7868/S0002333713050037,3657,28,12,"[section: Обсуждение]
[page: 12]
88 ФИЗИКА ЗЕМЛИ № 6 2013 ЛАТЫШЕВ и др. ствует о близости времени их формирования. Кроме того, согласно предлагаемой в работе 2 схеЭ ме корреляции эффузивных траппов МаймечаЭ Котуйского и Норильского районов арыджангЭ ская свита сопоставляется с моронговскоЭмокуЭ лаевским уровнем. Все это является аргументами в пользу сопоставления Т олстомысовского силла и комагматичной ему капаевской свиты с моронЭ говской свитой в норильском разрезе и арыдЭ жангской свитой в котуйском разрезе, а также раннетриасового возраста капаевской свиты и Т олстомысовского силла.

Падунский силл имеет статистически неразлиЭ чимые полюсы с двумя вулканическими пульсаЭ ми в разрезе р. Котуй (P11 и Р14 в онкучакской свите). С большей частью норильского разреза Падунский силл сопоставить не удается изЭза отЭ сутствия пульсов, намагниченных в обратной поЭ лярности, за исключением ивакинской свиты, а у пульсов ивакинской свиты угловая разница поЭ люсов с полюсом по Падунскому силлу слишком велика.

Существующая UЭPb датировка по ПаЭ дунскому силлу [Патон и др., 2010] с учетом довеЭ рительных интервалов попадает в диапазон межЭ ду UЭPb возрастами по арыджангской и дельканЭ ской свитам МаймечаЭКотуйского района [Kamo et al., 2003] и, следовательно, не противоречит возможной одновозрастности Падунского силла и онкучакской свиты. С другой стороны, если учитывать возможность совпадения разновреЭ менных полюсов, близость полюсов Падунского силла и пульсов онкучакской свиты может носить и случайный характер."
41,СВИДЕТЕЛЬСТВА КРАТКИХ ИНТЕНСИВНЫХ ПИКОВ МАГМАТИЧЕСКОЙ АКТИВНОСТИ НА ЮГЕ СИБИРСКОЙ ПЛАТФОРМЫ (АНГАРО-ТАСЕЕВСКАЯ ВПАДИНА) НА ОСНОВАНИИ РЕЗУЛЬТАТОВ ПАЛЕОМАГНИТНЫХ ИССЛЕДОВАНИЙ,2013,ru,10.7868/S0002333713050037,3658,29,12,"[section: Обсуждение]
[page: 12]
Следовательно, наши данЭ ные не позволяют полностью исключить возможЭ ность среднетриасового возраста Падунского силла, установленного 40Ar/39Ar датировками [Ivanov et al., 2009; Ivanov et al., 2013]. Т улунский силл имеет статистически неразлиЭ чимые полюсы с пульсом Р12 онкучакской свиты в разрезе р. Котуй и пульсом P1 ивакинской свиЭ ты в разрезе Ергалах Норильского района.

Нужно отметить, что вариант, при котором все три этих магматических события являются синхронными, исключен, поскольку ивакинская свита по палеЭ онтологическим данным имеет позднепермский возраст, 3 а онкучакская свита залегает на арыдЭ жангской, датированной ранним триасом по паЭ леонтологическим и геохронологическим данЭ ным [Иванов, 1959; Kamo et al., 2003]. Также 2 Фетисова А.М., Веселовский Р.В., Латышев А.В., Радько В.А., Павлов В.Э. Магнитная стратиграфия пермоЭтриасовых траппов долины реки Котуй в свете новых палеомагнитных данных // Стратиграфия.

Г еологическая корреляция (в пеЭ чати). 3 Объяснительная записка к Г осударственной геологической карте Российской Федерации масштаба 1 : 1000000 (новая серия). Лист RЭ(45)Э47ЭНорильск. СанктЭПетерЭ бург: издЭво ВСЕГЕИ. 2000. 479 с. этотвариант противоречит вышеупомянутой схеЭ Котуйского и Норильского районов 2, согласно которой ивакинская и онкучакская свиты отвечаЭ ют разным временным уровням."
41,СВИДЕТЕЛЬСТВА КРАТКИХ ИНТЕНСИВНЫХ ПИКОВ МАГМАТИЧЕСКОЙ АКТИВНОСТИ НА ЮГЕ СИБИРСКОЙ ПЛАТФОРМЫ (АНГАРО-ТАСЕЕВСКАЯ ВПАДИНА) НА ОСНОВАНИИ РЕЗУЛЬТАТОВ ПАЛЕОМАГНИТНЫХ ИССЛЕДОВАНИЙ,2013,ru,10.7868/S0002333713050037,3659,30,12,"[section: Обсуждение]
[page: 12]
Кроме того, по Т улунскому силлу имеются только 40Ar/39Ar датиЭ ровки, дающие среднетриасовый возраст [Ivanov et al., 2013; Ivanov et al., 2009], что также вступает в противоречие с корреляцией Т улунского силла с любым из пульсов Норильского и МаймечаЭКоЭ туйского районов, поскольку ни ивакинская, ни онкучакская свита не могут быть отнесены к среднему триасу изЭза наличия раннетриасовых датировок в вышележащих свитах [Kamo et al., 2003].

Таким образом, полученных данных на наЭ стоящий момент недостаточно, для того, чтобы уверенно выбрать какойЭлибо из возможных ваЭ риантов сопоставления Т улунского силла с трапЭ пами севера Сибирской платформы."
41,СВИДЕТЕЛЬСТВА КРАТКИХ ИНТЕНСИВНЫХ ПИКОВ МАГМАТИЧЕСКОЙ АКТИВНОСТИ НА ЮГЕ СИБИРСКОЙ ПЛАТФОРМЫ (АНГАРО-ТАСЕЕВСКАЯ ВПАДИНА) НА ОСНОВАНИИ РЕЗУЛЬТАТОВ ПАЛЕОМАГНИТНЫХ ИССЛЕДОВАНИЙ,2013,ru,10.7868/S0002333713050037,3660,31,12,"[section: Выводы]
[page: 12]
ВЫВОДЫ Полученные результаты палеомагнитных исЭ следований в совокупности с имеющимися геоЭ логическими, геохронологическими и палеонтоЭ логическими данными свидетельствуют о том, что в истории формирования пермоЭтриасовых траппов южной части Сибирской платформы (АнгароЭТасеевская впадина) выделяются три крупных магматических события, происходивЭ ших в течение краткого, в геологическом смысле, времени: 1) внедрение Т олстомысовского силла и изверЭ жение туфов капаевской свиты в районе р. АнгаЭ ры близ устья р. Каты; 2) внедрение Падунского силла; 3) внедрение Т улунского силла.

Анализ имеющихся палеомагнитных, геохроЭ нологических и палеонтологических данных укаЭ зывает на раннетриасовый возраст Т олстомысовЭ ского силла и капаевской свиты. О времени форЭ мирования Падунского силла сложно судить изЭ за противоречивости изотопных датировок, однаЭ ко представление о синхронности формирования Падунского и Т олстомысовского силлов опроверЭ гается разной полярностью средних направлений характеристической компоненты намагниченноЭ сти.

Полученные палеомагнитные данные свидеЭ тельствуют, что при картировании Т олстомысовЭ ского и Падунского силлов к одному и тому же силлу зачастую относили разновозрастные магЭ матические тела, а некоторые из опубликованных радиоизотопных датировок могут быть ошибочЭ ными. Внедрение Т улунского силла, согласно изотопным датировкам, происходило в среднеЭ триасовое время, при этом полученные нами ноЭ вые палеомагнитные данные не дают какихЭлибо дополнительных ограничений на возраст этого"
41,СВИДЕТЕЛЬСТВА КРАТКИХ ИНТЕНСИВНЫХ ПИКОВ МАГМАТИЧЕСКОЙ АКТИВНОСТИ НА ЮГЕ СИБИРСКОЙ ПЛАТФОРМЫ (АНГАРО-ТАСЕЕВСКАЯ ВПАДИНА) НА ОСНОВАНИИ РЕЗУЛЬТАТОВ ПАЛЕОМАГНИТНЫХ ИССЛЕДОВАНИЙ,2013,ru,10.7868/S0002333713050037,3661,32,13,"[section: Выводы]
[page: 13]
ФИЗИКА ЗЕМЛИ № 6 2013 СВИДЕТЕЛЬСТВА КРАТКИХ ИНТЕНСИВНЫХ ПИКОВ 89 события. Эти три кратких мощных эпизода магЭ матической активности произошли на фоне длиЭ тельного менее интенсивного магматизма, котоЭ рый проявился в формировании мелких интруЭ зивных тел и туфовых пачек. О положении в этой модели Усольского и ЧуноЭБирюсинского силлов нельзя судить по причине отсутствия палеомагЭ нитных данных по ним. Возможно, каждому из этих силлов также соответствует отдельный пик магматической активности. Авторы выражают благодарность Г.З. Г урарию за рецензирование и замечания к статье. Работа выполнена при поддержке NSF , проект EARЭ 0807585, и РФФИ, гранты № 12Э05Э00403Эа, 00235."
